company_name,ticker,country,exchange,currency,source,source_sector,source_industry,research_sector,market_cap,research_status,target_price,target_currency,last_report_date,active,source_status,first_seen,last_seen,review_note
"Caterpillar, Inc.",CAT,United States,NYSE,USD,TRADINGVIEW_SCREENER,Producer Manufacturing,Trucks/Construction/Farm Machinery,CONSTRUCTION_EQUIPMENT,405272348829.90686,UNDEFINED,,USD,,TRUE,PRESENT,2026-08-18,2026-08-18,Auto-classified by company-name keyword; review once.
Deere & Company,DE,United States,BMV,MXN,TRADINGVIEW_SCREENER,Producer Manufacturing,Trucks/Construction/Farm Machinery,CONSTRUCTION_EQUIPMENT,164351403123,UNDEFINED,,MXN,,TRUE,PRESENT,2026-08-18,2026-08-18,Auto-classified by company-name keyword; review once.
Komatsu Ltd.,KOMT,Japan,VIE,EUR,TRADINGVIEW_SCREENER,Producer Manufacturing,Trucks/Construction/Farm Machinery,CONSTRUCTION_EQUIPMENT,40849091952.27656,UNDEFINED,,EUR,,TRUE,PRESENT,2026-08-18,2026-08-18,Auto-classified by company-name keyword; review once.
"XCMG Construction Machinery Co., Ltd. Class A",000425,China,SZSE,CNY,TRADINGVIEW_SCREENER,Producer Manufacturing,Trucks/Construction/Farm Machinery,CONSTRUCTION_EQUIPMENT,13866518393.568329,UNDEFINED,,CNY,,TRUE,PRESENT,2026-08-18,2026-08-18,Auto-classified by company-name keyword; review once.
"Hitachi Construction Machinery Co., Ltd.",6305,Japan,TSE,JPY,TRADINGVIEW_SCREENER,Producer Manufacturing,Trucks/Construction/Farm Machinery,CONSTRUCTION_EQUIPMENT,7413854404.544001,UNDEFINED,,JPY,,TRUE,PRESENT,2026-08-18,2026-08-18,Auto-classified by company-name keyword; review once.
"Sany Heavy Equipment International Holdings Co., Ltd.",631,China,HKEX,HKD,TRADINGVIEW_SCREENER,Producer Manufacturing,Trucks/Construction/Farm Machinery,CONSTRUCTION_EQUIPMENT,3063696673.7468004,UNDEFINED,,HKD,,TRUE,PRESENT,2026-08-18,2026-08-18,Auto-classified by company-name keyword; review once.
Sany Heavy Equipment International Holdings Co.,SNYYF,China,OTC,USD,TRADINGVIEW_SCREENER,Producer Manufacturing,Trucks/Construction/Farm Machinery,CONSTRUCTION_EQUIPMENT,2891993018.199207,UNDEFINED,,USD,,TRUE,PRESENT,2026-08-18,2026-08-18,Auto-classified by company-name keyword; review once.
"Shantui Construction Machinery Co., Ltd. Class A",000680,China,SZSE,CNY,TRADINGVIEW_SCREENER,Producer Manufacturing,Trucks/Construction/Farm Machinery,CONSTRUCTION_EQUIPMENT,2232888439.35451,UNDEFINED,,CNY,,TRUE,PRESENT,2026-08-18,2026-08-18,Auto-classified by company-name keyword; review once.
"Shaanxi Construction Machinery Co., Ltd. Class A",600984,China,SSE,CNY,TRADINGVIEW_SCREENER,Producer Manufacturing,Trucks/Construction/Farm Machinery,CONSTRUCTION_EQUIPMENT,836403102.92301,UNDEFINED,,CNY,,TRUE,PRESENT,2026-08-18,2026-08-18,Auto-classified by company-name keyword; review once.
Readymix Construction Machinery Ltd.,READYMIX,India,NSE,INR,TRADINGVIEW_SCREENER,Producer Manufacturing,Trucks/Construction/Farm Machinery,CONSTRUCTION_EQUIPMENT,11988700.914050002,UNDEFINED,,INR,,TRUE,PRESENT,2026-08-18,2026-08-18,Auto-classified by company-name keyword; review once.
3S,060310,KR,KRX,KRW,NAVER_FINANCE,기계,기계,CONSTRUCTION_EQUIPMENT,,UNDEFINED,,KRW,,TRUE,PRESENT,2026-08-18,2026-08-18,
DKME,015590,KR,KRX,KRW,NAVER_FINANCE,기계,기계,CONSTRUCTION_EQUIPMENT,,UNDEFINED,,KRW,,TRUE,PRESENT,2026-08-18,2026-08-18,
HD건설기계,267270,KR,KRX,KRW,NAVER_FINANCE,기계,기계,CONSTRUCTION_EQUIPMENT,,UNDEFINED,,KRW,,TRUE,PRESENT,2026-08-18,2026-08-18,
KZ정밀,036560,KR,KRX,KRW,NAVER_FINANCE,기계,기계,CONSTRUCTION_EQUIPMENT,,UNDEFINED,,KRW,,TRUE,PRESENT,2026-08-18,2026-08-18,
SFA,056190,KR,KRX,KRW,NAVER_FINANCE,기계,기계,CONSTRUCTION_EQUIPMENT,,UNDEFINED,,KRW,,TRUE,PRESENT,2026-08-18,2026-08-18,
TPC로보틱스,048770,KR,KRX,KRW,NAVER_FINANCE,기계,기계,CONSTRUCTION_EQUIPMENT,,UNDEFINED,,KRW,,TRUE,PRESENT,2026-08-18,2026-08-18,
TYM,002900,KR,KRX,KRW,NAVER_FINANCE,기계,기계,CONSTRUCTION_EQUIPMENT,,UNDEFINED,,KRW,,TRUE,PRESENT,2026-08-18,2026-08-18,
기신정기,092440,KR,KRX,KRW,NAVER_FINANCE,기계,기계,CONSTRUCTION_EQUIPMENT,,UNDEFINED,,KRW,,TRUE,PRESENT,2026-08-18,2026-08-18,
나라엠앤디,051490,KR,KRX,KRW,NAVER_FINANCE,기계,기계,CONSTRUCTION_EQUIPMENT,,UNDEFINED,,KRW,,TRUE,PRESENT,2026-08-18,2026-08-18,
나우로보틱스,459510,KR,KRX,KRW,NAVER_FINANCE,기계,기계,CONSTRUCTION_EQUIPMENT,,UNDEFINED,,KRW,,TRUE,PRESENT,2026-08-18,2026-08-18,
넥스턴앤롤코리아,089140,KR,KRX,KRW,NAVER_FINANCE,기계,기계,CONSTRUCTION_EQUIPMENT,,UNDEFINED,,KRW,,TRUE,PRESENT,2026-08-18,2026-08-18,
뉴로메카,348340,KR,KRX,KRW,NAVER_FINANCE,기계,기계,CONSTRUCTION_EQUIPMENT,,UNDEFINED,,KRW,,TRUE,PRESENT,2026-08-18,2026-08-18,
다원시스,068240,KR,KRX,KRW,NAVER_FINANCE,기계,기계,CONSTRUCTION_EQUIPMENT,,UNDEFINED,,KRW,,TRUE,PRESENT,2026-08-18,2026-08-18,
대동,000490,KR,KRX,KRW,NAVER_FINANCE,기계,기계,CONSTRUCTION_EQUIPMENT,,UNDEFINED,,KRW,,TRUE,PRESENT,2026-08-18,2026-08-18,
대동기어,008830,KR,KRX,KRW,NAVER_FINANCE,기계,기계,CONSTRUCTION_EQUIPMENT,,UNDEFINED,,KRW,,TRUE,PRESENT,2026-08-18,2026-08-18,
대모,317850,KR,KRX,KRW,NAVER_FINANCE,기계,기계,CONSTRUCTION_EQUIPMENT,,UNDEFINED,,KRW,,TRUE,PRESENT,2026-08-18,2026-08-18,
대성하이텍,129920,KR,KRX,KRW,NAVER_FINANCE,기계,기계,CONSTRUCTION_EQUIPMENT,,UNDEFINED,,KRW,,TRUE,PRESENT,2026-08-18,2026-08-18,
대주이엔티,114920,KR,KRX,KRW,NAVER_FINANCE,기계,기계,CONSTRUCTION_EQUIPMENT,,UNDEFINED,,KRW,,TRUE,PRESENT,2026-08-18,2026-08-18,
대창단조,015230,KR,KRX,KRW,NAVER_FINANCE,기계,기계,CONSTRUCTION_EQUIPMENT,,UNDEFINED,,KRW,,TRUE,PRESENT,2026-08-18,2026-08-18,
동일금속,109860,KR,KRX,KRW,NAVER_FINANCE,기계,기계,CONSTRUCTION_EQUIPMENT,,UNDEFINED,,KRW,,TRUE,PRESENT,2026-08-18,2026-08-18,
두산로보틱스,454910,KR,KRX,KRW,NAVER_FINANCE,기계,기계,CONSTRUCTION_EQUIPMENT,,UNDEFINED,,KRW,,TRUE,PRESENT,2026-08-18,2026-08-18,
두산밥캣,241560,KR,KRX,KRW,NAVER_FINANCE,기계,기계,CONSTRUCTION_EQUIPMENT,,UNDEFINED,,KRW,,TRUE,PRESENT,2026-08-18,2026-08-18,
두산에너빌리티,034020,KR,KRX,KRW,NAVER_FINANCE,기계,기계,CONSTRUCTION_EQUIPMENT,,UNDEFINED,,KRW,,TRUE,PRESENT,2026-08-18,2026-08-18,
디와이파워,210540,KR,KRX,KRW,NAVER_FINANCE,기계,기계,CONSTRUCTION_EQUIPMENT,,UNDEFINED,,KRW,,TRUE,PRESENT,2026-08-18,2026-08-18,
디와이피엔에프,104460,KR,KRX,KRW,NAVER_FINANCE,기계,기계,CONSTRUCTION_EQUIPMENT,,UNDEFINED,,KRW,,TRUE,PRESENT,2026-08-18,2026-08-18,
디케이락,105740,KR,KRX,KRW,NAVER_FINANCE,기계,기계,CONSTRUCTION_EQUIPMENT,,UNDEFINED,,KRW,,TRUE,PRESENT,2026-08-18,2026-08-18,
레인보우로보틱스,277810,KR,KRX,KRW,NAVER_FINANCE,기계,기계,CONSTRUCTION_EQUIPMENT,,UNDEFINED,,KRW,,TRUE,PRESENT,2026-08-18,2026-08-18,
로보스타,090360,KR,KRX,KRW,NAVER_FINANCE,기계,기계,CONSTRUCTION_EQUIPMENT,,UNDEFINED,,KRW,,TRUE,PRESENT,2026-08-18,2026-08-18,
로보티즈,108490,KR,KRX,KRW,NAVER_FINANCE,기계,기계,CONSTRUCTION_EQUIPMENT,,UNDEFINED,,KRW,,TRUE,PRESENT,2026-08-18,2026-08-18,
루트K,195990,KR,KRX,KRW,NAVER_FINANCE,기계,기계,CONSTRUCTION_EQUIPMENT,,UNDEFINED,,KRW,,TRUE,PRESENT,2026-08-18,2026-08-18,
링크솔루션,474650,KR,KRX,KRW,NAVER_FINANCE,기계,기계,CONSTRUCTION_EQUIPMENT,,UNDEFINED,,KRW,,TRUE,PRESENT,2026-08-18,2026-08-18,
모델솔루션,417970,KR,KRX,KRW,NAVER_FINANCE,기계,기계,CONSTRUCTION_EQUIPMENT,,UNDEFINED,,KRW,,TRUE,PRESENT,2026-08-18,2026-08-18,
본시스템즈,496320,KR,KRX,KRW,NAVER_FINANCE,기계,기계,CONSTRUCTION_EQUIPMENT,,UNDEFINED,,KRW,,TRUE,PRESENT,2026-08-18,2026-08-18,
부스타,008470,KR,KRX,KRW,NAVER_FINANCE,기계,기계,CONSTRUCTION_EQUIPMENT,,UNDEFINED,,KRW,,TRUE,PRESENT,2026-08-18,2026-08-18,
브이원텍,251630,KR,KRX,KRW,NAVER_FINANCE,기계,기계,CONSTRUCTION_EQUIPMENT,,UNDEFINED,,KRW,,TRUE,PRESENT,2026-08-18,2026-08-18,
비엠티,086670,KR,KRX,KRW,NAVER_FINANCE,기계,기계,CONSTRUCTION_EQUIPMENT,,UNDEFINED,,KRW,,TRUE,PRESENT,2026-08-18,2026-08-18,
삼미금속,012210,KR,KRX,KRW,NAVER_FINANCE,기계,기계,CONSTRUCTION_EQUIPMENT,,UNDEFINED,,KRW,,TRUE,PRESENT,2026-08-18,2026-08-18,
삼익THK,004380,KR,KRX,KRW,NAVER_FINANCE,기계,기계,CONSTRUCTION_EQUIPMENT,,UNDEFINED,,KRW,,TRUE,PRESENT,2026-08-18,2026-08-18,
서암기계공업,100660,KR,KRX,KRW,NAVER_FINANCE,기계,기계,CONSTRUCTION_EQUIPMENT,,UNDEFINED,,KRW,,TRUE,PRESENT,2026-08-18,2026-08-18,
성광벤드,014620,KR,KRX,KRW,NAVER_FINANCE,기계,기계,CONSTRUCTION_EQUIPMENT,,UNDEFINED,,KRW,,TRUE,PRESENT,2026-08-18,2026-08-18,
수산세보틱스,017550,KR,KRX,KRW,NAVER_FINANCE,기계,기계,CONSTRUCTION_EQUIPMENT,,UNDEFINED,,KRW,,TRUE,PRESENT,2026-08-18,2026-08-18,
스맥,099440,KR,KRX,KRW,NAVER_FINANCE,기계,기계,CONSTRUCTION_EQUIPMENT,,UNDEFINED,,KRW,,TRUE,PRESENT,2026-08-18,2026-08-18,
스페코,013810,KR,KRX,KRW,NAVER_FINANCE,기계,기계,CONSTRUCTION_EQUIPMENT,,UNDEFINED,,KRW,,TRUE,PRESENT,2026-08-18,2026-08-18,
신진에스엠,138070,KR,KRX,KRW,NAVER_FINANCE,기계,기계,CONSTRUCTION_EQUIPMENT,,UNDEFINED,,KRW,,TRUE,PRESENT,2026-08-18,2026-08-18,
신화프리텍,095190,KR,KRX,KRW,NAVER_FINANCE,기계,기계,CONSTRUCTION_EQUIPMENT,,UNDEFINED,,KRW,,TRUE,PRESENT,2026-08-18,2026-08-18,
씨메스로보틱스,475400,KR,KRX,KRW,NAVER_FINANCE,기계,기계,CONSTRUCTION_EQUIPMENT,,UNDEFINED,,KRW,,TRUE,PRESENT,2026-08-18,2026-08-18,
씨에스베어링,297090,KR,KRX,KRW,NAVER_FINANCE,기계,기계,CONSTRUCTION_EQUIPMENT,,UNDEFINED,,KRW,,TRUE,PRESENT,2026-08-18,2026-08-18,
씨케이솔루션,480370,KR,KRX,KRW,NAVER_FINANCE,기계,기계,CONSTRUCTION_EQUIPMENT,,UNDEFINED,,KRW,,TRUE,PRESENT,2026-08-18,2026-08-18,
씨피시스템,413630,KR,KRX,KRW,NAVER_FINANCE,기계,기계,CONSTRUCTION_EQUIPMENT,,UNDEFINED,,KRW,,TRUE,PRESENT,2026-08-18,2026-08-18,
아세아텍,050860,KR,KRX,KRW,NAVER_FINANCE,기계,기계,CONSTRUCTION_EQUIPMENT,,UNDEFINED,,KRW,,TRUE,PRESENT,2026-08-18,2026-08-18,
아스플로,159010,KR,KRX,KRW,NAVER_FINANCE,기계,기계,CONSTRUCTION_EQUIPMENT,,UNDEFINED,,KRW,,TRUE,PRESENT,2026-08-18,2026-08-18,
알에스오토메이션,140670,KR,KRX,KRW,NAVER_FINANCE,기계,기계,CONSTRUCTION_EQUIPMENT,,UNDEFINED,,KRW,,TRUE,PRESENT,2026-08-18,2026-08-18,
앤로보틱스,138360,KR,KRX,KRW,NAVER_FINANCE,기계,기계,CONSTRUCTION_EQUIPMENT,,UNDEFINED,,KRW,,TRUE,PRESENT,2026-08-18,2026-08-18,
에너토크,019990,KR,KRX,KRW,NAVER_FINANCE,기계,기계,CONSTRUCTION_EQUIPMENT,,UNDEFINED,,KRW,,TRUE,PRESENT,2026-08-18,2026-08-18,
에스비비테크,389500,KR,KRX,KRW,NAVER_FINANCE,기계,기계,CONSTRUCTION_EQUIPMENT,,UNDEFINED,,KRW,,TRUE,PRESENT,2026-08-18,2026-08-18,
에스피시스템스,317830,KR,KRX,KRW,NAVER_FINANCE,기계,기계,CONSTRUCTION_EQUIPMENT,,UNDEFINED,,KRW,,TRUE,PRESENT,2026-08-18,2026-08-18,
에쎈테크,043340,KR,KRX,KRW,NAVER_FINANCE,기계,기계,CONSTRUCTION_EQUIPMENT,,UNDEFINED,,KRW,,TRUE,PRESENT,2026-08-18,2026-08-18,
에이치케이,044780,KR,KRX,KRW,NAVER_FINANCE,기계,기계,CONSTRUCTION_EQUIPMENT,,UNDEFINED,,KRW,,TRUE,PRESENT,2026-08-18,2026-08-18,
에이테크솔루션,071670,KR,KRX,KRW,NAVER_FINANCE,기계,기계,CONSTRUCTION_EQUIPMENT,,UNDEFINED,,KRW,,TRUE,PRESENT,2026-08-18,2026-08-18,
엠엑스로보틱스,007820,KR,KRX,KRW,NAVER_FINANCE,기계,기계,CONSTRUCTION_EQUIPMENT,,UNDEFINED,,KRW,,TRUE,PRESENT,2026-08-18,2026-08-18,
오텍,067170,KR,KRX,KRW,NAVER_FINANCE,기계,기계,CONSTRUCTION_EQUIPMENT,,UNDEFINED,,KRW,,TRUE,PRESENT,2026-08-18,2026-08-18,
와이지-원,019210,KR,KRX,KRW,NAVER_FINANCE,기계,기계,CONSTRUCTION_EQUIPMENT,,UNDEFINED,,KRW,,TRUE,PRESENT,2026-08-18,2026-08-18,
우림피티에스,101170,KR,KRX,KRW,NAVER_FINANCE,기계,기계,CONSTRUCTION_EQUIPMENT,,UNDEFINED,,KRW,,TRUE,PRESENT,2026-08-18,2026-08-18,
우진,105840,KR,KRX,KRW,NAVER_FINANCE,기계,기계,CONSTRUCTION_EQUIPMENT,,UNDEFINED,,KRW,,TRUE,PRESENT,2026-08-18,2026-08-18,
우진플라임,049800,KR,KRX,KRW,NAVER_FINANCE,기계,기계,CONSTRUCTION_EQUIPMENT,,UNDEFINED,,KRW,,TRUE,PRESENT,2026-08-18,2026-08-18,
유일로보틱스,388720,KR,KRX,KRW,NAVER_FINANCE,기계,기계,CONSTRUCTION_EQUIPMENT,,UNDEFINED,,KRW,,TRUE,PRESENT,2026-08-18,2026-08-18,
유진로봇,056080,KR,KRX,KRW,NAVER_FINANCE,기계,기계,CONSTRUCTION_EQUIPMENT,,UNDEFINED,,KRW,,TRUE,PRESENT,2026-08-18,2026-08-18,
이엔플러스,074610,KR,KRX,KRW,NAVER_FINANCE,기계,기계,CONSTRUCTION_EQUIPMENT,,UNDEFINED,,KRW,,TRUE,PRESENT,2026-08-18,2026-08-18,
전진건설로봇,079900,KR,KRX,KRW,NAVER_FINANCE,기계,기계,CONSTRUCTION_EQUIPMENT,,UNDEFINED,,KRW,,TRUE,PRESENT,2026-08-18,2026-08-18,
제닉스로보틱스,381620,KR,KRX,KRW,NAVER_FINANCE,기계,기계,CONSTRUCTION_EQUIPMENT,,UNDEFINED,,KRW,,TRUE,PRESENT,2026-08-18,2026-08-18,
져스텍,153890,KR,KRX,KRW,NAVER_FINANCE,기계,기계,CONSTRUCTION_EQUIPMENT,,UNDEFINED,,KRW,,TRUE,PRESENT,2026-08-18,2026-08-18,
진성티이씨,036890,KR,KRX,KRW,NAVER_FINANCE,기계,기계,CONSTRUCTION_EQUIPMENT,,UNDEFINED,,KRW,,TRUE,PRESENT,2026-08-18,2026-08-18,
케이엔솔,053080,KR,KRX,KRW,NAVER_FINANCE,기계,기계,CONSTRUCTION_EQUIPMENT,,UNDEFINED,,KRW,,TRUE,PRESENT,2026-08-18,2026-08-18,
케이엔알시스템,199430,KR,KRX,KRW,NAVER_FINANCE,기계,기계,CONSTRUCTION_EQUIPMENT,,UNDEFINED,,KRW,,TRUE,PRESENT,2026-08-18,2026-08-18,
케이피에프,024880,KR,KRX,KRW,NAVER_FINANCE,기계,기계,CONSTRUCTION_EQUIPMENT,,UNDEFINED,,KRW,,TRUE,PRESENT,2026-08-18,2026-08-18,
코메론,049430,KR,KRX,KRW,NAVER_FINANCE,기계,기계,CONSTRUCTION_EQUIPMENT,,UNDEFINED,,KRW,,TRUE,PRESENT,2026-08-18,2026-08-18,
코스모로보틱스,439960,KR,KRX,KRW,NAVER_FINANCE,기계,기계,CONSTRUCTION_EQUIPMENT,,UNDEFINED,,KRW,,TRUE,PRESENT,2026-08-18,2026-08-18,
코윈테크,282880,KR,KRX,KRW,NAVER_FINANCE,기계,기계,CONSTRUCTION_EQUIPMENT,,UNDEFINED,,KRW,,TRUE,PRESENT,2026-08-18,2026-08-18,
클로봇,466100,KR,KRX,KRW,NAVER_FINANCE,기계,기계,CONSTRUCTION_EQUIPMENT,,UNDEFINED,,KRW,,TRUE,PRESENT,2026-08-18,2026-08-18,
태광,023160,KR,KRX,KRW,NAVER_FINANCE,기계,기계,CONSTRUCTION_EQUIPMENT,,UNDEFINED,,KRW,,TRUE,PRESENT,2026-08-18,2026-08-18,
테라사이언스,073640,KR,KRX,KRW,NAVER_FINANCE,기계,기계,CONSTRUCTION_EQUIPMENT,,UNDEFINED,,KRW,,TRUE,PRESENT,2026-08-18,2026-08-18,
톱텍,108230,KR,KRX,KRW,NAVER_FINANCE,기계,기계,CONSTRUCTION_EQUIPMENT,,UNDEFINED,,KRW,,TRUE,PRESENT,2026-08-18,2026-08-18,
티로보틱스,117730,KR,KRX,KRW,NAVER_FINANCE,기계,기계,CONSTRUCTION_EQUIPMENT,,UNDEFINED,,KRW,,TRUE,PRESENT,2026-08-18,2026-08-18,
티에스넥스젠,043220,KR,KRX,KRW,NAVER_FINANCE,기계,기계,CONSTRUCTION_EQUIPMENT,,UNDEFINED,,KRW,,TRUE,PRESENT,2026-08-18,2026-08-18,
티엑스알로보틱스,484810,KR,KRX,KRW,NAVER_FINANCE,기계,기계,CONSTRUCTION_EQUIPMENT,,UNDEFINED,,KRW,,TRUE,PRESENT,2026-08-18,2026-08-18,
파라텍,033540,KR,KRX,KRW,NAVER_FINANCE,기계,기계,CONSTRUCTION_EQUIPMENT,,UNDEFINED,,KRW,,TRUE,PRESENT,2026-08-18,2026-08-18,
포메탈,119500,KR,KRX,KRW,NAVER_FINANCE,기계,기계,CONSTRUCTION_EQUIPMENT,,UNDEFINED,,KRW,,TRUE,PRESENT,2026-08-18,2026-08-18,
프리엠스,053160,KR,KRX,KRW,NAVER_FINANCE,기계,기계,CONSTRUCTION_EQUIPMENT,,UNDEFINED,,KRW,,TRUE,PRESENT,2026-08-18,2026-08-18,
하이록코리아,013030,KR,KRX,KRW,NAVER_FINANCE,기계,기계,CONSTRUCTION_EQUIPMENT,,UNDEFINED,,KRW,,TRUE,PRESENT,2026-08-18,2026-08-18,
하이젠알앤엠,160190,KR,KRX,KRW,NAVER_FINANCE,기계,기계,CONSTRUCTION_EQUIPMENT,,UNDEFINED,,KRW,,TRUE,PRESENT,2026-08-18,2026-08-18,
한국정밀기계,101680,KR,KRX,KRW,NAVER_FINANCE,기계,기계,CONSTRUCTION_EQUIPMENT,,UNDEFINED,,KRW,,TRUE,PRESENT,2026-08-18,2026-08-18,
한선엔지니어링,452280,KR,KRX,KRW,NAVER_FINANCE,기계,기계,CONSTRUCTION_EQUIPMENT,,UNDEFINED,,KRW,,TRUE,PRESENT,2026-08-18,2026-08-18,
한신기계,011700,KR,KRX,KRW,NAVER_FINANCE,기계,기계,CONSTRUCTION_EQUIPMENT,,UNDEFINED,,KRW,,TRUE,PRESENT,2026-08-18,2026-08-18,
해성에어로보틱스,059270,KR,KRX,KRW,NAVER_FINANCE,기계,기계,CONSTRUCTION_EQUIPMENT,,UNDEFINED,,KRW,,TRUE,PRESENT,2026-08-18,2026-08-18,
현대무벡스,319400,KR,KRX,KRW,NAVER_FINANCE,기계,기계,CONSTRUCTION_EQUIPMENT,,UNDEFINED,,KRW,,TRUE,PRESENT,2026-08-18,2026-08-18,
현대에버다임,041440,KR,KRX,KRW,NAVER_FINANCE,기계,기계,CONSTRUCTION_EQUIPMENT,,UNDEFINED,,KRW,,TRUE,PRESENT,2026-08-18,2026-08-18,
현대엘리베이터,017800,KR,KRX,KRW,NAVER_FINANCE,기계,기계,CONSTRUCTION_EQUIPMENT,,UNDEFINED,,KRW,,TRUE,PRESENT,2026-08-18,2026-08-18,
혜인,003010,KR,KRX,KRW,NAVER_FINANCE,기계,기계,CONSTRUCTION_EQUIPMENT,,UNDEFINED,,KRW,,TRUE,PRESENT,2026-08-18,2026-08-18,
화성밸브,039610,KR,KRX,KRW,NAVER_FINANCE,기계,기계,CONSTRUCTION_EQUIPMENT,,UNDEFINED,,KRW,,TRUE,PRESENT,2026-08-18,2026-08-18,
화천기계,010660,KR,KRX,KRW,NAVER_FINANCE,기계,기계,CONSTRUCTION_EQUIPMENT,,UNDEFINED,,KRW,,TRUE,PRESENT,2026-08-18,2026-08-18,
화천기공,000850,KR,KRX,KRW,NAVER_FINANCE,기계,기계,CONSTRUCTION_EQUIPMENT,,UNDEFINED,,KRW,,TRUE,PRESENT,2026-08-18,2026-08-18,
휴림로봇,090710,KR,KRX,KRW,NAVER_FINANCE,기계,기계,CONSTRUCTION_EQUIPMENT,,UNDEFINED,,KRW,,TRUE,PRESENT,2026-08-18,2026-08-18,
흥국,010240,KR,KRX,KRW,NAVER_FINANCE,기계,기계,CONSTRUCTION_EQUIPMENT,,UNDEFINED,,KRW,,TRUE,PRESENT,2026-08-18,2026-08-18,
GE Aerospace,GE,United States,NYSE,USD,TRADINGVIEW_SCREENER,Electronic Technology,Aerospace & Defense,DEFENSE,383306719455.4397,UNDEFINED,,USD,,TRUE,PRESENT,2026-08-18,2026-08-18,
RTX Corporation,5UR,United States,BX,CHF,TRADINGVIEW_SCREENER,Electronic Technology,Aerospace & Defense,DEFENSE,300509642752,UNDEFINED,,CHF,,TRUE,PRESENT,2026-08-18,2026-08-18,
Airbus SE,AIR,Netherlands,XETR,EUR,TRADINGVIEW_SCREENER,Electronic Technology,Aerospace & Defense,DEFENSE,196106477466.61353,UNDEFINED,,EUR,,TRUE,PRESENT,2026-08-18,2026-08-18,
Boeing Company,BA.USD,United States,SIX,USD,TRADINGVIEW_SCREENER,Electronic Technology,Aerospace & Defense,DEFENSE,183105015322,UNDEFINED,,USD,,TRUE,PRESENT,2026-08-18,2026-08-18,
"Boeing Company (The) Depositary Shares, each representing a 1/20th interest in a share of 6.00% Series A Mandatory Convertible Preferred Stock, par value $1.00",BA/PA,United States,NYSE,USD,TRADINGVIEW_SCREENER,Electronic Technology,Aerospace & Defense,DEFENSE,183105015322,UNDEFINED,,USD,,TRUE,PRESENT,2026-08-18,2026-08-18,
Boeing Company (The),BA,United States,NYSE,USD,TRADINGVIEW_SCREENER,Electronic Technology,Aerospace & Defense,DEFENSE,178584098985.65158,UNDEFINED,,USD,,TRUE,PRESENT,2026-08-18,2026-08-18,
Rolls Royce Holdings plc,RYCEF,United Kingdom,OTC,USD,TRADINGVIEW_SCREENER,Electronic Technology,Aerospace & Defense,DEFENSE,175351666485.71445,UNDEFINED,,USD,,TRUE,PRESENT,2026-08-18,2026-08-18,
Safran SA,SEJ1,France,BX,CHF,TRADINGVIEW_SCREENER,Electronic Technology,Aerospace & Defense,DEFENSE,173819144954.35352,UNDEFINED,,CHF,,TRUE,PRESENT,2026-08-18,2026-08-18,
Lockheed Martin Corporation,LOM,United States,BX,CHF,TRADINGVIEW_SCREENER,Electronic Technology,Aerospace & Defense,DEFENSE,140477715809,UNDEFINED,,CHF,,TRUE,PRESENT,2026-08-18,2026-08-18,
Howmet Aerospace Inc.,HWM,United States,BX,CHF,TRADINGVIEW_SCREENER,Electronic Technology,Aerospace & Defense,DEFENSE,115325383502,UNDEFINED,,CHF,,TRUE,PRESENT,2026-08-18,2026-08-18,
General Dynamics Corporation,GDX,United States,BX,CHF,TRADINGVIEW_SCREENER,Electronic Technology,Aerospace & Defense,DEFENSE,107081124305,UNDEFINED,,CHF,,TRUE,PRESENT,2026-08-18,2026-08-18,
BAE Systems plc,BSP,United Kingdom,BX,CHF,TRADINGVIEW_SCREENER,Electronic Technology,Aerospace & Defense,DEFENSE,89508968930.63399,UNDEFINED,,CHF,,TRUE,PRESENT,2026-08-18,2026-08-18,
Northrop Grumman Corp.,NTH,United States,BX,CHF,TRADINGVIEW_SCREENER,Electronic Technology,Aerospace & Defense,DEFENSE,83230469070,UNDEFINED,,CHF,,TRUE,PRESENT,2026-08-18,2026-08-18,
Northrop Grumman Corporation,NOC,United States,NYSE,USD,TRADINGVIEW_SCREENER,Electronic Technology,Aerospace & Defense,DEFENSE,81004341344.8615,UNDEFINED,,USD,,TRUE,PRESENT,2026-08-18,2026-08-18,
TransDigm Group Incorporated,T7D,United States,SWB,EUR,TRADINGVIEW_SCREENER,Electronic Technology,Aerospace & Defense,DEFENSE,69477063850,UNDEFINED,,EUR,,TRUE,PRESENT,2026-08-18,2026-08-18,
Transdigm Group Inc.,TDG,United States,NYSE,USD,TRADINGVIEW_SCREENER,Electronic Technology,Aerospace & Defense,DEFENSE,68422387759.41363,UNDEFINED,,USD,,TRUE,PRESENT,2026-08-18,2026-08-18,
Rheinmetall AG,RNMBF,Germany,OTC,USD,TRADINGVIEW_SCREENER,Electronic Technology,Aerospace & Defense,DEFENSE,65842184671.37087,UNDEFINED,,USD,,TRUE,PRESENT,2026-08-18,2026-08-18,
Thales SA,HO,France,BX,CHF,TRADINGVIEW_SCREENER,Electronic Technology,Aerospace & Defense,DEFENSE,64269396561.77101,UNDEFINED,,CHF,,TRUE,PRESENT,2026-08-18,2026-08-18,
THALES,THLEF,France,OTC,USD,TRADINGVIEW_SCREENER,Electronic Technology,Aerospace & Defense,DEFENSE,63286378814.46607,UNDEFINED,,USD,,TRUE,PRESENT,2026-08-18,2026-08-18,
L3Harris Technologies Inc,0L3H,United States,LSE,USD,TRADINGVIEW_SCREENER,Electronic Technology,Aerospace & Defense,DEFENSE,54341150275,UNDEFINED,,USD,,TRUE,PRESENT,2026-08-18,2026-08-18,
Honeywell Aerospace Inc,HONA,United States,BX,CHF,TRADINGVIEW_SCREENER,Electronic Technology,Aerospace & Defense,DEFENSE,52728256069,UNDEFINED,,CHF,,TRUE,PRESENT,2026-08-18,2026-08-18,
Axon Enterprise Inc,TCS,United States,BX,CHF,TRADINGVIEW_SCREENER,Electronic Technology,Aerospace & Defense,DEFENSE,49784724277,UNDEFINED,,CHF,,TRUE,PRESENT,2026-08-18,2026-08-18,
Rocket Lab Corporation,RKLB,United States,NASDAQ,USD,TRADINGVIEW_SCREENER,Electronic Technology,Aerospace & Defense,DEFENSE,49112611083.561874,UNDEFINED,,USD,,TRUE,PRESENT,2026-08-18,2026-08-18,
HEICO Corporation,889997,United States,LSX,EUR,TRADINGVIEW_SCREENER,Electronic Technology,Aerospace & Defense,DEFENSE,43932354333,UNDEFINED,,EUR,,TRUE,PRESENT,2026-08-18,2026-08-18,
HEICO Corporation Class A,914043,United States,LS,EUR,TRADINGVIEW_SCREENER,Electronic Technology,Aerospace & Defense,DEFENSE,43932354333,UNDEFINED,,EUR,,TRUE,PRESENT,2026-08-18,2026-08-18,
"Hanwha Aerospace Co., Ltd.",012450,South Korea,KRX,KRW,TRADINGVIEW_SCREENER,Electronic Technology,Aerospace & Defense,DEFENSE,41895776791.07637,UNDEFINED,,KRW,,TRUE,PRESENT,2026-08-18,2026-08-18,
Leonardo S.P.A.,FINMF,Italy,OTC,USD,TRADINGVIEW_SCREENER,Electronic Technology,Aerospace & Defense,DEFENSE,40659030316.36561,UNDEFINED,,USD,,TRUE,PRESENT,2026-08-18,2026-08-18,
Saab AB,SAABF,Sweden,OTC,USD,TRADINGVIEW_SCREENER,Electronic Technology,Aerospace & Defense,DEFENSE,39092624268.50204,UNDEFINED,,USD,,TRUE,PRESENT,2026-08-18,2026-08-18,
Saab AB Class B,0GWL,Sweden,LSIN,SEK,TRADINGVIEW_SCREENER,Electronic Technology,Aerospace & Defense,DEFENSE,39079906221.0372,UNDEFINED,,SEK,,TRUE,PRESENT,2026-08-18,2026-08-18,
Elbit Systems Ltd.,ESLT,Israel,NASDAQ,USD,TRADINGVIEW_SCREENER,Electronic Technology,Aerospace & Defense,DEFENSE,36682521902.21817,UNDEFINED,,USD,,TRUE,PRESENT,2026-08-18,2026-08-18,
Aselsan Elektronik Sanayi ve Ticaret A.S. Class B,ASELS,Turkey,BIST,TRY,TRADINGVIEW_SCREENER,Electronic Technology,Aerospace & Defense,DEFENSE,36205830000,UNDEFINED,,TRY,,TRUE,PRESENT,2026-08-18,2026-08-18,
Hindustan Aeronautics Limited,HAL,India,BSE,INR,TRADINGVIEW_SCREENER,Electronic Technology,Aerospace & Defense,DEFENSE,35132321647.455826,UNDEFINED,,INR,,TRUE,PRESENT,2026-08-18,2026-08-18,
Teledyne Technologies Incorporated,TYZ,United States,GETTEX,EUR,TRADINGVIEW_SCREENER,Electronic Technology,Aerospace & Defense,DEFENSE,31506558068,UNDEFINED,,EUR,,TRUE,PRESENT,2026-08-18,2026-08-18,
Bharat Electronics Limited,BEL,India,NSE,INR,TRADINGVIEW_SCREENER,Electronic Technology,Aerospace & Defense,DEFENSE,31421300110.89677,UNDEFINED,,INR,,TRUE,PRESENT,2026-08-18,2026-08-18,
Dassault Aviation SA,AM,France,BX,CHF,TRADINGVIEW_SCREENER,Electronic Technology,Aerospace & Defense,DEFENSE,28537740574.326,UNDEFINED,,CHF,,TRUE,PRESENT,2026-08-18,2026-08-18,
DASSAULT AVIATION,DUAVF,France,OTC,USD,TRADINGVIEW_SCREENER,Electronic Technology,Aerospace & Defense,DEFENSE,27419876521.54015,UNDEFINED,,USD,,TRUE,PRESENT,2026-08-18,2026-08-18,
Singapore Technologies Engineering Ltd,S63,Singapore,SGX,SGD,TRADINGVIEW_SCREENER,Electronic Technology,Aerospace & Defense,DEFENSE,26684412360.2862,UNDEFINED,,SGD,,TRUE,PRESENT,2026-08-18,2026-08-18,
Curtiss-Wright Corporation,CWT,United States,GETTEX,EUR,TRADINGVIEW_SCREENER,Electronic Technology,Aerospace & Defense,DEFENSE,25828626242,UNDEFINED,,EUR,,TRUE,PRESENT,2026-08-18,2026-08-18,
Bombardier Inc.,BDRBF,Canada,OTC,USD,TRADINGVIEW_SCREENER,Electronic Technology,Aerospace & Defense,DEFENSE,25450567786.907738,UNDEFINED,,USD,,TRUE,PRESENT,2026-08-18,2026-08-18,
Bombardier Inc 6.25 % Conv Cum Red Pfd Registered Shs Series 4,BBD.PR.C,Canada,NEO,CAD,TRADINGVIEW_SCREENER,Electronic Technology,Aerospace & Defense,DEFENSE,25319267704.3614,UNDEFINED,,CAD,,TRUE,PRESENT,2026-08-18,2026-08-18,
Bombardier Inc Cum Red Pfd Registered Shs Series 3,BBD.PR.D,Canada,NEO,CAD,TRADINGVIEW_SCREENER,Electronic Technology,Aerospace & Defense,DEFENSE,25319267704.3614,UNDEFINED,,CAD,,TRUE,PRESENT,2026-08-18,2026-08-18,
Bombardier Inc Cum Red Pfd Shs Series 2 Fltg Rt,BBD.PR.B,Canada,NEO,CAD,TRADINGVIEW_SCREENER,Electronic Technology,Aerospace & Defense,DEFENSE,25319267704.3614,UNDEFINED,,CAD,,TRUE,PRESENT,2026-08-18,2026-08-18,
Bombardier Inc. Class A,BBD.A,Canada,TSX,CAD,TRADINGVIEW_SCREENER,Electronic Technology,Aerospace & Defense,DEFENSE,25319267704.3614,UNDEFINED,,CAD,,TRUE,PRESENT,2026-08-18,2026-08-18,
Bombardier Inc. Class B,0QZP,Canada,LSE,CAD,TRADINGVIEW_SCREENER,Electronic Technology,Aerospace & Defense,DEFENSE,25319267704.3614,UNDEFINED,,CAD,,TRUE,PRESENT,2026-08-18,2026-08-18,
"Arxis, Inc.",ARXS,United States,NASDAQ,USD,TRADINGVIEW_SCREENER,Electronic Technology,Aerospace & Defense,DEFENSE,24046523288.044693,UNDEFINED,,USD,,TRUE,PRESENT,2026-08-18,2026-08-18,
MTU Aero Engines AG,MTX,Germany,BX,CHF,TRADINGVIEW_SCREENER,Electronic Technology,Aerospace & Defense,DEFENSE,23842425500.491505,UNDEFINED,,CHF,,TRUE,PRESENT,2026-08-18,2026-08-18,
FTAI Aviation Ltd.,FTAI,United States,NASDAQ,USD,TRADINGVIEW_SCREENER,Electronic Technology,Aerospace & Defense,DEFENSE,23358674523.30894,UNDEFINED,,USD,,TRUE,PRESENT,2026-08-18,2026-08-18,
CSG N.V.,NW0,Czech Republic,BX,CHF,TRADINGVIEW_SCREENER,Electronic Technology,Aerospace & Defense,DEFENSE,22570254865.062,UNDEFINED,,CHF,,TRUE,PRESENT,2026-08-18,2026-08-18,
FTAI Aviation Ltd. - 9.500% Fixed-Rate Reset Series D Cumulative Perpetual Redeemable Preferred Shares,FTAIM,United States,NASDAQ,USD,TRADINGVIEW_SCREENER,Electronic Technology,Aerospace & Defense,DEFENSE,22300791449,UNDEFINED,,USD,,TRUE,PRESENT,2026-08-18,2026-08-18,
"AVIC Shenyang Aircraft Co., Ltd. Class A",600760,China,SSE,CNY,TRADINGVIEW_SCREENER,Electronic Technology,Aerospace & Defense,DEFENSE,18645910534.97508,UNDEFINED,,CNY,,TRUE,PRESENT,2026-08-18,2026-08-18,
"BWX Technologies, Inc.",4BW,United States,SWB,EUR,TRADINGVIEW_SCREENER,Electronic Technology,Aerospace & Defense,DEFENSE,15870759273,UNDEFINED,,EUR,,TRUE,PRESENT,2026-08-18,2026-08-18,
Textron Inc.,TXT,United States,BX,CHF,TRADINGVIEW_SCREENER,Electronic Technology,Aerospace & Defense,DEFENSE,15306836166.000002,UNDEFINED,,CHF,,TRUE,PRESENT,2026-08-18,2026-08-18,
AECC Aviation Power Co Ltd Class A,600893,China,SSE,CNY,TRADINGVIEW_SCREENER,Electronic Technology,Aerospace & Defense,DEFENSE,14568131855.83854,UNDEFINED,,CNY,,TRUE,PRESENT,2026-08-18,2026-08-18,
Moog Inc.,MOG.B,United States,NYSE,USD,TRADINGVIEW_SCREENER,Electronic Technology,Aerospace & Defense,DEFENSE,14214856802.901726,UNDEFINED,,USD,,TRUE,PRESENT,2026-08-18,2026-08-18,
Moog Inc. Class A,MO7A,United States,SWB,EUR,TRADINGVIEW_SCREENER,Electronic Technology,Aerospace & Defense,DEFENSE,13977784580,UNDEFINED,,EUR,,TRUE,PRESENT,2026-08-18,2026-08-18,
Moog Inc. Class B,855344,United States,LSX,EUR,TRADINGVIEW_SCREENER,Electronic Technology,Aerospace & Defense,DEFENSE,13977784580,UNDEFINED,,EUR,,TRUE,PRESENT,2026-08-18,2026-08-18,
Embraer S.A.,EMBJ3F,Brazil,BMFBOVESPA,BRL,TRADINGVIEW_SCREENER,Electronic Technology,Aerospace & Defense,DEFENSE,13698172258.445398,UNDEFINED,,BRL,,TRUE,PRESENT,2026-08-18,2026-08-18,
"Huntington Ingalls Industries, Inc.",A1JE8X,United States,LS,EUR,TRADINGVIEW_SCREENER,Electronic Technology,Aerospace & Defense,DEFENSE,12913280551,UNDEFINED,,EUR,,TRUE,PRESENT,2026-08-18,2026-08-18,
HENSOLDT AG,HAG,Germany,SIX,CHF,TRADINGVIEW_SCREENER,Electronic Technology,Aerospace & Defense,DEFENSE,12833958304.021502,UNDEFINED,,CHF,,TRUE,PRESENT,2026-08-18,2026-08-18,
Crane Company,CR,United States,NYSE,USD,TRADINGVIEW_SCREENER,Electronic Technology,Aerospace & Defense,DEFENSE,12634579170.259138,UNDEFINED,,USD,,TRUE,PRESENT,2026-08-18,2026-08-18,
LIG Defense&Aerospace,079550,South Korea,KRX,KRW,TRADINGVIEW_SCREENER,Electronic Technology,Aerospace & Defense,DEFENSE,12469206733.188662,UNDEFINED,,KRW,,TRUE,PRESENT,2026-08-18,2026-08-18,
"Leonardo DRS, Inc.",A2QQ8Z,United States,LSX,EUR,TRADINGVIEW_SCREENER,Electronic Technology,Aerospace & Defense,DEFENSE,12151570125,UNDEFINED,,EUR,,TRUE,PRESENT,2026-08-18,2026-08-18,
"Kratos Defense & Security Solutions, Inc.",WF5A,United States,BX,CHF,TRADINGVIEW_SCREENER,Electronic Technology,Aerospace & Defense,DEFENSE,12123043753,UNDEFINED,,CHF,,TRUE,PRESENT,2026-08-18,2026-08-18,
"Raytron Technology Co., Ltd. Class A",688002,China,SSE,CNY,TRADINGVIEW_SCREENER,Electronic Technology,Aerospace & Defense,DEFENSE,11452996807.90972,UNDEFINED,,CNY,,TRUE,PRESENT,2026-08-18,2026-08-18,
"Jonhon Optronic Technology Co., Ltd. Class A",002179,China,SZSE,CNY,TRADINGVIEW_SCREENER,Electronic Technology,Aerospace & Defense,DEFENSE,11388840050.374008,UNDEFINED,,CNY,,TRUE,PRESENT,2026-08-18,2026-08-18,
"Hanwha Systems Co., Ltd.",272210,South Korea,KRX,KRW,TRADINGVIEW_SCREENER,Electronic Technology,Aerospace & Defense,DEFENSE,10540922875.131168,UNDEFINED,,KRW,,TRUE,PRESENT,2026-08-18,2026-08-18,
"Korea Aerospace Industries, Ltd.",047810,South Korea,KRX,KRW,TRADINGVIEW_SCREENER,Electronic Technology,Aerospace & Defense,DEFENSE,10017789500.500237,UNDEFINED,,KRW,,TRUE,PRESENT,2026-08-18,2026-08-18,
"AeroVironment, Inc.",AVAV.USD,United States,SIX,USD,TRADINGVIEW_SCREENER,Electronic Technology,Aerospace & Defense,DEFENSE,9757734570,UNDEFINED,,USD,,TRUE,PRESENT,2026-08-18,2026-08-18,
"AVIC Xi'an Aircraft Industry Group Co., Ltd. Class A",000768,China,SZSE,CNY,TRADINGVIEW_SCREENER,Electronic Technology,Aerospace & Defense,DEFENSE,8830416434.48972,UNDEFINED,,CNY,,TRUE,PRESENT,2026-08-18,2026-08-18,
Melrose Industries PLC,MLSPF,United Kingdom,OTC,USD,TRADINGVIEW_SCREENER,Electronic Technology,Aerospace & Defense,DEFENSE,8489039176.714547,UNDEFINED,,USD,,TRUE,PRESENT,2026-08-18,2026-08-18,
Karman Holdings Inc.,VF4,United States,DUS,EUR,TRADINGVIEW_SCREENER,Electronic Technology,Aerospace & Defense,DEFENSE,8218414928,UNDEFINED,,EUR,,TRUE,PRESENT,2026-08-18,2026-08-18,
AVIC Airborne Systems Co. Ltd. Class A,600372,China,SSE,CNY,TRADINGVIEW_SCREENER,Electronic Technology,Aerospace & Defense,DEFENSE,8056897161.15739,UNDEFINED,,CNY,,TRUE,PRESENT,2026-08-18,2026-08-18,
Hexcel Corporation,HXL,United States,GETTEX,EUR,TRADINGVIEW_SCREENER,Electronic Technology,Aerospace & Defense,DEFENSE,7870132547,UNDEFINED,,EUR,,TRUE,PRESENT,2026-08-18,2026-08-18,
"Joby Aviation, Inc.",JOBY,United States,BX,CHF,TRADINGVIEW_SCREENER,Electronic Technology,Aerospace & Defense,DEFENSE,7833864275,UNDEFINED,,CHF,,TRUE,PRESENT,2026-08-18,2026-08-18,
"China Aerospace Times Electronics Co., Ltd. Class A",600879,China,SSE,CNY,TRADINGVIEW_SCREENER,Electronic Technology,Aerospace & Defense,DEFENSE,7768989270.7413,UNDEFINED,,CNY,,TRUE,PRESENT,2026-08-18,2026-08-18,
Loar Holdings Inc.,LOAR,United States,NYSE,USD,TRADINGVIEW_SCREENER,Electronic Technology,Aerospace & Defense,DEFENSE,7291773881.812299,UNDEFINED,,USD,,TRUE,PRESENT,2026-08-18,2026-08-18,
Mercury Systems Inc,MRCY,United States,NASDAQ,USD,TRADINGVIEW_SCREENER,Electronic Technology,Aerospace & Defense,DEFENSE,6806506565.00144,UNDEFINED,,USD,,TRUE,PRESENT,2026-08-18,2026-08-18,
AAR Corp.,AIR,United States,NYSE,USD,TRADINGVIEW_SCREENER,Electronic Technology,Aerospace & Defense,DEFENSE,6188186088.9840975,UNDEFINED,,USD,,TRUE,PRESENT,2026-08-18,2026-08-18,
"Nanchang Sanrui Intelligence Technology Co., Ltd. Class A",301696,China,SZSE,CNY,TRADINGVIEW_SCREENER,Electronic Technology,Aerospace & Defense,DEFENSE,6134034011.360359,UNDEFINED,,CNY,,TRUE,PRESENT,2026-08-18,2026-08-18,
"Beta Technologies, Inc.",BETA,United States,NYSE,USD,TRADINGVIEW_SCREENER,Electronic Technology,Aerospace & Defense,DEFENSE,5988891262.043443,UNDEFINED,,USD,,TRUE,PRESENT,2026-08-18,2026-08-18,
RENK Group AG,R3NK,Germany,HAM,EUR,TRADINGVIEW_SCREENER,Electronic Technology,Aerospace & Defense,DEFENSE,5977948341.559501,UNDEFINED,,EUR,,TRUE,PRESENT,2026-08-18,2026-08-18,
Bharat Dynamics Ltd.,BDL,India,BSE,INR,TRADINGVIEW_SCREENER,Electronic Technology,Aerospace & Defense,DEFENSE,5371286499.375,UNDEFINED,,INR,,TRUE,PRESENT,2026-08-18,2026-08-18,
"Amentum Holdings, Inc.",A40PX2,United States,LSX,EUR,TRADINGVIEW_SCREENER,Electronic Technology,Aerospace & Defense,DEFENSE,5249552427,UNDEFINED,,EUR,,TRUE,PRESENT,2026-08-18,2026-08-18,
Archer Aviation Inc Class A,ACHR,United States,BX,CHF,TRADINGVIEW_SCREENER,Electronic Technology,Aerospace & Defense,DEFENSE,5097557492,UNDEFINED,,CHF,,TRUE,PRESENT,2026-08-18,2026-08-18,
Archer Aviation Inc.,ACHR,United States,NYSE,USD,TRADINGVIEW_SCREENER,Electronic Technology,Aerospace & Defense,DEFENSE,4920452020.223565,UNDEFINED,,USD,,TRUE,PRESENT,2026-08-18,2026-08-18,
"Glarun Technology Co., Ltd. Class A",600562,China,SSE,CNY,TRADINGVIEW_SCREENER,Electronic Technology,Aerospace & Defense,DEFENSE,4775602610.574039,UNDEFINED,,CNY,,TRUE,PRESENT,2026-08-18,2026-08-18,
Firefly Aerospace Inc.,FLY,United States,NASDAQ,USD,TRADINGVIEW_SCREENER,Electronic Technology,Aerospace & Defense,DEFENSE,4550058340.62992,UNDEFINED,,USD,,TRUE,PRESENT,2026-08-18,2026-08-18,
"Intuitive Machines, Inc.",LUNR,United States,NASDAQ,USD,TRADINGVIEW_SCREENER,Electronic Technology,Aerospace & Defense,DEFENSE,4408261720.349289,UNDEFINED,,USD,,TRUE,PRESENT,2026-08-18,2026-08-18,
Ob.aviastroitelnaya korp.,UNAC,Russian Federation,RUS,RUB,TRADINGVIEW_SCREENER,Electronic Technology,Aerospace & Defense,DEFENSE,4264459702.669609,UNDEFINED,,RUB,,TRUE,PRESENT,2026-08-18,2026-08-18,
"Intuitive Machines, Inc. Class A",LUNR,United States,BX,CHF,TRADINGVIEW_SCREENER,Electronic Technology,Aerospace & Defense,DEFENSE,4111926168,UNDEFINED,,CHF,,TRUE,PRESENT,2026-08-18,2026-08-18,
Qinetiq Group Plc.,QNTQF,United Kingdom,OTC,USD,TRADINGVIEW_SCREENER,Electronic Technology,Aerospace & Defense,DEFENSE,4095387357.7264657,UNDEFINED,,USD,,TRUE,PRESENT,2026-08-18,2026-08-18,
"Avic (Chengdu) UAS Co., Ltd. Class A",688297,China,SSE,CNY,TRADINGVIEW_SCREENER,Electronic Technology,Aerospace & Defense,DEFENSE,4078151798.2907095,UNDEFINED,,CNY,,TRUE,PRESENT,2026-08-18,2026-08-18,
Astronics Corporation,867880,United States,LS,EUR,TRADINGVIEW_SCREENER,Electronic Technology,Aerospace & Defense,DEFENSE,4015953321,UNDEFINED,,EUR,,TRUE,PRESENT,2026-08-18,2026-08-18,
Astronics Corp.,ATROB,United States,OTC,USD,TRADINGVIEW_SCREENER,Electronic Technology,Aerospace & Defense,DEFENSE,4010338415.3027525,UNDEFINED,,USD,,TRUE,PRESENT,2026-08-18,2026-08-18,
"Mirion Technologies, Inc. Class A",55I0,United States,GETTEX,EUR,TRADINGVIEW_SCREENER,Electronic Technology,Aerospace & Defense,DEFENSE,3957208286.9999995,UNDEFINED,,EUR,,TRUE,PRESENT,2026-08-18,2026-08-18,
"Mirion Technologies, Inc.",MIR,United States,NYSE,USD,TRADINGVIEW_SCREENER,Electronic Technology,Aerospace & Defense,DEFENSE,3919852639.2309628,UNDEFINED,,USD,,TRUE,PRESENT,2026-08-18,2026-08-18,
"OSI Systems, Inc.",OSIS,United States,NASDAQ,USD,TRADINGVIEW_SCREENER,Electronic Technology,Aerospace & Defense,DEFENSE,3788922244.2268367,UNDEFINED,,USD,,TRUE,PRESENT,2026-08-18,2026-08-18,
"Anhui GreatWall Military Industry Co., Ltd. Class A",601606,China,SSE,CNY,TRADINGVIEW_SCREENER,Electronic Technology,Aerospace & Defense,DEFENSE,3648996099.30464,UNDEFINED,,CNY,,TRUE,PRESENT,2026-08-18,2026-08-18,
LISI SA,LI3,France,GETTEX,EUR,TRADINGVIEW_SCREENER,Electronic Technology,Aerospace & Defense,DEFENSE,3592615837.7925005,UNDEFINED,,EUR,,TRUE,PRESENT,2026-08-18,2026-08-18,
Sai MicroElectronics Inc. Class A,300456,China,SZSE,CNY,TRADINGVIEW_SCREENER,Electronic Technology,Aerospace & Defense,DEFENSE,3441831118.8371596,UNDEFINED,,CNY,,TRUE,PRESENT,2026-08-18,2026-08-18,
"Baimtec Material Co., Ltd. Class A",688563,China,SSE,CNY,TRADINGVIEW_SCREENER,Electronic Technology,Aerospace & Defense,DEFENSE,3437602768.81378,UNDEFINED,,CNY,,TRUE,PRESENT,2026-08-18,2026-08-18,
"AECC Aero-engine Control Co., Ltd. Class A",000738,China,SZSE,CNY,TRADINGVIEW_SCREENER,Electronic Technology,Aerospace & Defense,DEFENSE,3404214620.3627095,UNDEFINED,,CNY,,TRUE,PRESENT,2026-08-18,2026-08-18,
Redwire Corp,2BD,United States,TRADEGATE,EUR,TRADINGVIEW_SCREENER,Electronic Technology,Aerospace & Defense,DEFENSE,3394899689,UNDEFINED,,EUR,,TRUE,PRESENT,2026-08-18,2026-08-18,
Redwire Corporation,RDW,United States,NYSE,USD,TRADINGVIEW_SCREENER,Electronic Technology,Aerospace & Defense,DEFENSE,3352400944.734168,UNDEFINED,,USD,,TRUE,PRESENT,2026-08-18,2026-08-18,
Avicopter Plc Class A,600038,China,SSE,CNY,TRADINGVIEW_SCREENER,Electronic Technology,Aerospace & Defense,DEFENSE,3250124240.34648,UNDEFINED,,CNY,,TRUE,PRESENT,2026-08-18,2026-08-18,
Ducommun Incorporated,861421,United States,LS,EUR,TRADINGVIEW_SCREENER,Electronic Technology,Aerospace & Defense,DEFENSE,3125352220,UNDEFINED,,EUR,,TRUE,PRESENT,2026-08-18,2026-08-18,
"Applied Aerospace & Defense, Inc.",AADX,United States,NYSE,USD,TRADINGVIEW_SCREENER,Electronic Technology,Aerospace & Defense,DEFENSE,3123770394.9308033,UNDEFINED,,USD,,TRUE,PRESENT,2026-08-18,2026-08-18,
"Jiangxi Hongdu Aviation Industry Co., Ltd. Class A",600316,China,SSE,CNY,TRADINGVIEW_SCREENER,Electronic Technology,Aerospace & Defense,DEFENSE,3038236388.2668,UNDEFINED,,CNY,,TRUE,PRESENT,2026-08-18,2026-08-18,
"North Industries Group Red Arrow Co., Ltd. Class A",000519,China,SZSE,CNY,TRADINGVIEW_SCREENER,Electronic Technology,Aerospace & Defense,DEFENSE,3031476970.6780295,UNDEFINED,,CNY,,TRUE,PRESENT,2026-08-18,2026-08-18,
AviChina Industry & Technology Co. Ltd. Class H,AVT,China,GETTEX,EUR,TRADINGVIEW_SCREENER,Electronic Technology,Aerospace & Defense,DEFENSE,3026910172.9412003,UNDEFINED,,EUR,,TRUE,PRESENT,2026-08-18,2026-08-18,
CZG CESKA ZBROJOVKA GROUP SE,CZGZF,Czech Republic,OTC,USD,TRADINGVIEW_SCREENER,Electronic Technology,Aerospace & Defense,DEFENSE,3011819575.949634,UNDEFINED,,USD,,TRUE,PRESENT,2026-08-18,2026-08-18,
COLT CZ GROUP SE,COLT,Czech Republic,PSECZ,CZK,TRADINGVIEW_SCREENER,Electronic Technology,Aerospace & Defense,DEFENSE,2912516459.685671,UNDEFINED,,CZK,,TRUE,PRESENT,2026-08-18,2026-08-18,
Inner Mongolia First Machinery Group Co Ltd Class A,600967,China,SSE,CNY,TRADINGVIEW_SCREENER,Electronic Technology,Aerospace & Defense,DEFENSE,2891749604.54877,UNDEFINED,,CNY,,TRUE,PRESENT,2026-08-18,2026-08-18,
Yakovlev-3,IRKT,Russian Federation,RUS,RUB,TRADINGVIEW_SCREENER,Electronic Technology,Aerospace & Defense,DEFENSE,2697360790.050327,UNDEFINED,,RUB,,TRUE,PRESENT,2026-08-18,2026-08-18,
Aerospace CH UAV Co. Ltd. Class A,002389,China,SZSE,CNY,TRADINGVIEW_SCREENER,Electronic Technology,Aerospace & Defense,DEFENSE,2678996019.07959,UNDEFINED,,CNY,,TRUE,PRESENT,2026-08-18,2026-08-18,
EXAIL TECHNOLOGIES,EXALF,France,OTC,USD,TRADINGVIEW_SCREENER,Electronic Technology,Aerospace & Defense,DEFENSE,2432021094.678428,UNDEFINED,,USD,,TRUE,PRESENT,2026-08-18,2026-08-18,
Exail Technologies SA,912613,France,LS,EUR,TRADINGVIEW_SCREENER,Electronic Technology,Aerospace & Defense,DEFENSE,2427737660.28,UNDEFINED,,EUR,,TRUE,PRESENT,2026-08-18,2026-08-18,
"North Navigation Control Technology Co., Ltd. Class A",600435,China,SSE,CNY,TRADINGVIEW_SCREENER,Electronic Technology,Aerospace & Defense,DEFENSE,2420456089.436,UNDEFINED,,CNY,,TRUE,PRESENT,2026-08-18,2026-08-18,
"Hunan Aerospace Huanyu Communication Technology Co., Ltd. Class A",688523,China,SSE,CNY,TRADINGVIEW_SCREENER,Electronic Technology,Aerospace & Defense,DEFENSE,2382604213.3750496,UNDEFINED,,CNY,,TRUE,PRESENT,2026-08-18,2026-08-18,
Chemring Group Plc.,CMGMF,United Kingdom,OTC,USD,TRADINGVIEW_SCREENER,Electronic Technology,Aerospace & Defense,DEFENSE,2323497525.0719743,UNDEFINED,,USD,,TRUE,PRESENT,2026-08-18,2026-08-18,
AEVEX Corp.,AVEX,United States,NYSE,USD,TRADINGVIEW_SCREENER,Electronic Technology,Aerospace & Defense,DEFENSE,2305923274.442897,UNDEFINED,,USD,,TRUE,PRESENT,2026-08-18,2026-08-18,
MTAR Technologies Ltd.,MTARTECH,India,BSE,INR,TRADINGVIEW_SCREENER,Electronic Technology,Aerospace & Defense,DEFENSE,2274240152.4440503,UNDEFINED,,INR,,TRUE,PRESENT,2026-08-18,2026-08-18,
Bet Shemesh Engines Holdings (1997) Ltd.,BSEN,Israel,TASE,ILA,TRADINGVIEW_SCREENER,Electronic Technology,Aerospace & Defense,DEFENSE,2267405373.03058,UNDEFINED,,ILA,,TRUE,PRESENT,2026-08-18,2026-08-18,
CIRRUS AIRCRAFT LTD.,CRRSF,United States,OTC,USD,TRADINGVIEW_SCREENER,Electronic Technology,Aerospace & Defense,DEFENSE,2130054903.7308214,UNDEFINED,,USD,,TRUE,PRESENT,2026-08-18,2026-08-18,
Montana Aerospace AG,872,Switzerland,BX,CHF,TRADINGVIEW_SCREENER,Electronic Technology,Aerospace & Defense,DEFENSE,2104067054.0232,UNDEFINED,,CHF,,TRUE,PRESENT,2026-08-18,2026-08-18,
Bodycote plc,21T,United Kingdom,MUN,EUR,TRADINGVIEW_SCREENER,Electronic Technology,Aerospace & Defense,DEFENSE,2095110951.879,UNDEFINED,,EUR,,TRUE,PRESENT,2026-08-18,2026-08-18,
Cirrus Aircraft Limited,2507,United States,HKEX,HKD,TRADINGVIEW_SCREENER,Electronic Technology,Aerospace & Defense,DEFENSE,2078630547.3024,UNDEFINED,,HKD,,TRUE,PRESENT,2026-08-18,2026-08-18,
Aerospace Industrial Development Corp.,2634,Taiwan,TWSE,TWD,TRADINGVIEW_SCREENER,Electronic Technology,Aerospace & Defense,DEFENSE,2074203906.8247256,UNDEFINED,,TWD,,TRUE,PRESENT,2026-08-18,2026-08-18,
"China Marine Information Electronics Co., Ltd. Class A",600764,China,SSE,CNY,TRADINGVIEW_SCREENER,Electronic Technology,Aerospace & Defense,DEFENSE,1895547059.6253798,UNDEFINED,,CNY,,TRUE,PRESENT,2026-08-18,2026-08-18,
AVIO SPA,AVVOF,Italy,OTC,USD,TRADINGVIEW_SCREENER,Electronic Technology,Aerospace & Defense,DEFENSE,1803295463.7268958,UNDEFINED,,USD,,TRUE,PRESENT,2026-08-18,2026-08-18,
"Beijing Highlander Digital Technology Co., Ltd. Class A",300065,China,SZSE,CNY,TRADINGVIEW_SCREENER,Electronic Technology,Aerospace & Defense,DEFENSE,1784185307.9264898,UNDEFINED,,CNY,,TRUE,PRESENT,2026-08-18,2026-08-18,
"Ligeance Aerospace Technology Co., Ltd. Class A",000697,China,SZSE,CNY,TRADINGVIEW_SCREENER,Electronic Technology,Aerospace & Defense,DEFENSE,1779222491.8083699,UNDEFINED,,CNY,,TRUE,PRESENT,2026-08-18,2026-08-18,
Magellan Aerospace Corporation,A0Q27W,Canada,LSX,EUR,TRADINGVIEW_SCREENER,Electronic Technology,Aerospace & Defense,DEFENSE,1759269975.1347,UNDEFINED,,EUR,,TRUE,PRESENT,2026-08-18,2026-08-18,
Aequs Ltd.,AEQUS,India,BSE,INR,TRADINGVIEW_SCREENER,Electronic Technology,Aerospace & Defense,DEFENSE,1753679366.9141421,UNDEFINED,,INR,,TRUE,PRESENT,2026-08-18,2026-08-18,
"Xi'an Triangle Defense Co., Ltd. Class A",300775,China,SZSE,CNY,TRADINGVIEW_SCREENER,Electronic Technology,Aerospace & Defense,DEFENSE,1751854284.3992398,UNDEFINED,,CNY,,TRUE,PRESENT,2026-08-18,2026-08-18,
Kraken Robotics Inc,PNG,Canada,NEO,CAD,TRADINGVIEW_SCREENER,Electronic Technology,Aerospace & Defense,DEFENSE,1672051027.0422,UNDEFINED,,CAD,,TRUE,PRESENT,2026-08-18,2026-08-18,
Beijing LeiKe Defense Technology Co Ltd Class A,002413,China,SZSE,CNY,TRADINGVIEW_SCREENER,Electronic Technology,Aerospace & Defense,DEFENSE,1654081274.13935,UNDEFINED,,CNY,,TRUE,PRESENT,2026-08-18,2026-08-18,
Senior plc,852271,United Kingdom,LSX,EUR,TRADINGVIEW_SCREENER,Electronic Technology,Aerospace & Defense,DEFENSE,1645505582.787,UNDEFINED,,EUR,,TRUE,PRESENT,2026-08-18,2026-08-18,
"North Electro-Optic Co., Ltd. Class A",600184,China,SSE,CNY,TRADINGVIEW_SCREENER,Electronic Technology,Aerospace & Defense,DEFENSE,1575967360.5983999,UNDEFINED,,CNY,,TRUE,PRESENT,2026-08-18,2026-08-18,
AECC Aero Science And Technology Co Ltd. Class A,600391,China,SSE,CNY,TRADINGVIEW_SCREENER,Electronic Technology,Aerospace & Defense,DEFENSE,1528319221.72664,UNDEFINED,,CNY,,TRUE,PRESENT,2026-08-18,2026-08-18,
"Cadre Holdings, Inc.",CDRE,United States,NYSE,USD,TRADINGVIEW_SCREENER,Electronic Technology,Aerospace & Defense,DEFENSE,1425930481.449912,UNDEFINED,,USD,,TRUE,PRESENT,2026-08-18,2026-08-18,
"Streamax Technology Co., Ltd. Class A",002970,China,SZSE,CNY,TRADINGVIEW_SCREENER,Electronic Technology,Aerospace & Defense,DEFENSE,1425106938.4171898,UNDEFINED,,CNY,,TRUE,PRESENT,2026-08-18,2026-08-18,
York Space Systems Inc.,YSS,United States,NYSE,USD,TRADINGVIEW_SCREENER,Electronic Technology,Aerospace & Defense,DEFENSE,1400702991.1198537,UNDEFINED,,USD,,TRUE,PRESENT,2026-08-18,2026-08-18,
Electro Optic Systems Holdings Ltd.,EOPSF,Australia,OTC,USD,TRADINGVIEW_SCREENER,Electronic Technology,Aerospace & Defense,DEFENSE,1355708773.9539552,UNDEFINED,,USD,,TRUE,PRESENT,2026-08-18,2026-08-18,
Electro Optic Systems Holdings Limited,EOS,Australia,ASX,AUD,TRADINGVIEW_SCREENER,Electronic Technology,Aerospace & Defense,DEFENSE,1329682491.0266,UNDEFINED,,AUD,,TRUE,PRESENT,2026-08-18,2026-08-18,
H&K AG,A11Q13,Germany,LS,EUR,TRADINGVIEW_SCREENER,Electronic Technology,Aerospace & Defense,DEFENSE,1292628960.8325,UNDEFINED,,EUR,,TRUE,PRESENT,2026-08-18,2026-08-18,
VINCORION SE,V1NC,Germany,DUS,EUR,TRADINGVIEW_SCREENER,Electronic Technology,Aerospace & Defense,DEFENSE,1286606250,UNDEFINED,,EUR,,TRUE,PRESENT,2026-08-18,2026-08-18,
"Beijing Beimo High-tech Frictional Material Co., Ltd. Class A",002985,China,SZSE,CNY,TRADINGVIEW_SCREENER,Electronic Technology,Aerospace & Defense,DEFENSE,1285988626.3711898,UNDEFINED,,CNY,,TRUE,PRESENT,2026-08-18,2026-08-18,
Droneshield Ltd,DRSHF,Australia,OTC,USD,TRADINGVIEW_SCREENER,Electronic Technology,Aerospace & Defense,DEFENSE,1284486180.0867345,UNDEFINED,,USD,,TRUE,PRESENT,2026-08-18,2026-08-18,
DroneShield Limited,DRO,Australia,BX,CHF,TRADINGVIEW_SCREENER,Electronic Technology,Aerospace & Defense,DEFENSE,1282523411.2763,UNDEFINED,,CHF,,TRUE,PRESENT,2026-08-18,2026-08-18,
Hefei Jianghang Aircraft Equipment Corporation Ltd. Class A,688586,China,SSE,CNY,TRADINGVIEW_SCREENER,Electronic Technology,Aerospace & Defense,DEFENSE,1239528462.7113497,UNDEFINED,,CNY,,TRUE,PRESENT,2026-08-18,2026-08-18,
"Shaanxi Zhongtian Rocket Technology Co., Ltd. Class A",003009,China,SZSE,CNY,TRADINGVIEW_SCREENER,Electronic Technology,Aerospace & Defense,DEFENSE,1220473741.8655598,UNDEFINED,,CNY,,TRUE,PRESENT,2026-08-18,2026-08-18,
"Guanglian Aviation Industry Co., Ltd. Class A",300900,China,SZSE,CNY,TRADINGVIEW_SCREENER,Electronic Technology,Aerospace & Defense,DEFENSE,1185954293.31988,UNDEFINED,,CNY,,TRUE,PRESENT,2026-08-18,2026-08-18,
Paras Defence & Space Technologies Ltd.,PARAS,India,BSE,INR,TRADINGVIEW_SCREENER,Electronic Technology,Aerospace & Defense,DEFENSE,1163215124.4573882,UNDEFINED,,INR,,TRUE,PRESENT,2026-08-18,2026-08-18,
"CIMC Safeway Technologies Co., Ltd. Class A",301559,China,SZSE,CNY,TRADINGVIEW_SCREENER,Electronic Technology,Aerospace & Defense,DEFENSE,1153227795.5842,UNDEFINED,,CNY,,TRUE,PRESENT,2026-08-18,2026-08-18,
"Sichuan 6912 Communication Technology Co., Ltd. Class A",301592,China,SZSE,CNY,TRADINGVIEW_SCREENER,Electronic Technology,Aerospace & Defense,DEFENSE,1112640167.92873,UNDEFINED,,CNY,,TRUE,PRESENT,2026-08-18,2026-08-18,
"National Presto Industries, Inc.",NPK,United States,NYSE,USD,TRADINGVIEW_SCREENER,Electronic Technology,Aerospace & Defense,DEFENSE,1033128395.621836,UNDEFINED,,USD,,TRUE,PRESENT,2026-08-18,2026-08-18,
Chengdu ALD Aviation Manufacturing Corp. Class A,300696,China,SZSE,CNY,TRADINGVIEW_SCREENER,Electronic Technology,Aerospace & Defense,DEFENSE,961920844.1150699,UNDEFINED,,CNY,,TRUE,PRESENT,2026-08-18,2026-08-18,
Jiangsu Maixinlin Aviation Science and Technology Corp Class A,688685,China,SSE,CNY,TRADINGVIEW_SCREENER,Electronic Technology,Aerospace & Defense,DEFENSE,957960999.4044999,UNDEFINED,,CNY,,TRUE,PRESENT,2026-08-18,2026-08-18,
"Eve Holding, Inc.",EVEX,United States,NYSE,USD,TRADINGVIEW_SCREENER,Electronic Technology,Aerospace & Defense,DEFENSE,926973720.7179488,UNDEFINED,,USD,,TRUE,PRESENT,2026-08-18,2026-08-18,
FACC AG,A1147K,Austria,LSX,EUR,TRADINGVIEW_SCREENER,Electronic Technology,Aerospace & Defense,DEFENSE,925673234.0175,UNDEFINED,,EUR,,TRUE,PRESENT,2026-08-18,2026-08-18,
"Wuxi Hyatech Co.,Ltd. Class A",688510,China,SSE,CNY,TRADINGVIEW_SCREENER,Electronic Technology,Aerospace & Defense,DEFENSE,899008519.9584299,UNDEFINED,,CNY,,TRUE,PRESENT,2026-08-18,2026-08-18,
Xi'An Tian He Defense Technology Co. Ltd. Class A,300397,China,SZSE,CNY,TRADINGVIEW_SCREENER,Electronic Technology,Aerospace & Defense,DEFENSE,898257643.30309,UNDEFINED,,CNY,,TRUE,PRESENT,2026-08-18,2026-08-18,
Satellogic Inc.,SATL,United States,NASDAQ,USD,TRADINGVIEW_SCREENER,Electronic Technology,Aerospace & Defense,DEFENSE,893228931.1931034,UNDEFINED,,USD,,TRUE,PRESENT,2026-08-18,2026-08-18,
Cohort plc,CHRT,United Kingdom,LSE,GBX,TRADINGVIEW_SCREENER,Electronic Technology,Aerospace & Defense,DEFENSE,893102721.159,UNDEFINED,,GBX,,TRUE,PRESENT,2026-08-18,2026-08-18,
"Jiangxi Xinyu Guoke Technology Co., Ltd. Class A",300722,China,SZSE,CNY,TRADINGVIEW_SCREENER,Electronic Technology,Aerospace & Defense,DEFENSE,892022772.22723,UNDEFINED,,CNY,,TRUE,PRESENT,2026-08-18,2026-08-18,
Satellogic Inc. Class A,A415FE,United States,LSX,EUR,TRADINGVIEW_SCREENER,Electronic Technology,Aerospace & Defense,DEFENSE,891691532,UNDEFINED,,EUR,,TRUE,PRESENT,2026-08-18,2026-08-18,
"Xi'an ChenXi Aviation Technology Corp., Ltd. Class A",300581,China,SZSE,CNY,TRADINGVIEW_SCREENER,Electronic Technology,Aerospace & Defense,DEFENSE,838033138.2408999,UNDEFINED,,CNY,,TRUE,PRESENT,2026-08-18,2026-08-18,
"Shinmaywa Industries,Ltd.",7224,Japan,TSE,JPY,TRADINGVIEW_SCREENER,Electronic Technology,Aerospace & Defense,DEFENSE,832414864.0933502,UNDEFINED,,JPY,,TRUE,PRESENT,2026-08-18,2026-08-18,
Park Aerospace Corp.,PKE,United States,GETTEX,EUR,TRADINGVIEW_SCREENER,Electronic Technology,Aerospace & Defense,DEFENSE,830896283,UNDEFINED,,EUR,,TRUE,PRESENT,2026-08-18,2026-08-18,
"Nanjing LES Information Technology Co., Ltd Class A",688631,China,SSE,CNY,TRADINGVIEW_SCREENER,Electronic Technology,Aerospace & Defense,DEFENSE,815797951.0189599,UNDEFINED,,CNY,,TRUE,PRESENT,2026-08-18,2026-08-18,
"Aryt Industries, Ltd.",ARYTF,Israel,OTC,USD,TRADINGVIEW_SCREENER,Electronic Technology,Aerospace & Defense,DEFENSE,803631605.0021561,UNDEFINED,,USD,,TRUE,PRESENT,2026-08-18,2026-08-18,
Avon Technologies PLC,AVON,United Kingdom,LSE,GBX,TRADINGVIEW_SCREENER,Electronic Technology,Aerospace & Defense,DEFENSE,782864993.658,UNDEFINED,,GBX,,TRUE,PRESENT,2026-08-18,2026-08-18,
"Shandong Senter Electronic Co., Ltd. Class A",001388,China,SZSE,CNY,TRADINGVIEW_SCREENER,Electronic Technology,Aerospace & Defense,DEFENSE,769047609.2588099,UNDEFINED,,CNY,,TRUE,PRESENT,2026-08-18,2026-08-18,
Tokyo Keiki Inc.,7721,Japan,TSE,JPY,TRADINGVIEW_SCREENER,Electronic Technology,Aerospace & Defense,DEFENSE,763743953.5834501,UNDEFINED,,JPY,,TRUE,PRESENT,2026-08-18,2026-08-18,
"Sun-Create Electronics Co., Ltd Class A",600990,China,SSE,CNY,TRADINGVIEW_SCREENER,Electronic Technology,Aerospace & Defense,DEFENSE,741488853.66465,UNDEFINED,,CNY,,TRUE,PRESENT,2026-08-18,2026-08-18,
"Beijing Navigation Control Technology Co., Ltd. Class A",688282,China,SSE,CNY,TRADINGVIEW_SCREENER,Electronic Technology,Aerospace & Defense,DEFENSE,702713614.16053,UNDEFINED,,CNY,,TRUE,PRESENT,2026-08-18,2026-08-18,
Aerostar SA,ARS,Romania,BVB,RON,TRADINGVIEW_SCREENER,Electronic Technology,Aerospace & Defense,DEFENSE,665189907.0111,UNDEFINED,,RON,,TRUE,PRESENT,2026-08-18,2026-08-18,
"Smith & Wesson Brands, Inc.",A2P567,United States,LS,EUR,TRADINGVIEW_SCREENER,Electronic Technology,Aerospace & Defense,DEFENSE,642552607,UNDEFINED,,EUR,,TRUE,PRESENT,2026-08-18,2026-08-18,
"Chengdu Lihang Technology Co., Ltd. Class A",603261,China,SSE,CNY,TRADINGVIEW_SCREENER,Electronic Technology,Aerospace & Defense,DEFENSE,637560949.58276,UNDEFINED,,CNY,,TRUE,PRESENT,2026-08-18,2026-08-18,
"Nippon Avionics Co., Ltd.",6NA,Japan,SWB,EUR,TRADINGVIEW_SCREENER,Electronic Technology,Aerospace & Defense,DEFENSE,618406396.0271,UNDEFINED,,EUR,,TRUE,PRESENT,2026-08-18,2026-08-18,
Ashot Ashkelon Industries Ltd.,ASHO,Israel,TASE,ILA,TRADINGVIEW_SCREENER,Electronic Technology,Aerospace & Defense,DEFENSE,590363134.26815,UNDEFINED,,ILA,,TRUE,PRESENT,2026-08-18,2026-08-18,
Figeac Aero SA,1F1,France,GETTEX,EUR,TRADINGVIEW_SCREENER,Electronic Technology,Aerospace & Defense,DEFENSE,584119973.034,UNDEFINED,,EUR,,TRUE,PRESENT,2026-08-18,2026-08-18,
TAT Technologies Ltd.,TATT,Israel,TASE,ILA,TRADINGVIEW_SCREENER,Electronic Technology,Aerospace & Defense,DEFENSE,541892294,UNDEFINED,,ILA,,TRUE,PRESENT,2026-08-18,2026-08-18,
Continental Aerospace Technologies Holding Ltd.,232,Hong Kong,HKEX,HKD,TRADINGVIEW_SCREENER,Electronic Technology,Aerospace & Defense,DEFENSE,539288754.1678001,UNDEFINED,,HKD,,TRUE,PRESENT,2026-08-18,2026-08-18,
Virgin Galactic Holdings Inc,SPCE,United States,BX,CHF,TRADINGVIEW_SCREENER,Electronic Technology,Aerospace & Defense,DEFENSE,503298383.00000006,UNDEFINED,,CHF,,TRUE,PRESENT,2026-08-18,2026-08-18,
Sichuan Tianwei Electronic Co. Ltd. Class A,688511,China,SSE,CNY,TRADINGVIEW_SCREENER,Electronic Technology,Aerospace & Defense,DEFENSE,463943786.06736994,UNDEFINED,,CNY,,TRUE,PRESENT,2026-08-18,2026-08-18,
Seyond Holdings Ltd,2665,United States,HKEX,HKD,TRADINGVIEW_SCREENER,Electronic Technology,Aerospace & Defense,DEFENSE,459437365.89660007,UNDEFINED,,HKD,,TRUE,PRESENT,2026-08-18,2026-08-18,
"Beijing Emerging Eastern Aviation Equipment Co., Ltd. Class A",002933,China,SZSE,CNY,TRADINGVIEW_SCREENER,Electronic Technology,Aerospace & Defense,DEFENSE,452372191.49661,UNDEFINED,,CNY,,TRUE,PRESENT,2026-08-18,2026-08-18,
"Chenfull Precision Co., Ltd.",6829,Taiwan,TPEX,TWD,TRADINGVIEW_SCREENER,Electronic Technology,Aerospace & Defense,DEFENSE,450340702.548,UNDEFINED,,TWD,,TRUE,PRESENT,2026-08-18,2026-08-18,
"Innovative Solutions and Support, Inc.",ISSC,United States,NASDAQ,USD,TRADINGVIEW_SCREENER,Electronic Technology,Aerospace & Defense,DEFENSE,443541525.25565225,UNDEFINED,,USD,,TRUE,PRESENT,2026-08-18,2026-08-18,
"Chengdu Jouav Automation Tech Co., Ltd. Class A",688070,China,SSE,CNY,TRADINGVIEW_SCREENER,Electronic Technology,Aerospace & Defense,DEFENSE,439344718.94166,UNDEFINED,,CNY,,TRUE,PRESENT,2026-08-18,2026-08-18,
"Beijing Andawell Science & Technology Co., Ltd. Class A",300719,China,SZSE,CNY,TRADINGVIEW_SCREENER,Electronic Technology,Aerospace & Defense,DEFENSE,439277930.44961,UNDEFINED,,CNY,,TRUE,PRESENT,2026-08-18,2026-08-18,
Ideaforge Technology Limited,IDEAFORGE,India,NSE,INR,TRADINGVIEW_SCREENER,Electronic Technology,Aerospace & Defense,DEFENSE,427329542.877734,UNDEFINED,,INR,,TRUE,PRESENT,2026-08-18,2026-08-18,
Beijing Hengyu Datacom Aviation Equipment Co. Ltd. Class A,300965,China,SZSE,CNY,TRADINGVIEW_SCREENER,Electronic Technology,Aerospace & Defense,DEFENSE,391043767.99886996,UNDEFINED,,CNY,,TRUE,PRESENT,2026-08-18,2026-08-18,
"ispace,inc.",7VO,Japan,GETTEX,EUR,TRADINGVIEW_SCREENER,Electronic Technology,Aerospace & Defense,DEFENSE,390194666.1479,UNDEFINED,,EUR,,TRUE,PRESENT,2026-08-18,2026-08-18,
Smart Shooter Ltd.,SMSH,Israel,TASE,ILA,TRADINGVIEW_SCREENER,Electronic Technology,Aerospace & Defense,DEFENSE,387014574.18761003,UNDEFINED,,ILA,,TRUE,PRESENT,2026-08-18,2026-08-18,
Chengdu Tianjian Technology Co. Ltd. Class A,002977,China,SZSE,CNY,TRADINGVIEW_SCREENER,Electronic Technology,Aerospace & Defense,DEFENSE,375592312.49175996,UNDEFINED,,CNY,,TRUE,PRESENT,2026-08-18,2026-08-18,
Butler National Corp.,BUKS,United States,OTC,USD,TRADINGVIEW_SCREENER,Electronic Technology,Aerospace & Defense,DEFENSE,364097059.6421052,UNDEFINED,,USD,,TRUE,PRESENT,2026-08-18,2026-08-18,
MS International PLC,865031,United Kingdom,LS,EUR,TRADINGVIEW_SCREENER,Electronic Technology,Aerospace & Defense,DEFENSE,353617008.69,UNDEFINED,,EUR,,TRUE,PRESENT,2026-08-18,2026-08-18,
Altinay Savunma Teknolojileri A.S.,ALTNY,Turkey,BIST,TRY,TRADINGVIEW_SCREENER,Electronic Technology,Aerospace & Defense,DEFENSE,343617309.38442,UNDEFINED,,TRY,,TRUE,PRESENT,2026-08-18,2026-08-18,
Integrity Technology Group Inc. Class A,688244,China,SSE,CNY,TRADINGVIEW_SCREENER,Electronic Technology,Aerospace & Defense,DEFENSE,342872499.3106,UNDEFINED,,CNY,,TRUE,PRESENT,2026-08-18,2026-08-18,
"New Power Plasma Co., Ltd.",144960,South Korea,KRX,KRW,TRADINGVIEW_SCREENER,Electronic Technology,Aerospace & Defense,DEFENSE,317305956.325878,UNDEFINED,,KRW,,TRUE,PRESENT,2026-08-18,2026-08-18,
"Airo Group Holdings, Inc.",SI4,United States,GETTEX,EUR,TRADINGVIEW_SCREENER,Electronic Technology,Aerospace & Defense,DEFENSE,301990123,UNDEFINED,,EUR,,TRUE,PRESENT,2026-08-18,2026-08-18,
SDT Uzay ve Savunma Teknolojileri A.S.,SDTTR,Turkey,BIST,TRY,TRADINGVIEW_SCREENER,Electronic Technology,Aerospace & Defense,DEFENSE,301561575,UNDEFINED,,TRY,,TRUE,PRESENT,2026-08-18,2026-08-18,
Gabler Group AG,XK4,Germany,MUN,EUR,TRADINGVIEW_SCREENER,Electronic Technology,Aerospace & Defense,DEFENSE,286869834.25200003,UNDEFINED,,EUR,,TRUE,PRESENT,2026-08-18,2026-08-18,
"Applied Energetics, Inc.",AERG,United States,OTC,USD,TRADINGVIEW_SCREENER,Electronic Technology,Aerospace & Defense,DEFENSE,285330195.03999996,UNDEFINED,,USD,,TRUE,PRESENT,2026-08-18,2026-08-18,
VOLATUS AEROSPACE INC.,TAKOF,Canada,OTC,USD,TRADINGVIEW_SCREENER,Electronic Technology,Aerospace & Defense,DEFENSE,270069898.29248,UNDEFINED,,USD,,TRUE,PRESENT,2026-08-18,2026-08-18,
Embention Sistemas Inteligentes SA,ALUAV,Spain,EURONEXT,EUR,TRADINGVIEW_SCREENER,Electronic Technology,Aerospace & Defense,DEFENSE,262921019.53050002,UNDEFINED,,EUR,,TRUE,PRESENT,2026-08-18,2026-08-18,
"AeroEdge Co.,Ltd",7409,Japan,TSE,JPY,TRADINGVIEW_SCREENER,Electronic Technology,Aerospace & Defense,DEFENSE,261707523.76975,UNDEFINED,,JPY,,TRUE,PRESENT,2026-08-18,2026-08-18,
Outdoor Holding Company,A2DLLC,United States,LSX,EUR,TRADINGVIEW_SCREENER,Electronic Technology,Aerospace & Defense,DEFENSE,259874402.99999997,UNDEFINED,,EUR,,TRUE,PRESENT,2026-08-18,2026-08-18,
Outdoor Holding Company - 8.75% Series A Cumulative Redeemable Perpetual Preferred Stock,POWWP,United States,NASDAQ,USD,TRADINGVIEW_SCREENER,Electronic Technology,Aerospace & Defense,DEFENSE,259874402.99999997,UNDEFINED,,USD,,TRUE,PRESENT,2026-08-18,2026-08-18,
Qingda Oriental Group Co. Ltd. Class H,8115,Hong Kong,HKEX,HKD,TRADINGVIEW_SCREENER,Electronic Technology,Aerospace & Defense,DEFENSE,255245774.89320004,UNDEFINED,,HKD,,TRUE,PRESENT,2026-08-18,2026-08-18,
National Aerospace Fasteners Corporation,3004,Taiwan,TWSE,TWD,TRADINGVIEW_SCREENER,Electronic Technology,Aerospace & Defense,DEFENSE,254982858.61262298,UNDEFINED,,TWD,,TRUE,PRESENT,2026-08-18,2026-08-18,
RKK Energia,RKKE,Russian Federation,RUS,RUB,TRADINGVIEW_SCREENER,Electronic Technology,Aerospace & Defense,DEFENSE,252126956.9819,UNDEFINED,,RUB,,TRUE,PRESENT,2026-08-18,2026-08-18,
Maritime Launch Services Inc.,MAXQF,Canada,OTC,USD,TRADINGVIEW_SCREENER,Electronic Technology,Aerospace & Defense,DEFENSE,247218666,UNDEFINED,,USD,,TRUE,PRESENT,2026-08-18,2026-08-18,
Sika Interplant Systems Limited,SIKA,India,BSE,INR,TRADINGVIEW_SCREENER,Electronic Technology,Aerospace & Defense,DEFENSE,243775236.82380202,UNDEFINED,,INR,,TRUE,PRESENT,2026-08-18,2026-08-18,
"Anhui Jialiqi Advanced Composites Technology Co., Ltd. Class A",301586,China,SZSE,CNY,TRADINGVIEW_SCREENER,Electronic Technology,Aerospace & Defense,DEFENSE,233571832.22219,UNDEFINED,,CNY,,TRUE,PRESENT,2026-08-18,2026-08-18,
"Firstec Co., Ltd",010820,South Korea,KRX,KRW,TRADINGVIEW_SCREENER,Electronic Technology,Aerospace & Defense,DEFENSE,224808463.905948,UNDEFINED,,KRW,,TRUE,PRESENT,2026-08-18,2026-08-18,
Latecoere SA,12J0,France,GETTEX,EUR,TRADINGVIEW_SCREENER,Electronic Technology,Aerospace & Defense,DEFENSE,219227480.3835,UNDEFINED,,EUR,,TRUE,PRESENT,2026-08-18,2026-08-18,
ACSL Ltd.,6232,Japan,TSE,JPY,TRADINGVIEW_SCREENER,Electronic Technology,Aerospace & Defense,DEFENSE,212731366.769525,UNDEFINED,,JPY,,TRUE,PRESENT,2026-08-18,2026-08-18,
Samyang Comtech Co. Ltd.,484590,South Korea,KRX,KRW,TRADINGVIEW_SCREENER,Electronic Technology,Aerospace & Defense,DEFENSE,193829226.85573202,UNDEFINED,,KRW,,TRUE,PRESENT,2026-08-18,2026-08-18,
NSE SA,A0LCVP,France,LS,EUR,TRADINGVIEW_SCREENER,Electronic Technology,Aerospace & Defense,DEFENSE,188022197.16000003,UNDEFINED,,EUR,,TRUE,PRESENT,2026-08-18,2026-08-18,
CTT Systems AB,VG5,Sweden,GETTEX,EUR,TRADINGVIEW_SCREENER,Electronic Technology,Aerospace & Defense,DEFENSE,176141919.14519998,UNDEFINED,,EUR,,TRUE,PRESENT,2026-08-18,2026-08-18,
"Drewloong Precision, Inc.",4572,Taiwan,TWSE,TWD,TRADINGVIEW_SCREENER,Electronic Technology,Aerospace & Defense,DEFENSE,174680800,UNDEFINED,,TWD,,TRUE,PRESENT,2026-08-18,2026-08-18,
Fjord Defence Group ASA,DFENS,Norway,OSL,NOK,TRADINGVIEW_SCREENER,Electronic Technology,Aerospace & Defense,DEFENSE,170484399.22248,UNDEFINED,,NOK,,TRUE,PRESENT,2026-08-18,2026-08-18,
Krishna Defence and Allied Industries Limited,KRISHNADEF,India,NSE,INR,TRADINGVIEW_SCREENER,Electronic Technology,Aerospace & Defense,DEFENSE,168727612.74163082,UNDEFINED,,INR,,TRUE,PRESENT,2026-08-18,2026-08-18,
"Magnate Technology Co., Ltd.",4541,Taiwan,TPEX,TWD,TRADINGVIEW_SCREENER,Electronic Technology,Aerospace & Defense,DEFENSE,155937509.983416,UNDEFINED,,TWD,,TRUE,PRESENT,2026-08-18,2026-08-18,
IAR SA,IARV,Romania,BVB,RON,TRADINGVIEW_SCREENER,Electronic Technology,Aerospace & Defense,DEFENSE,155661458.41974002,UNDEFINED,,RON,,TRUE,PRESENT,2026-08-18,2026-08-18,
Primoco UAV SE,PRIUA,Czech Republic,PSECZ,CZK,TRADINGVIEW_SCREENER,Electronic Technology,Aerospace & Defense,DEFENSE,151002338.087908,UNDEFINED,,CZK,,TRUE,PRESENT,2026-08-18,2026-08-18,
"AeroSpace Technology of Korea, Inc.",067390,South Korea,KRX,KRW,TRADINGVIEW_SCREENER,Electronic Technology,Aerospace & Defense,DEFENSE,149552848.286244,UNDEFINED,,KRW,,TRUE,PRESENT,2026-08-18,2026-08-18,
AirBoss of America Corp.,ABSSF,Canada,OTC,USD,TRADINGVIEW_SCREENER,Electronic Technology,Aerospace & Defense,DEFENSE,146181631.9078591,UNDEFINED,,USD,,TRUE,PRESENT,2026-08-18,2026-08-18,
AirBoss of America Corporation,BOS,Canada,TSX,CAD,TRADINGVIEW_SCREENER,Electronic Technology,Aerospace & Defense,DEFENSE,144437614.39380002,UNDEFINED,,CAD,,TRUE,PRESENT,2026-08-18,2026-08-18,
"SIFCO Industries, Inc.",SIF,United States,AMEX,USD,TRADINGVIEW_SCREENER,Electronic Technology,Aerospace & Defense,DEFENSE,137903522.4,UNDEFINED,,USD,,TRUE,PRESENT,2026-08-18,2026-08-18,
"Liberaware Co.,Ltd.",218A,Japan,TSE,JPY,TRADINGVIEW_SCREENER,Electronic Technology,Aerospace & Defense,DEFENSE,133959341.825825,UNDEFINED,,JPY,,TRUE,PRESENT,2026-08-18,2026-08-18,
Taurus Armas S.A.,TASA3F,Brazil,BMFBOVESPA,BRL,TRADINGVIEW_SCREENER,Electronic Technology,Aerospace & Defense,DEFENSE,132473095.16759999,UNDEFINED,,BRL,,TRUE,PRESENT,2026-08-18,2026-08-18,
Taurus Armas S.A. Pfd,TASA4,Brazil,BMFBOVESPA,BRL,TRADINGVIEW_SCREENER,Electronic Technology,Aerospace & Defense,DEFENSE,132473095.16759999,UNDEFINED,,BRL,,TRUE,PRESENT,2026-08-18,2026-08-18,
New Horizon Aircraft Ltd.,HOVR,Canada,NASDAQ,USD,TRADINGVIEW_SCREENER,Electronic Technology,Aerospace & Defense,DEFENSE,132315157.37055837,UNDEFINED,,USD,,TRUE,PRESENT,2026-08-18,2026-08-18,
Scandinavian Astor Group AB,Y73,Sweden,GETTEX,EUR,TRADINGVIEW_SCREENER,Electronic Technology,Aerospace & Defense,DEFENSE,123115245.8954,UNDEFINED,,EUR,,TRUE,PRESENT,2026-08-18,2026-08-18,
DSIT Solutions Ltd.,DSIT,Israel,TASE,ILA,TRADINGVIEW_SCREENER,Electronic Technology,Aerospace & Defense,DEFENSE,122498213.99951401,UNDEFINED,,ILA,,TRUE,PRESENT,2026-08-18,2026-08-18,
Safe Pro Group Inc.,SPAI,United States,NASDAQ,USD,TRADINGVIEW_SCREENER,Electronic Technology,Aerospace & Defense,DEFENSE,121651018.49270666,UNDEFINED,,USD,,TRUE,PRESENT,2026-08-18,2026-08-18,
SOGECLAIR SA,2U0,France,GETTEX,EUR,TRADINGVIEW_SCREENER,Electronic Technology,Aerospace & Defense,DEFENSE,118594000.27800001,UNDEFINED,,EUR,,TRUE,PRESENT,2026-08-18,2026-08-18,
"Coda Octopus Group, Inc.",CODA,United States,NASDAQ,USD,TRADINGVIEW_SCREENER,Electronic Technology,Aerospace & Defense,DEFENSE,118109494.06332703,UNDEFINED,,USD,,TRUE,PRESENT,2026-08-18,2026-08-18,
"Orbitech Co., Ltd.",046120,South Korea,KRX,KRW,TRADINGVIEW_SCREENER,Electronic Technology,Aerospace & Defense,DEFENSE,117913346.66568601,UNDEFINED,,KRW,,TRUE,PRESENT,2026-08-18,2026-08-18,
KENCOA AEROSPACE CORPORATION,274090,South Korea,KRX,KRW,TRADINGVIEW_SCREENER,Electronic Technology,Aerospace & Defense,DEFENSE,114873581.53065601,UNDEFINED,,KRW,,TRUE,PRESENT,2026-08-18,2026-08-18,
Vertical Aerospace Ltd.,A40P0H,United Kingdom,LSX,EUR,TRADINGVIEW_SCREENER,Electronic Technology,Aerospace & Defense,DEFENSE,105605852,UNDEFINED,,EUR,,TRUE,PRESENT,2026-08-18,2026-08-18,
Momentus Inc.,MNTS,United States,NASDAQ,USD,TRADINGVIEW_SCREENER,Electronic Technology,Aerospace & Defense,DEFENSE,103008348.9070248,UNDEFINED,,USD,,TRUE,PRESENT,2026-08-18,2026-08-18,
"Byrna Technologies, Inc.",BYRN,United States,NASDAQ,USD,TRADINGVIEW_SCREENER,Electronic Technology,Aerospace & Defense,DEFENSE,89865689.15513125,UNDEFINED,,USD,,TRUE,PRESENT,2026-08-18,2026-08-18,
Aero Win Technology Corp.,8222,Taiwan,TWSE,TWD,TRADINGVIEW_SCREENER,Electronic Technology,Aerospace & Defense,DEFENSE,88341254.79245399,UNDEFINED,,TWD,,TRUE,PRESENT,2026-08-18,2026-08-18,
Taneja Aerospace & Aviation Ltd.,TANAA,India,BSE,INR,TRADINGVIEW_SCREENER,Electronic Technology,Aerospace & Defense,DEFENSE,82491555.36611201,UNDEFINED,,INR,,TRUE,PRESENT,2026-08-18,2026-08-18,
Mobilicom Limited,MOB,Israel,NASDAQ,USD,TRADINGVIEW_SCREENER,Electronic Technology,Aerospace & Defense,DEFENSE,75926560.59672132,UNDEFINED,,USD,,TRUE,PRESENT,2026-08-18,2026-08-18,
"CPI Aerostructures, Inc.",CVU,United States,AMEX,USD,TRADINGVIEW_SCREENER,Electronic Technology,Aerospace & Defense,DEFENSE,75920977.54095563,UNDEFINED,,USD,,TRUE,PRESENT,2026-08-18,2026-08-18,
CI Systems (Israel) Ltd.,CISY,Israel,TASE,ILA,TRADINGVIEW_SCREENER,Electronic Technology,Aerospace & Defense,DEFENSE,73089761.14397,UNDEFINED,,ILA,,TRUE,PRESENT,2026-08-18,2026-08-18,
"Accordance Systems, Inc.",7870,Taiwan,TPEX,TWD,TRADINGVIEW_SCREENER,Electronic Technology,Aerospace & Defense,DEFENSE,72891802.39999999,UNDEFINED,,TWD,,TRUE,PRESENT,2026-08-18,2026-08-18,
"AgEagle Aerial Systems, Inc.",0A4B,United States,LSE,USD,TRADINGVIEW_SCREENER,Electronic Technology,Aerospace & Defense,DEFENSE,63870865,UNDEFINED,,USD,,TRUE,PRESENT,2026-08-18,2026-08-18,
"Victek Co., Ltd",065450,South Korea,KRX,KRW,TRADINGVIEW_SCREENER,Electronic Technology,Aerospace & Defense,DEFENSE,62739340.444170006,UNDEFINED,,KRW,,TRUE,PRESENT,2026-08-18,2026-08-18,
NPO Nauka,NAUK,Russian Federation,RUS,RUB,TRADINGVIEW_SCREENER,Electronic Technology,Aerospace & Defense,DEFENSE,61506175.185,UNDEFINED,,RUB,,TRUE,PRESENT,2026-08-18,2026-08-18,
"Carbon-Based Technology, Inc.",7719,Taiwan,TPEX,TWD,TRADINGVIEW_SCREENER,Electronic Technology,Aerospace & Defense,DEFENSE,61200666,UNDEFINED,,TWD,,TRUE,PRESENT,2026-08-18,2026-08-18,
Imco Industries Ltd.,IMCO,Israel,TASE,ILA,TRADINGVIEW_SCREENER,Electronic Technology,Aerospace & Defense,DEFENSE,56855315.96744,UNDEFINED,,ILA,,TRUE,PRESENT,2026-08-18,2026-08-18,
Genesis Scale Holdings Limited,439,Hong Kong,HKEX,HKD,TRADINGVIEW_SCREENER,Electronic Technology,Aerospace & Defense,DEFENSE,54123097.392000005,UNDEFINED,,HKD,,TRUE,PRESENT,2026-08-18,2026-08-18,
Boresight Ltd.,BST,Australia,ASX,AUD,TRADINGVIEW_SCREENER,Electronic Technology,Aerospace & Defense,DEFENSE,52543205.83389,UNDEFINED,,AUD,,TRUE,PRESENT,2026-08-18,2026-08-18,
"Smart Radar System, Inc.",424960,South Korea,KRX,KRW,TRADINGVIEW_SCREENER,Electronic Technology,Aerospace & Defense,DEFENSE,48141794.47662,UNDEFINED,,KRW,,TRUE,PRESENT,2026-08-18,2026-08-18,
"Nsys Co., Ltd.",333620,South Korea,KRX,KRW,TRADINGVIEW_SCREENER,Electronic Technology,Aerospace & Defense,DEFENSE,43412711.292756006,UNDEFINED,,KRW,,TRUE,PRESENT,2026-08-18,2026-08-18,
Senstar Technologies Corporation,SNT,Canada,NASDAQ,USD,TRADINGVIEW_SCREENER,Electronic Technology,Aerospace & Defense,DEFENSE,40597074.782608695,UNDEFINED,,USD,,TRUE,PRESENT,2026-08-18,2026-08-18,
Defence Holdings Plc,A2QEBZ,United Kingdom,LS,EUR,TRADINGVIEW_SCREENER,Electronic Technology,Aerospace & Defense,DEFENSE,39850224.249,UNDEFINED,,EUR,,TRUE,PRESENT,2026-08-18,2026-08-18,
RSL Electronics Ltd.,RSEL,Israel,TASE,ILA,TRADINGVIEW_SCREENER,Electronic Technology,Aerospace & Defense,DEFENSE,37611902.24755,UNDEFINED,,ILA,,TRUE,PRESENT,2026-08-18,2026-08-18,
Rossell India Limited,ROSSELLIND,India,BSE,INR,TRADINGVIEW_SCREENER,Electronic Technology,Aerospace & Defense,DEFENSE,36178832.112118006,UNDEFINED,,INR,,TRUE,PRESENT,2026-08-18,2026-08-18,
DEFENCE HLDGS PLC,ALRDF,United Kingdom,OTC,USD,TRADINGVIEW_SCREENER,Electronic Technology,Aerospace & Defense,DEFENSE,34194485.141463414,UNDEFINED,,USD,,TRUE,PRESENT,2026-08-18,2026-08-18,
Drone Volt SA,A40P4Q,France,LS,EUR,TRADINGVIEW_SCREENER,Electronic Technology,Aerospace & Defense,DEFENSE,32739858.108000003,UNDEFINED,,EUR,,TRUE,PRESENT,2026-08-18,2026-08-18,
"Asahi-Seiki Manufacturing Co., Ltd.",6111,Japan,NAG,JPY,TRADINGVIEW_SCREENER,Electronic Technology,Aerospace & Defense,DEFENSE,30326898.063825,UNDEFINED,,JPY,,TRUE,PRESENT,2026-08-18,2026-08-18,
AVTECH Sweden AB,AVT_B,Sweden,OMXSTO,SEK,TRADINGVIEW_SCREENER,Electronic Technology,Aerospace & Defense,DEFENSE,29243420.8398,UNDEFINED,,SEK,,TRUE,PRESENT,2026-08-18,2026-08-18,
HOSOYA PYRO-ENGINEERING CO LTD,4274,Japan,TSE,JPY,TRADINGVIEW_SCREENER,Electronic Technology,Aerospace & Defense,DEFENSE,27727953.936,UNDEFINED,,JPY,,TRUE,PRESENT,2026-08-18,2026-08-18,
"HIZEAERO Co., Ltd.",221840,South Korea,KRX,KRW,TRADINGVIEW_SCREENER,Electronic Technology,Aerospace & Defense,DEFENSE,26518141.557648003,UNDEFINED,,KRW,,TRUE,PRESENT,2026-08-18,2026-08-18,
Porto Aviation Group S.P.A.,PAG,Italy,MIL,EUR,TRADINGVIEW_SCREENER,Electronic Technology,Aerospace & Defense,DEFENSE,26476091.041500002,UNDEFINED,,EUR,,TRUE,PRESENT,2026-08-18,2026-08-18,
BG T&A Co.,046310,South Korea,KRX,KRW,TRADINGVIEW_SCREENER,Electronic Technology,Aerospace & Defense,DEFENSE,25966066.133592002,UNDEFINED,,KRW,,TRUE,PRESENT,2026-08-18,2026-08-18,
Star Navigation Systems Group Ltd.,SNA,Canada,CSE,CAD,TRADINGVIEW_SCREENER,Electronic Technology,Aerospace & Defense,DEFENSE,24298896.243300002,UNDEFINED,,CAD,,TRUE,PRESENT,2026-08-18,2026-08-18,
"SolDefense Co., Ltd.",215090,South Korea,KRX,KRW,TRADINGVIEW_SCREENER,Electronic Technology,Aerospace & Defense,DEFENSE,24157063.047546003,UNDEFINED,,KRW,,TRUE,PRESENT,2026-08-18,2026-08-18,
Romaero SA,RORX,Romania,BVB,RON,TRADINGVIEW_SCREENER,Electronic Technology,Aerospace & Defense,DEFENSE,23144904.003960002,UNDEFINED,,RON,,TRUE,PRESENT,2026-08-18,2026-08-18,
Turbomecanica SA,TBM,Romania,BVB,RON,TRADINGVIEW_SCREENER,Electronic Technology,Aerospace & Defense,DEFENSE,22088233.924200002,UNDEFINED,,RON,,TRUE,PRESENT,2026-08-18,2026-08-18,
XER TECH HOLDING AB,XER,Sweden,NGM,SEK,TRADINGVIEW_SCREENER,Electronic Technology,Aerospace & Defense,DEFENSE,22063928.2982,UNDEFINED,,SEK,,TRUE,PRESENT,2026-08-18,2026-08-18,
"UXN Co., Ltd.",337840,South Korea,KRX,KRW,TRADINGVIEW_SCREENER,Electronic Technology,Aerospace & Defense,DEFENSE,21453978.701142002,UNDEFINED,,KRW,,TRUE,PRESENT,2026-08-18,2026-08-18,
Tonner Drones S.A.,A3D69Y,France,LSX,EUR,TRADINGVIEW_SCREENER,Electronic Technology,Aerospace & Defense,DEFENSE,20821277.8935,UNDEFINED,,EUR,,TRUE,PRESENT,2026-08-18,2026-08-18,
"Liberty Defense Holdings, Ltd.",DETX,United States,NASDAQ,USD,TRADINGVIEW_SCREENER,Electronic Technology,Aerospace & Defense,DEFENSE,20481745.266533066,UNDEFINED,,USD,,TRUE,PRESENT,2026-08-18,2026-08-18,
Miroku Corporation,7983,Japan,TSE,JPY,TRADINGVIEW_SCREENER,Electronic Technology,Aerospace & Defense,DEFENSE,19439783.34855,UNDEFINED,,JPY,,TRUE,PRESENT,2026-08-18,2026-08-18,
DUKE Robotics Corp.,DUKR,Israel,NASDAQ,USD,TRADINGVIEW_SCREENER,Electronic Technology,Aerospace & Defense,DEFENSE,19253997.03074141,UNDEFINED,,USD,,TRUE,PRESENT,2026-08-18,2026-08-18,
Bezvavlasy a.s.,BEZVA,Czech Republic,PSECZ,CZK,TRADINGVIEW_SCREENER,Electronic Technology,Aerospace & Defense,DEFENSE,18618990,UNDEFINED,,CZK,,TRUE,PRESENT,2026-08-18,2026-08-18,
EdgeLab S.p.A.,ELB,Italy,MIL,EUR,TRADINGVIEW_SCREENER,Electronic Technology,Aerospace & Defense,DEFENSE,18501454.543500002,UNDEFINED,,EUR,,TRUE,PRESENT,2026-08-18,2026-08-18,
Orbital Corporation Ltd,OEC,Australia,ASX,AUD,TRADINGVIEW_SCREENER,Electronic Technology,Aerospace & Defense,DEFENSE,17145635.998,UNDEFINED,,AUD,,TRUE,PRESENT,2026-08-18,2026-08-18,
Astrotech Corporation,SP5,United States,GETTEX,EUR,TRADINGVIEW_SCREENER,Electronic Technology,Aerospace & Defense,DEFENSE,16896111,UNDEFINED,,EUR,,TRUE,PRESENT,2026-08-18,2026-08-18,
Environmental Tectonics Corp.,ETCC,United States,OTC,USD,TRADINGVIEW_SCREENER,Electronic Technology,Aerospace & Defense,DEFENSE,16762493,UNDEFINED,,USD,,TRUE,PRESENT,2026-08-18,2026-08-18,
Food Culture Inc.,FCUL,United States,OTC,USD,TRADINGVIEW_SCREENER,Electronic Technology,Aerospace & Defense,DEFENSE,16270593.034931507,UNDEFINED,,USD,,TRUE,PRESENT,2026-08-18,2026-08-18,
Serstech AB,SERT,Sweden,OMXSTO,SEK,TRADINGVIEW_SCREENER,Electronic Technology,Aerospace & Defense,DEFENSE,13939328.3142,UNDEFINED,,SEK,,TRUE,PRESENT,2026-08-18,2026-08-18,
Global UAV Technologies Ltd,UAV.X,Canada,CSE,CAD,TRADINGVIEW_SCREENER,Electronic Technology,Aerospace & Defense,DEFENSE,13849548.801900001,UNDEFINED,,CAD,,TRUE,PRESENT,2026-08-18,2026-08-18,
BactiQuant A/S,BACTIQ,Denmark,OMXCOP,DKK,TRADINGVIEW_SCREENER,Electronic Technology,Aerospace & Defense,DEFENSE,13266826.948,UNDEFINED,,DKK,,TRUE,PRESENT,2026-08-18,2026-08-18,
Croma Security Solutions Group PLC,CSSG,United Kingdom,LSE,GBX,TRADINGVIEW_SCREENER,Electronic Technology,Aerospace & Defense,DEFENSE,13089981.399,UNDEFINED,,GBX,,TRUE,PRESENT,2026-08-18,2026-08-18,
Air Industries Group,AIRI,United States,AMEX,USD,TRADINGVIEW_SCREENER,Electronic Technology,Aerospace & Defense,DEFENSE,12126645.669291338,UNDEFINED,,USD,,TRUE,PRESENT,2026-08-18,2026-08-18,
Velocity Composites Plc,VEL,United Kingdom,LSE,GBX,TRADINGVIEW_SCREENER,Electronic Technology,Aerospace & Defense,DEFENSE,11464987.809,UNDEFINED,,GBX,,TRUE,PRESENT,2026-08-18,2026-08-18,
"Xeriant, Inc.",XERI,United States,OTC,USD,TRADINGVIEW_SCREENER,Electronic Technology,Aerospace & Defense,DEFENSE,11372721.846774194,UNDEFINED,,USD,,TRUE,PRESENT,2026-08-18,2026-08-18,
HighCom Limited,HCL,Australia,ASX,AUD,TRADINGVIEW_SCREENER,Electronic Technology,Aerospace & Defense,DEFENSE,10532132.1152,UNDEFINED,,AUD,,TRUE,PRESENT,2026-08-18,2026-08-18,
Danish Aerospace and Defence Company A/S,DADC,Denmark,OMXCOP,DKK,TRADINGVIEW_SCREENER,Electronic Technology,Aerospace & Defense,DEFENSE,10475529.090400001,UNDEFINED,,DKK,,TRUE,PRESENT,2026-08-18,2026-08-18,
"Bryton, Inc.",7558,Taiwan,TPEX,TWD,TRADINGVIEW_SCREENER,Electronic Technology,Aerospace & Defense,DEFENSE,10135611.424705999,UNDEFINED,,TWD,,TRUE,PRESENT,2026-08-18,2026-08-18,
Drone Destination Ltd.,DRONE,India,NSE,INR,TRADINGVIEW_SCREENER,Electronic Technology,Aerospace & Defense,DEFENSE,9786223.581824102,UNDEFINED,,INR,,TRUE,PRESENT,2026-08-18,2026-08-18,
YUNJING DIGITECH GROUP LIMITED,8147,China,HKEX,HKD,TRADINGVIEW_SCREENER,Electronic Technology,Aerospace & Defense,DEFENSE,9372372.737000002,UNDEFINED,,HKD,,TRUE,PRESENT,2026-08-18,2026-08-18,
Droneacharya Aerial Innovations Limited,DRONACHRYA,India,BSE,INR,TRADINGVIEW_SCREENER,Electronic Technology,Aerospace & Defense,DEFENSE,8977397.990366,UNDEFINED,,INR,,TRUE,PRESENT,2026-08-18,2026-08-18,
Thruvision Group PLC,THRU,United Kingdom,LSE,GBX,TRADINGVIEW_SCREENER,Electronic Technology,Aerospace & Defense,DEFENSE,8042494.482,UNDEFINED,,GBX,,TRUE,PRESENT,2026-08-18,2026-08-18,
Tel-Instrument Electronics Corp.,TIKK,United States,OTC,USD,TRADINGVIEW_SCREENER,Electronic Technology,Aerospace & Defense,DEFENSE,4916389,UNDEFINED,,USD,,TRUE,PRESENT,2026-08-18,2026-08-18,
Image Scan Holdings plc,IGE,United Kingdom,LSE,GBX,TRADINGVIEW_SCREENER,Electronic Technology,Aerospace & Defense,DEFENSE,4814270.307,UNDEFINED,,GBX,,TRUE,PRESENT,2026-08-18,2026-08-18,
"Fuse Science, Inc.",DROP,United States,OTC,USD,TRADINGVIEW_SCREENER,Electronic Technology,Aerospace & Defense,DEFENSE,4639140,UNDEFINED,,USD,,TRUE,PRESENT,2026-08-18,2026-08-18,
PT Utama Radar Cahaya Tbk,RCCC,Indonesia,IDX,IDR,TRADINGVIEW_SCREENER,Electronic Technology,Aerospace & Defense,DEFENSE,4630500,UNDEFINED,,IDR,,TRUE,PRESENT,2026-08-18,2026-08-18,
Aether Global Innovations Corp.,AETHF,Canada,OTC,USD,TRADINGVIEW_SCREENER,Electronic Technology,Aerospace & Defense,DEFENSE,3052608.3504000003,UNDEFINED,,USD,,TRUE,PRESENT,2026-08-18,2026-08-18,
SARSYS AB,SARS,Sweden,NGM,SEK,TRADINGVIEW_SCREENER,Electronic Technology,Aerospace & Defense,DEFENSE,2946210.3562,UNDEFINED,,SEK,,TRUE,PRESENT,2026-08-18,2026-08-18,
Azorean-Aquatic Technologies SA,MLAAT,Portugal,EURONEXT,EUR,TRADINGVIEW_SCREENER,Electronic Technology,Aerospace & Defense,DEFENSE,1612081.2015000002,UNDEFINED,,EUR,,TRUE,PRESENT,2026-08-18,2026-08-18,
SAFER SHOT INC,SAFS,United States,OTC,USD,TRADINGVIEW_SCREENER,Electronic Technology,Aerospace & Defense,DEFENSE,1160917,UNDEFINED,,USD,,TRUE,PRESENT,2026-08-18,2026-08-18,
Lamperd Less Lethal Inc.,LLLI,Canada,OTC,USD,TRADINGVIEW_SCREENER,Electronic Technology,Aerospace & Defense,DEFENSE,915937.9393939395,UNDEFINED,,USD,,TRUE,PRESENT,2026-08-18,2026-08-18,
"Mundus Group, Inc.",MNDP,United States,OTC,USD,TRADINGVIEW_SCREENER,Electronic Technology,Aerospace & Defense,DEFENSE,857566.0000000001,UNDEFINED,,USD,,TRUE,PRESENT,2026-08-18,2026-08-18,
Defense Technologies International Corp.,DTII,United States,OTC,USD,TRADINGVIEW_SCREENER,Electronic Technology,Aerospace & Defense,DEFENSE,525445,UNDEFINED,,USD,,TRUE,PRESENT,2026-08-18,2026-08-18,
"Umbra Applied Technologies Group, Inc.",UATG,United States,OTC,USD,TRADINGVIEW_SCREENER,Electronic Technology,Aerospace & Defense,DEFENSE,100000,UNDEFINED,,USD,,TRUE,PRESENT,2026-08-18,2026-08-18,
"Global Digital Solutions, Inc.",GDSI,United States,OTC,USD,TRADINGVIEW_SCREENER,Electronic Technology,Aerospace & Defense,DEFENSE,95353.20000000001,UNDEFINED,,USD,,TRUE,PRESENT,2026-08-18,2026-08-18,
Lilium N.V.,LILMF,Germany,OTC,USD,TRADINGVIEW_SCREENER,Electronic Technology,Aerospace & Defense,DEFENSE,65715,UNDEFINED,,USD,,TRUE,PRESENT,2026-08-18,2026-08-18,
Lilium N.V. Class A,0AB4,Germany,LSE,USD,TRADINGVIEW_SCREENER,Electronic Technology,Aerospace & Defense,DEFENSE,65715,UNDEFINED,,USD,,TRUE,PRESENT,2026-08-18,2026-08-18,
"Electronic Control Security, Inc.",EKCS,United States,OTC,USD,TRADINGVIEW_SCREENER,Electronic Technology,Aerospace & Defense,DEFENSE,10628.999999999998,UNDEFINED,,USD,,TRUE,PRESENT,2026-08-18,2026-08-18,
AMERICAN DEFENSE SYSTEMS INC,ADFS,United States,OTC,USD,TRADINGVIEW_SCREENER,Electronic Technology,Aerospace & Defense,DEFENSE,9341.749600000001,UNDEFINED,,USD,,TRUE,PRESENT,2026-08-18,2026-08-18,
Bantec Inc.,BANT,United States,OTC,USD,TRADINGVIEW_SCREENER,Electronic Technology,Aerospace & Defense,DEFENSE,5350.83,UNDEFINED,,USD,,TRUE,PRESENT,2026-08-18,2026-08-18,
US AEROSPACE INC,USAE,United States,OTC,USD,TRADINGVIEW_SCREENER,Electronic Technology,Aerospace & Defense,DEFENSE,3629,UNDEFINED,,USD,,TRUE,PRESENT,2026-08-18,2026-08-18,
"Drone Services USA, Inc.",DSUS,United States,OTC,USD,TRADINGVIEW_SCREENER,Electronic Technology,Aerospace & Defense,DEFENSE,656.3317,UNDEFINED,,USD,,TRUE,PRESENT,2026-08-18,2026-08-18,
EKWAN-X INC,EKWX,Canada,OTC,USD,TRADINGVIEW_SCREENER,Electronic Technology,Aerospace & Defense,DEFENSE,620,UNDEFINED,,USD,,TRUE,PRESENT,2026-08-18,2026-08-18,
HOMELAND SAFETY INTL INC,HSFI,United States,OTC,USD,TRADINGVIEW_SCREENER,Electronic Technology,Aerospace & Defense,DEFENSE,110.439,UNDEFINED,,USD,,TRUE,PRESENT,2026-08-18,2026-08-18,
GIGA-TRONICS INC,GIGAQ,United States,OTC,USD,TRADINGVIEW_SCREENER,Electronic Technology,Aerospace & Defense,DEFENSE,7.9315999999999995,UNDEFINED,,USD,,TRUE,PRESENT,2026-08-18,2026-08-18,
TURBINE AVIATION INC,TURA,United States,OTC,USD,TRADINGVIEW_SCREENER,Electronic Technology,Aerospace & Defense,DEFENSE,4,UNDEFINED,,USD,,TRUE,PRESENT,2026-08-18,2026-08-18,
Alternative Ballistics Corporation,ALBC,United States,OTC,USD,TRADINGVIEW_SCREENER,Electronic Technology,Aerospace & Defense,DEFENSE,,UNDEFINED,,USD,,TRUE,PRESENT,2026-08-18,2026-08-18,
Avioane Craiova SA,AVIO,Romania,BVB,RON,TRADINGVIEW_SCREENER,Electronic Technology,Aerospace & Defense,DEFENSE,,UNDEFINED,,RON,,TRUE,PRESENT,2026-08-18,2026-08-18,
Axon Vision Ltd.,AXN,Israel,TASE,ILA,TRADINGVIEW_SCREENER,Electronic Technology,Aerospace & Defense,DEFENSE,,UNDEFINED,,ILA,,TRUE,PRESENT,2026-08-18,2026-08-18,
Cando Drones Ltd.,CNDO,Israel,TASE,ILA,TRADINGVIEW_SCREENER,Electronic Technology,Aerospace & Defense,DEFENSE,,UNDEFINED,,ILA,,TRUE,PRESENT,2026-08-18,2026-08-18,
Dronamics Capital AD Registered Shs,DRON,Bulgaria,BSESOF,EUR,TRADINGVIEW_SCREENER,Electronic Technology,Aerospace & Defense,DEFENSE,,UNDEFINED,,EUR,,TRUE,PRESENT,2026-08-18,2026-08-18,
"KP Aero Industries Co., Ltd.",288180,South Korea,KRX,KRW,TRADINGVIEW_SCREENER,Electronic Technology,Aerospace & Defense,DEFENSE,,UNDEFINED,,KRW,,TRUE,PRESENT,2026-08-18,2026-08-18,
LIG디펜스앤에어로스페이스,079550,KR,KRX,KRW,NAVER_FINANCE,우주항공과국방,우주항공과국방,DEFENSE,,UNDEFINED,,KRW,,TRUE,PRESENT,2026-08-18,2026-08-18,
Liftero S.A.,LFR,Poland,NEWCONNECT,PLN,TRADINGVIEW_SCREENER,Electronic Technology,Aerospace & Defense,DEFENSE,,UNDEFINED,,PLN,,TRUE,PRESENT,2026-08-18,2026-08-18,
Mission Ready Solutions Inc.,MSNVF,Canada,OTC,USD,TRADINGVIEW_SCREENER,Electronic Technology,Aerospace & Defense,DEFENSE,,UNDEFINED,,USD,,TRUE,PRESENT,2026-08-18,2026-08-18,
RF머트리얼즈,327260,KR,KRX,KRW,NAVER_FINANCE,우주항공과국방,우주항공과국방,DEFENSE,,UNDEFINED,,KRW,,TRUE,PRESENT,2026-08-18,2026-08-18,
RF시스템즈,474610,KR,KRX,KRW,NAVER_FINANCE,우주항공과국방,우주항공과국방,DEFENSE,,UNDEFINED,,KRW,,TRUE,PRESENT,2026-08-18,2026-08-18,
US GLOBAL NANOSPACE INC,USGA,United States,OTC,USD,TRADINGVIEW_SCREENER,Electronic Technology,Aerospace & Defense,DEFENSE,,UNDEFINED,,USD,,TRUE,PRESENT,2026-08-18,2026-08-18,
나라스페이스테크놀로지,478340,KR,KRX,KRW,NAVER_FINANCE,우주항공과국방,우주항공과국방,DEFENSE,,UNDEFINED,,KRW,,TRUE,PRESENT,2026-08-18,2026-08-18,
루미르,474170,KR,KRX,KRW,NAVER_FINANCE,우주항공과국방,우주항공과국방,DEFENSE,,UNDEFINED,,KRW,,TRUE,PRESENT,2026-08-18,2026-08-18,
비츠로넥스텍,488900,KR,KRX,KRW,NAVER_FINANCE,우주항공과국방,우주항공과국방,DEFENSE,,UNDEFINED,,KRW,,TRUE,PRESENT,2026-08-18,2026-08-18,
빅텍,065450,KR,KRX,KRW,NAVER_FINANCE,우주항공과국방,우주항공과국방,DEFENSE,,UNDEFINED,,KRW,,TRUE,PRESENT,2026-08-18,2026-08-18,
삼양컴텍,484590,KR,KRX,KRW,NAVER_FINANCE,우주항공과국방,우주항공과국방,DEFENSE,,UNDEFINED,,KRW,,TRUE,PRESENT,2026-08-18,2026-08-18,
솔디펜스,215090,KR,KRX,KRW,NAVER_FINANCE,우주항공과국방,우주항공과국방,DEFENSE,,UNDEFINED,,KRW,,TRUE,PRESENT,2026-08-18,2026-08-18,
스피어,347700,KR,KRX,KRW,NAVER_FINANCE,우주항공과국방,우주항공과국방,DEFENSE,,UNDEFINED,,KRW,,TRUE,PRESENT,2026-08-18,2026-08-18,
쎄트렉아이,099320,KR,KRX,KRW,NAVER_FINANCE,우주항공과국방,우주항공과국방,DEFENSE,,UNDEFINED,,KRW,,TRUE,PRESENT,2026-08-18,2026-08-18,
아스트,067390,KR,KRX,KRW,NAVER_FINANCE,우주항공과국방,우주항공과국방,DEFENSE,,UNDEFINED,,KRW,,TRUE,PRESENT,2026-08-18,2026-08-18,
아이쓰리시스템,214430,KR,KRX,KRW,NAVER_FINANCE,우주항공과국방,우주항공과국방,DEFENSE,,UNDEFINED,,KRW,,TRUE,PRESENT,2026-08-18,2026-08-18,
엠앤씨솔루션,484870,KR,KRX,KRW,NAVER_FINANCE,우주항공과국방,우주항공과국방,DEFENSE,,UNDEFINED,,KRW,,TRUE,PRESENT,2026-08-18,2026-08-18,
우리기술,032820,KR,KRX,KRW,NAVER_FINANCE,우주항공과국방,우주항공과국방,DEFENSE,,UNDEFINED,,KRW,,TRUE,PRESENT,2026-08-18,2026-08-18,
웨이브일렉트로,095270,KR,KRX,KRW,NAVER_FINANCE,우주항공과국방,우주항공과국방,DEFENSE,,UNDEFINED,,KRW,,TRUE,PRESENT,2026-08-18,2026-08-18,
웨이비스,289930,KR,KRX,KRW,NAVER_FINANCE,우주항공과국방,우주항공과국방,DEFENSE,,UNDEFINED,,KRW,,TRUE,PRESENT,2026-08-18,2026-08-18,
이노스페이스,462350,KR,KRX,KRW,NAVER_FINANCE,우주항공과국방,우주항공과국방,DEFENSE,,UNDEFINED,,KRW,,TRUE,PRESENT,2026-08-18,2026-08-18,
제노코,361390,KR,KRX,KRW,NAVER_FINANCE,우주항공과국방,우주항공과국방,DEFENSE,,UNDEFINED,,KRW,,TRUE,PRESENT,2026-08-18,2026-08-18,
컨텍,451760,KR,KRX,KRW,NAVER_FINANCE,우주항공과국방,우주항공과국방,DEFENSE,,UNDEFINED,,KRW,,TRUE,PRESENT,2026-08-18,2026-08-18,
케이피항공산업,288180,KR,KRX,KRW,NAVER_FINANCE,우주항공과국방,우주항공과국방,DEFENSE,,UNDEFINED,,KRW,,TRUE,PRESENT,2026-08-18,2026-08-18,
켄코아에어로스페이스,274090,KR,KRX,KRW,NAVER_FINANCE,우주항공과국방,우주항공과국방,DEFENSE,,UNDEFINED,,KRW,,TRUE,PRESENT,2026-08-18,2026-08-18,
코츠테크놀로지,448710,KR,KRX,KRW,NAVER_FINANCE,우주항공과국방,우주항공과국방,DEFENSE,,UNDEFINED,,KRW,,TRUE,PRESENT,2026-08-18,2026-08-18,
타임기술,318660,KR,KRX,KRW,NAVER_FINANCE,우주항공과국방,우주항공과국방,DEFENSE,,UNDEFINED,,KRW,,TRUE,PRESENT,2026-08-18,2026-08-18,
탈로스,434190,KR,KRX,KRW,NAVER_FINANCE,우주항공과국방,우주항공과국방,DEFENSE,,UNDEFINED,,KRW,,TRUE,PRESENT,2026-08-18,2026-08-18,
퍼스텍,010820,KR,KRX,KRW,NAVER_FINANCE,우주항공과국방,우주항공과국방,DEFENSE,,UNDEFINED,,KRW,,TRUE,PRESENT,2026-08-18,2026-08-18,
하이즈항공,221840,KR,KRX,KRW,NAVER_FINANCE,우주항공과국방,우주항공과국방,DEFENSE,,UNDEFINED,,KRW,,TRUE,PRESENT,2026-08-18,2026-08-18,
한국항공우주,047810,KR,KRX,KRW,NAVER_FINANCE,우주항공과국방,우주항공과국방,DEFENSE,,UNDEFINED,,KRW,,TRUE,PRESENT,2026-08-18,2026-08-18,
한화시스템,272210,KR,KRX,KRW,NAVER_FINANCE,우주항공과국방,우주항공과국방,DEFENSE,,UNDEFINED,,KRW,,TRUE,PRESENT,2026-08-18,2026-08-18,
한화에어로스페이스,012450,KR,KRX,KRW,NAVER_FINANCE,우주항공과국방,우주항공과국방,DEFENSE,,UNDEFINED,,KRW,,TRUE,PRESENT,2026-08-18,2026-08-18,
현대로템,064350,KR,KRX,KRW,NAVER_FINANCE,우주항공과국방,우주항공과국방,DEFENSE,,UNDEFINED,,KRW,,TRUE,PRESENT,2026-08-18,2026-08-18,
휴니드,005870,KR,KRX,KRW,NAVER_FINANCE,우주항공과국방,우주항공과국방,DEFENSE,,UNDEFINED,,KRW,,TRUE,PRESENT,2026-08-18,2026-08-18,
Lam Research Corporation,LRCX,United States,NASDAQ,USD,TRADINGVIEW_SCREENER,Producer Manufacturing,Industrial Machinery,MACHINERY,430254209122.56104,UNDEFINED,,USD,,TRUE,PRESENT,2026-08-18,2026-08-18,
"Applied Materials, Inc.",AMAT,United States,NASDAQ,USD,TRADINGVIEW_SCREENER,Producer Manufacturing,Industrial Machinery,MACHINERY,425014406497.3816,UNDEFINED,,USD,,TRUE,PRESENT,2026-08-18,2026-08-18,
Siemens AG,SMAWF,Germany,OTC,USD,TRADINGVIEW_SCREENER,Producer Manufacturing,Industrial Machinery,MACHINERY,250784908690.9718,UNDEFINED,,USD,,TRUE,PRESENT,2026-08-18,2026-08-18,
Tokyo Electron Ltd.,TOELF,Japan,OTC,USD,TRADINGVIEW_SCREENER,Producer Manufacturing,Industrial Machinery,MACHINERY,172470044852.18933,UNDEFINED,,USD,,TRUE,PRESENT,2026-08-18,2026-08-18,
"Hitachi, Ltd.",6501/N,Japan,BMV,MXN,TRADINGVIEW_SCREENER,Producer Manufacturing,Industrial Machinery,MACHINERY,163647239174.65585,UNDEFINED,,MXN,,TRUE,PRESENT,2026-08-18,2026-08-18,
Parker-Hannifin Corporation,PH,United States,VIE,EUR,TRADINGVIEW_SCREENER,Producer Manufacturing,Industrial Machinery,MACHINERY,133128309305,UNDEFINED,,EUR,,TRUE,PRESENT,2026-08-18,2026-08-18,
Trane Technologies plc,0Y2S,Ireland,LSIN,USD,TRADINGVIEW_SCREENER,Producer Manufacturing,Industrial Machinery,MACHINERY,105655132810,UNDEFINED,,USD,,TRUE,PRESENT,2026-08-18,2026-08-18,
Atlas Copco AB,ATLPF,Sweden,OTC,USD,TRADINGVIEW_SCREENER,Producer Manufacturing,Industrial Machinery,MACHINERY,102954927512.23392,UNDEFINED,,USD,,TRUE,PRESENT,2026-08-18,2026-08-18,
Atlas Copco AB Class A,0XXT,Sweden,LSIN,SEK,TRADINGVIEW_SCREENER,Producer Manufacturing,Industrial Machinery,MACHINERY,101666020433.3084,UNDEFINED,,SEK,,TRUE,PRESENT,2026-08-18,2026-08-18,
Atlas Copco AB Class B,0XXV,Sweden,LSIN,SEK,TRADINGVIEW_SCREENER,Producer Manufacturing,Industrial Machinery,MACHINERY,101666020433.3084,UNDEFINED,,SEK,,TRUE,PRESENT,2026-08-18,2026-08-18,
Johnson Controls International plc,JCI,Ireland,NYSE,USD,TRADINGVIEW_SCREENER,Producer Manufacturing,Industrial Machinery,MACHINERY,93235733789.83807,UNDEFINED,,USD,,TRUE,PRESENT,2026-08-18,2026-08-18,
"Eoptolink Technology Inc., Ltd. Class A",300502,China,SZSE,CNY,TRADINGVIEW_SCREENER,Producer Manufacturing,Industrial Machinery,MACHINERY,92564780412.11954,UNDEFINED,,CNY,,TRUE,PRESENT,2026-08-18,2026-08-18,
NAURA Technology Group Co Ltd Class A,002371,China,SZSE,CNY,TRADINGVIEW_SCREENER,Producer Manufacturing,Industrial Machinery,MACHINERY,79012265292.46077,UNDEFINED,,CNY,,TRUE,PRESENT,2026-08-18,2026-08-18,
Honeywell International Inc.,HON2,United States,VIE,EUR,TRADINGVIEW_SCREENER,Producer Manufacturing,Industrial Machinery,MACHINERY,74151285099,UNDEFINED,,EUR,,TRUE,PRESENT,2026-08-18,2026-08-18,
Volvo AB,VOLVF,Sweden,OTC,USD,TRADINGVIEW_SCREENER,Producer Manufacturing,Trucks/Construction/Farm Machinery,MACHINERY,73966821223.29695,UNDEFINED,,USD,,TRUE,PRESENT,2026-08-18,2026-08-18,Broad industry; review for shipbuilding/construction-equipment.
Volvo AB Class A,0MHW,Sweden,LSIN,SEK,TRADINGVIEW_SCREENER,Producer Manufacturing,Trucks/Construction/Farm Machinery,MACHINERY,72360231364.545,UNDEFINED,,SEK,,TRUE,PRESENT,2026-08-18,2026-08-18,Broad industry; review for shipbuilding/construction-equipment.
Volvo AB Class B,VOLVO/N,Sweden,BIVA,MXN,TRADINGVIEW_SCREENER,Producer Manufacturing,Trucks/Construction/Farm Machinery,MACHINERY,72360231364.545,UNDEFINED,,MXN,,TRUE,PRESENT,2026-08-18,2026-08-18,Broad industry; review for shipbuilding/construction-equipment.
PACCAR Inc.,PCAR,United States,NASDAQ,USD,TRADINGVIEW_SCREENER,Producer Manufacturing,Trucks/Construction/Farm Machinery,MACHINERY,68869583801.10895,UNDEFINED,,USD,,TRUE,PRESENT,2026-08-18,2026-08-18,Broad industry; review for shipbuilding/construction-equipment.
Carrier Global Corp.,CARG,United States,VIE,EUR,TRADINGVIEW_SCREENER,Producer Manufacturing,Industrial Machinery,MACHINERY,51751127092,UNDEFINED,,EUR,,TRUE,PRESENT,2026-08-18,2026-08-18,
Carrier Global Corporation,CARR,United States,NYSE,USD,TRADINGVIEW_SCREENER,Producer Manufacturing,Industrial Machinery,MACHINERY,51569775579.41255,UNDEFINED,,USD,,TRUE,PRESENT,2026-08-18,2026-08-18,
ASM International N.V.,ASMXF,Netherlands,OTC,USD,TRADINGVIEW_SCREENER,Producer Manufacturing,Industrial Machinery,MACHINERY,51541005627.09176,UNDEFINED,,USD,,TRUE,PRESENT,2026-08-18,2026-08-18,
Westinghouse Air Brake Technologies Corporation,WAB,United States,NYSE,USD,TRADINGVIEW_SCREENER,Producer Manufacturing,Trucks/Construction/Farm Machinery,MACHINERY,50783043050.80447,UNDEFINED,,USD,,TRUE,PRESENT,2026-08-18,2026-08-18,Broad industry; review for shipbuilding/construction-equipment.
Sandvik AB,SDVKF,Sweden,OTC,USD,TRADINGVIEW_SCREENER,Producer Manufacturing,Trucks/Construction/Farm Machinery,MACHINERY,47967717079.379074,UNDEFINED,,USD,,TRUE,PRESENT,2026-08-18,2026-08-18,Broad industry; review for shipbuilding/construction-equipment.
Disco Corp.,DISPF,Japan,OTC,USD,TRADINGVIEW_SCREENER,Producer Manufacturing,Industrial Machinery,MACHINERY,45072487954.3739,UNDEFINED,,USD,,TRUE,PRESENT,2026-08-18,2026-08-18,
Disco Corporation,6146,Japan,TSE,JPY,TRADINGVIEW_SCREENER,Producer Manufacturing,Industrial Machinery,MACHINERY,44562699289.30625,UNDEFINED,,JPY,,TRUE,PRESENT,2026-08-18,2026-08-18,
Daikin Industries Ltd.,DKILF,Japan,OTC,USD,TRADINGVIEW_SCREENER,Producer Manufacturing,Industrial Machinery,MACHINERY,39297155096.12989,UNDEFINED,,USD,,TRUE,PRESENT,2026-08-18,2026-08-18,
Fanuc Corporation,FANUF,Japan,OTC,USD,TRADINGVIEW_SCREENER,Producer Manufacturing,Industrial Machinery,MACHINERY,38997072227.66171,UNDEFINED,,USD,,TRUE,PRESENT,2026-08-18,2026-08-18,
Jabil Inc.,JBL,United States,NYSE,USD,TRADINGVIEW_SCREENER,Producer Manufacturing,Industrial Machinery,MACHINERY,38759696072.20674,UNDEFINED,,USD,,TRUE,PRESENT,2026-08-18,2026-08-18,
"HD Hyundai Heavy Industries Co., Ltd.",329180,South Korea,KRX,KRW,TRADINGVIEW_SCREENER,Producer Manufacturing,Trucks/Construction/Farm Machinery,MACHINERY,37578218639.831535,UNDEFINED,,KRW,,TRUE,PRESENT,2026-08-18,2026-08-18,Broad industry; review for shipbuilding/construction-equipment.
China CSSC Holdings Limited Class A,600150,China,SSE,CNY,TRADINGVIEW_SCREENER,Producer Manufacturing,Trucks/Construction/Farm Machinery,MACHINERY,37270712594.11948,UNDEFINED,,CNY,,TRUE,PRESENT,2026-08-18,2026-08-18,Broad industry; review for shipbuilding/construction-equipment.
"Doosan Enerbility Co., Ltd.",034020,South Korea,KRX,KRW,TRADINGVIEW_SCREENER,Producer Manufacturing,Trucks/Construction/Farm Machinery,MACHINERY,37137503292.62665,UNDEFINED,,KRW,,TRUE,PRESENT,2026-08-18,2026-08-18,Broad industry; review for shipbuilding/construction-equipment.
Advanced Micro-Fabrication Equipment Inc. China Class A,688012,China,SSE,CNY,TRADINGVIEW_SCREENER,Producer Manufacturing,Industrial Machinery,MACHINERY,34781760670.59372,UNDEFINED,,CNY,,TRUE,PRESENT,2026-08-18,2026-08-18,
Schindler Holding AG,SHLRF,Switzerland,OTC,USD,TRADINGVIEW_SCREENER,Producer Manufacturing,Industrial Machinery,MACHINERY,33394954984.10258,UNDEFINED,,USD,,TRUE,PRESENT,2026-08-18,2026-08-18,
Schindler Holding Ltd.,SCHN,Switzerland,VIE,EUR,TRADINGVIEW_SCREENER,Producer Manufacturing,Industrial Machinery,MACHINERY,33364085290.676003,UNDEFINED,,EUR,,TRUE,PRESENT,2026-08-18,2026-08-18,
Schindler Holding Ltd. Pref,SCHP,Switzerland,VIE,EUR,TRADINGVIEW_SCREENER,Producer Manufacturing,Industrial Machinery,MACHINERY,33364085290.676003,UNDEFINED,,EUR,,TRUE,PRESENT,2026-08-18,2026-08-18,
Schindler Holding Ltd. TEMP,SCHPE,Switzerland,SIX,CHF,TRADINGVIEW_SCREENER,Producer Manufacturing,Industrial Machinery,MACHINERY,33364085290.676003,UNDEFINED,,CHF,,TRUE,PRESENT,2026-08-18,2026-08-18,
"Huagong Tech Co., Ltd. Class A",000988,China,SZSE,CNY,TRADINGVIEW_SCREENER,Producer Manufacturing,Industrial Machinery,MACHINERY,32559178048.032436,UNDEFINED,,CNY,,TRUE,PRESENT,2026-08-18,2026-08-18,
Ingersoll Rand Inc.,5GD,United States,GETTEX,EUR,TRADINGVIEW_SCREENER,Producer Manufacturing,Industrial Machinery,MACHINERY,32335872798.999996,UNDEFINED,,EUR,,TRUE,PRESENT,2026-08-18,2026-08-18,
"Gree Electric Appliances, Inc. of Zhuhai Class A",000651,China,SZSE,CNY,TRADINGVIEW_SCREENER,Producer Manufacturing,Industrial Machinery,MACHINERY,31525601221.930546,UNDEFINED,,CNY,,TRUE,PRESENT,2026-08-18,2026-08-18,
Kongsberg Gruppen ASA,0F08,Norway,LSIN,NOK,TRADINGVIEW_SCREENER,Producer Manufacturing,Trucks/Construction/Farm Machinery,MACHINERY,31345429441.21848,UNDEFINED,,NOK,,TRUE,PRESENT,2026-08-18,2026-08-18,Broad industry; review for shipbuilding/construction-equipment.
SMC Corp,SMECF,Japan,OTC,USD,TRADINGVIEW_SCREENER,Producer Manufacturing,Industrial Machinery,MACHINERY,30970011548.14047,UNDEFINED,,USD,,TRUE,PRESENT,2026-08-18,2026-08-18,
Epiroc Aktiebolag,EPIAF,Sweden,OTC,USD,TRADINGVIEW_SCREENER,Producer Manufacturing,Trucks/Construction/Farm Machinery,MACHINERY,30105741539.4795,UNDEFINED,,USD,,TRUE,PRESENT,2026-08-18,2026-08-18,Broad industry; review for shipbuilding/construction-equipment.
SMC Corporation,6273,Japan,TSE,JPY,TRADINGVIEW_SCREENER,Producer Manufacturing,Industrial Machinery,MACHINERY,30010937699.586727,UNDEFINED,,JPY,,TRUE,PRESENT,2026-08-18,2026-08-18,
Epiroc AB Class A,0YSU,Sweden,LSE,SEK,TRADINGVIEW_SCREENER,Producer Manufacturing,Trucks/Construction/Farm Machinery,MACHINERY,29807553305.003,UNDEFINED,,SEK,,TRUE,PRESENT,2026-08-18,2026-08-18,Broad industry; review for shipbuilding/construction-equipment.
Epiroc AB Class B,0YSV,Sweden,LSE,SEK,TRADINGVIEW_SCREENER,Producer Manufacturing,Trucks/Construction/Farm Machinery,MACHINERY,29807553305.003,UNDEFINED,,SEK,,TRUE,PRESENT,2026-08-18,2026-08-18,Broad industry; review for shipbuilding/construction-equipment.
Xylem Inc.,XY6,United States,BX,CHF,TRADINGVIEW_SCREENER,Producer Manufacturing,Industrial Machinery,MACHINERY,27943702259.000004,UNDEFINED,,CHF,,TRUE,PRESENT,2026-08-18,2026-08-18,
Dover Corporation,0ICP,United States,LSE,USD,TRADINGVIEW_SCREENER,Producer Manufacturing,Industrial Machinery,MACHINERY,27888234464,UNDEFINED,,USD,,TRUE,PRESENT,2026-08-18,2026-08-18,
"Symbotic, Inc. Class A",R7R,United States,SWB,EUR,TRADINGVIEW_SCREENER,Producer Manufacturing,Industrial Machinery,MACHINERY,25825033460,UNDEFINED,,EUR,,TRUE,PRESENT,2026-08-18,2026-08-18,
Symbotic Inc.,SYM,United States,NASDAQ,USD,TRADINGVIEW_SCREENER,Producer Manufacturing,Industrial Machinery,MACHINERY,25613352857.86885,UNDEFINED,,USD,,TRUE,PRESENT,2026-08-18,2026-08-18,
"Entegris, Inc.",ENTG,United States,NASDAQ,USD,TRADINGVIEW_SCREENER,Producer Manufacturing,Industrial Machinery,MACHINERY,24920151651.155167,UNDEFINED,,USD,,TRUE,PRESENT,2026-08-18,2026-08-18,
Alfa Laval AB,0NNF,Sweden,LSIN,SEK,TRADINGVIEW_SCREENER,Producer Manufacturing,Industrial Machinery,MACHINERY,24089948295.5656,UNDEFINED,,SEK,,TRUE,PRESENT,2026-08-18,2026-08-18,
CRRC Corporation Limited Class A,601766,China,SSE,CNY,TRADINGVIEW_SCREENER,Producer Manufacturing,Trucks/Construction/Farm Machinery,MACHINERY,23963177608.5884,UNDEFINED,,CNY,,TRUE,PRESENT,2026-08-18,2026-08-18,Broad industry; review for shipbuilding/construction-equipment.
CRRC Corporation Limited Class H,1766,China,HKEX,HKD,TRADINGVIEW_SCREENER,Producer Manufacturing,Trucks/Construction/Farm Machinery,MACHINERY,23963177608.5884,UNDEFINED,,HKD,,TRUE,PRESENT,2026-08-18,2026-08-18,Broad industry; review for shipbuilding/construction-equipment.
ZHEJIANG SANHUA INTELLIGENT CTLS CO LTD.,ZSINF,China,OTC,USD,TRADINGVIEW_SCREENER,Producer Manufacturing,Industrial Machinery,MACHINERY,23939571757.44453,UNDEFINED,,USD,,TRUE,PRESENT,2026-08-18,2026-08-18,
Veralto Corporation,0ADD,United States,LSIN,USD,TRADINGVIEW_SCREENER,Producer Manufacturing,Industrial Machinery,MACHINERY,23813734524,UNDEFINED,,USD,,TRUE,PRESENT,2026-08-18,2026-08-18,
VAT Group AG,VACN,Switzerland,VIE,EUR,TRADINGVIEW_SCREENER,Producer Manufacturing,Industrial Machinery,MACHINERY,23793166406.226,UNDEFINED,,EUR,,TRUE,PRESENT,2026-08-18,2026-08-18,
Veralto Corp,VLTO,United States,NYSE,USD,TRADINGVIEW_SCREENER,Producer Manufacturing,Industrial Machinery,MACHINERY,23587006707.585995,UNDEFINED,,USD,,TRUE,PRESENT,2026-08-18,2026-08-18,
"Sany Heavy Industry Co., Ltd. Class A",600031,China,SSE,CNY,TRADINGVIEW_SCREENER,Producer Manufacturing,Trucks/Construction/Farm Machinery,MACHINERY,23352315431.991005,UNDEFINED,,CNY,,TRUE,PRESENT,2026-08-18,2026-08-18,Broad industry; review for shipbuilding/construction-equipment.
"Sany Heavy Industry Co., Ltd. Class H",1741,China,GETTEX,EUR,TRADINGVIEW_SCREENER,Producer Manufacturing,Trucks/Construction/Farm Machinery,MACHINERY,23352315431.991005,UNDEFINED,,EUR,,TRUE,PRESENT,2026-08-18,2026-08-18,Broad industry; review for shipbuilding/construction-equipment.
BE Semiconductor Industries N.V.,BESVF,Netherlands,OTC,USD,TRADINGVIEW_SCREENER,Producer Manufacturing,Industrial Machinery,MACHINERY,22360708343.259098,UNDEFINED,,USD,,TRUE,PRESENT,2026-08-18,2026-08-18,
"Woodward, Inc.",WW1,United States,DUS,EUR,TRADINGVIEW_SCREENER,Producer Manufacturing,Industrial Machinery,MACHINERY,21880019709,UNDEFINED,,EUR,,TRUE,PRESENT,2026-08-18,2026-08-18,
"ACM Research (Shanghai), Inc. Class A",688082,China,SSE,CNY,TRADINGVIEW_SCREENER,Producer Manufacturing,Industrial Machinery,MACHINERY,21840986562.96389,UNDEFINED,,CNY,,TRUE,PRESENT,2026-08-18,2026-08-18,
"Guangdong Dtech Technology Co., Ltd. Class H",1377,China,HKEX,HKD,TRADINGVIEW_SCREENER,Producer Manufacturing,Industrial Machinery,MACHINERY,21793794139.226204,UNDEFINED,,HKD,,TRUE,PRESENT,2026-08-18,2026-08-18,
"Guangdong Dtech Technology Co., Ltd. Class A",301377,China,SZSE,CNY,TRADINGVIEW_SCREENER,Producer Manufacturing,Industrial Machinery,MACHINERY,21793794139.2262,UNDEFINED,,CNY,,TRUE,PRESENT,2026-08-18,2026-08-18,
MKS Inc.,MKSI,United States,NASDAQ,USD,TRADINGVIEW_SCREENER,Producer Manufacturing,Industrial Machinery,MACHINERY,21687654943.562515,UNDEFINED,,USD,,TRUE,PRESENT,2026-08-18,2026-08-18,
"Zhejiang Sanhua Intelligent Controls Co., Ltd.",2050,China,HKEX,HKD,TRADINGVIEW_SCREENER,Producer Manufacturing,Industrial Machinery,MACHINERY,20980111497.690804,UNDEFINED,,HKD,,TRUE,PRESENT,2026-08-18,2026-08-18,
"Zhejiang Sanhua Intelligent Controls Co., Ltd. Class A",002050,China,SZSE,CNY,TRADINGVIEW_SCREENER,Producer Manufacturing,Industrial Machinery,MACHINERY,20980111497.690804,UNDEFINED,,CNY,,TRUE,PRESENT,2026-08-18,2026-08-18,
Wartsila Corp.,WRTBF,Finland,OTC,USD,TRADINGVIEW_SCREENER,Producer Manufacturing,Trucks/Construction/Farm Machinery,MACHINERY,20939930006.984844,UNDEFINED,,USD,,TRUE,PRESENT,2026-08-18,2026-08-18,Broad industry; review for shipbuilding/construction-equipment.
"Hanwha Ocean Co., Ltd.",042660,South Korea,KRX,KRW,TRADINGVIEW_SCREENER,Producer Manufacturing,Trucks/Construction/Farm Machinery,MACHINERY,20605701012.781013,UNDEFINED,,KRW,,TRUE,PRESENT,2026-08-18,2026-08-18,Broad industry; review for shipbuilding/construction-equipment.
IHI Corporation,7013,Japan,TSE,JPY,TRADINGVIEW_SCREENER,Producer Manufacturing,Industrial Machinery,MACHINERY,20507987585.265526,UNDEFINED,,JPY,,TRUE,PRESENT,2026-08-18,2026-08-18,
Wartsila Oyj Abp,0IKJ,Finland,LSIN,EUR,TRADINGVIEW_SCREENER,Producer Manufacturing,Trucks/Construction/Farm Machinery,MACHINERY,20259329179.653,UNDEFINED,,EUR,,TRUE,PRESENT,2026-08-18,2026-08-18,Broad industry; review for shipbuilding/construction-equipment.
Kubota Corporation,6326,Japan,TSE,JPY,TRADINGVIEW_SCREENER,Producer Manufacturing,Trucks/Construction/Farm Machinery,MACHINERY,19651485362.223675,UNDEFINED,,JPY,,TRUE,PRESENT,2026-08-18,2026-08-18,Broad industry; review for shipbuilding/construction-equipment.
Kubota Corp.,KUBTF,Japan,OTC,USD,TRADINGVIEW_SCREENER,Producer Manufacturing,Trucks/Construction/Farm Machinery,MACHINERY,19178385327.146816,UNDEFINED,,USD,,TRUE,PRESENT,2026-08-18,2026-08-18,Broad industry; review for shipbuilding/construction-equipment.
"Shenzhen Han's CNC Technology Co., Ltd. Class A",301200,China,SZSE,CNY,TRADINGVIEW_SCREENER,Producer Manufacturing,Industrial Machinery,MACHINERY,18994408742.5638,UNDEFINED,,CNY,,TRUE,PRESENT,2026-08-18,2026-08-18,
"Shenzhen Han's CNC Technology Co., Ltd. Class H",3200,China,HKEX,HKD,TRADINGVIEW_SCREENER,Producer Manufacturing,Industrial Machinery,MACHINERY,18994408742.5638,UNDEFINED,,HKD,,TRUE,PRESENT,2026-08-18,2026-08-18,
IHI Corp,IHICF,Japan,OTC,USD,TRADINGVIEW_SCREENER,Producer Manufacturing,Industrial Machinery,MACHINERY,18758720690.91743,UNDEFINED,,USD,,TRUE,PRESENT,2026-08-18,2026-08-18,
IDEX Corporation,IEX,United States,NYSE,USD,TRADINGVIEW_SCREENER,Producer Manufacturing,Industrial Machinery,MACHINERY,17721527432.04767,UNDEFINED,,USD,,TRUE,PRESENT,2026-08-18,2026-08-18,
Nordson Corporation,NDSN,United States,NASDAQ,USD,TRADINGVIEW_SCREENER,Producer Manufacturing,Industrial Machinery,MACHINERY,17263092180.539997,UNDEFINED,,USD,,TRUE,PRESENT,2026-08-18,2026-08-18,
Ebara Corporation,6361,Japan,TSE,JPY,TRADINGVIEW_SCREENER,Producer Manufacturing,Industrial Machinery,MACHINERY,16819866285.489101,UNDEFINED,,JPY,,TRUE,PRESENT,2026-08-18,2026-08-18,
"SCREEN Holdings Co., Ltd",7735,Japan,TSE,JPY,TRADINGVIEW_SCREENER,Producer Manufacturing,Industrial Machinery,MACHINERY,16709745386.42005,UNDEFINED,,JPY,,TRUE,PRESENT,2026-08-18,2026-08-18,
Metso Corporation,0MGI,Finland,LSIN,EUR,TRADINGVIEW_SCREENER,Producer Manufacturing,Trucks/Construction/Farm Machinery,MACHINERY,15743550263.337002,UNDEFINED,,EUR,,TRUE,PRESENT,2026-08-18,2026-08-18,Broad industry; review for shipbuilding/construction-equipment.
Madison Air Solutions Corp. Class A,MAIR,United States,BIVA,MXN,TRADINGVIEW_SCREENER,Producer Manufacturing,Industrial Machinery,MACHINERY,15693883332.999998,UNDEFINED,,MXN,,TRUE,PRESENT,2026-08-18,2026-08-18,
Ebara Corp.,EBCOF,Japan,OTC,USD,TRADINGVIEW_SCREENER,Producer Manufacturing,Industrial Machinery,MACHINERY,15652769788.815714,UNDEFINED,,USD,,TRUE,PRESENT,2026-08-18,2026-08-18,
"Lincoln Electric Holdings, Inc.",908231,United States,LSX,EUR,TRADINGVIEW_SCREENER,Producer Manufacturing,Industrial Machinery,MACHINERY,15636066066,UNDEFINED,,EUR,,TRUE,PRESENT,2026-08-18,2026-08-18,
"Hanmi Semiconductor Co., Ltd",042700,South Korea,KRX,KRW,TRADINGVIEW_SCREENER,Producer Manufacturing,Industrial Machinery,MACHINERY,15248378063.781487,UNDEFINED,,KRW,,TRUE,PRESENT,2026-08-18,2026-08-18,
Lifco AB Class B,0R4P,Sweden,LSE,SEK,TRADINGVIEW_SCREENER,Producer Manufacturing,Industrial Machinery,MACHINERY,15146513376.0004,UNDEFINED,,SEK,,TRUE,PRESENT,2026-08-18,2026-08-18,
"GlobalWafers Co., Ltd.",6488,Taiwan,TPEX,TWD,TRADINGVIEW_SCREENER,Producer Manufacturing,Industrial Machinery,MACHINERY,14999519478.739983,UNDEFINED,,TWD,,TRUE,PRESENT,2026-08-18,2026-08-18,
"Daifuku Co., Ltd.",6383,Japan,TSE,JPY,TRADINGVIEW_SCREENER,Producer Manufacturing,Industrial Machinery,MACHINERY,14952636233.723751,UNDEFINED,,JPY,,TRUE,PRESENT,2026-08-18,2026-08-18,
"Han's Laser Technology Industry Group Co., Ltd. Class A",002008,China,SZSE,CNY,TRADINGVIEW_SCREENER,Producer Manufacturing,Industrial Machinery,MACHINERY,14880138568.545528,UNDEFINED,,CNY,,TRUE,PRESENT,2026-08-18,2026-08-18,
Madison Air Solutions Corporation,MAIR,United States,NYSE,USD,TRADINGVIEW_SCREENER,Producer Manufacturing,Industrial Machinery,MACHINERY,14835937664.859655,UNDEFINED,,USD,,TRUE,PRESENT,2026-08-18,2026-08-18,
Lennox International Inc.,1LII,United States,MIL,EUR,TRADINGVIEW_SCREENER,Producer Manufacturing,Industrial Machinery,MACHINERY,14584951459,UNDEFINED,,EUR,,TRUE,PRESENT,2026-08-18,2026-08-18,
BorgWarner Inc.,BWA,United States,NYSE,USD,TRADINGVIEW_SCREENER,Producer Manufacturing,Trucks/Construction/Farm Machinery,MACHINERY,14236279783.025053,UNDEFINED,,USD,,TRUE,PRESENT,2026-08-18,2026-08-18,Broad industry; review for shipbuilding/construction-equipment.
Kokusai Electric Corporation,6525,Japan,TSE,JPY,TRADINGVIEW_SCREENER,Producer Manufacturing,Industrial Machinery,MACHINERY,13726990221.35665,UNDEFINED,,JPY,,TRUE,PRESENT,2026-08-18,2026-08-18,
Sinotruk Hong Kong Ltd.,3808,China,HKEX,HKD,TRADINGVIEW_SCREENER,Producer Manufacturing,Trucks/Construction/Farm Machinery,MACHINERY,13711235463.325401,UNDEFINED,,HKD,,TRUE,PRESENT,2026-08-18,2026-08-18,Broad industry; review for shipbuilding/construction-equipment.
Doosan Corporation,000150,South Korea,KRX,KRW,TRADINGVIEW_SCREENER,Producer Manufacturing,Trucks/Construction/Farm Machinery,MACHINERY,13468350940.924465,UNDEFINED,,KRW,,TRUE,PRESENT,2026-08-18,2026-08-18,Broad industry; review for shipbuilding/construction-equipment.
Doosan Corporation Pfd Registered Shs -II- Issue 99,000157,South Korea,KRX,KRW,TRADINGVIEW_SCREENER,Producer Manufacturing,Trucks/Construction/Farm Machinery,MACHINERY,13468350940.924465,UNDEFINED,,KRW,,TRUE,PRESENT,2026-08-18,2026-08-18,Broad industry; review for shipbuilding/construction-equipment.
Doosan Corporation Pfd Registered Shs Non-Voting,000155,South Korea,KRX,KRW,TRADINGVIEW_SCREENER,Producer Manufacturing,Trucks/Construction/Farm Machinery,MACHINERY,13468350940.924465,UNDEFINED,,KRW,,TRUE,PRESENT,2026-08-18,2026-08-18,Broad industry; review for shipbuilding/construction-equipment.
"Samsung Heavy Industries Co., Ltd",010140,South Korea,KRX,KRW,TRADINGVIEW_SCREENER,Producer Manufacturing,Trucks/Construction/Farm Machinery,MACHINERY,13369585445.398027,UNDEFINED,,KRW,,TRUE,PRESENT,2026-08-18,2026-08-18,Broad industry; review for shipbuilding/construction-equipment.
Graco Inc.,859357,United States,LSX,EUR,TRADINGVIEW_SCREENER,Producer Manufacturing,Industrial Machinery,MACHINERY,13270496972,UNDEFINED,,EUR,,TRUE,PRESENT,2026-08-18,2026-08-18,
CNH Industrial NV,CNH/N,United Kingdom,BMV,MXN,TRADINGVIEW_SCREENER,Producer Manufacturing,Trucks/Construction/Farm Machinery,MACHINERY,12921858421,UNDEFINED,,MXN,,TRUE,PRESENT,2026-08-18,2026-08-18,Broad industry; review for shipbuilding/construction-equipment.
"Watts Water Technologies, Inc.",WTS,United States,NYSE,USD,TRADINGVIEW_SCREENER,Producer Manufacturing,Industrial Machinery,MACHINERY,12858483893.370064,UNDEFINED,,USD,,TRUE,PRESENT,2026-08-18,2026-08-18,
"Watts Water Technologies, Inc. Class A",WTS,United States,BMV,MXN,TRADINGVIEW_SCREENER,Producer Manufacturing,Industrial Machinery,MACHINERY,12833112774,UNDEFINED,,MXN,,TRUE,PRESENT,2026-08-18,2026-08-18,
"Robotechnik Intelligent Technology Co., Ltd. Class A",300757,China,SZSE,CNY,TRADINGVIEW_SCREENER,Producer Manufacturing,Industrial Machinery,MACHINERY,12816328330.515429,UNDEFINED,,CNY,,TRUE,PRESENT,2026-08-18,2026-08-18,
BELIMO Holding AG,0QMR,Switzerland,LSE,CHF,TRADINGVIEW_SCREENER,Producer Manufacturing,Industrial Machinery,MACHINERY,12797765810.894402,UNDEFINED,,CHF,,TRUE,PRESENT,2026-08-18,2026-08-18,
Beijing Huafeng Test & Control Technology Co. Ltd. Class A,688200,China,SSE,CNY,TRADINGVIEW_SCREENER,Producer Manufacturing,Industrial Machinery,MACHINERY,12140568227.534319,UNDEFINED,,CNY,,TRUE,PRESENT,2026-08-18,2026-08-18,
GEA Group Aktiengesellschaft,G1A,Germany,VIE,EUR,TRADINGVIEW_SCREENER,Producer Manufacturing,Industrial Machinery,MACHINERY,12128959793.331001,UNDEFINED,,EUR,,TRUE,PRESENT,2026-08-18,2026-08-18,
"HD HYUNDAI CO.,LTD.",267250,South Korea,KRX,KRW,TRADINGVIEW_SCREENER,Producer Manufacturing,Trucks/Construction/Farm Machinery,MACHINERY,11682974939.66694,UNDEFINED,,KRW,,TRUE,PRESENT,2026-08-18,2026-08-18,Broad industry; review for shipbuilding/construction-equipment.
"Beijing E-Town Semiconductor Technology Co., Ltd. Class A",688729,China,SSE,CNY,TRADINGVIEW_SCREENER,Producer Manufacturing,Industrial Machinery,MACHINERY,11593447719.86443,UNDEFINED,,CNY,,TRUE,PRESENT,2026-08-18,2026-08-18,
Modine Manufacturing Company,MOD,United States,NYSE,USD,TRADINGVIEW_SCREENER,Producer Manufacturing,Industrial Machinery,MACHINERY,11512178858.928402,UNDEFINED,,USD,,TRUE,PRESENT,2026-08-18,2026-08-18,
Hyundai Rotem Co.,064350,South Korea,KRX,KRW,TRADINGVIEW_SCREENER,Producer Manufacturing,Trucks/Construction/Farm Machinery,MACHINERY,11255168287.47683,UNDEFINED,,KRW,,TRUE,PRESENT,2026-08-18,2026-08-18,Broad industry; review for shipbuilding/construction-equipment.
Mazagon Dock Shipbuilders Ltd.,MAZDOCK,India,NSE,INR,TRADINGVIEW_SCREENER,Producer Manufacturing,Trucks/Construction/Farm Machinery,MACHINERY,10900505601.551453,UNDEFINED,,INR,,TRUE,PRESENT,2026-08-18,2026-08-18,Broad industry; review for shipbuilding/construction-equipment.
"Shenzhen Envicool Technology Co., Ltd. Class A",002837,China,SZSE,CNY,TRADINGVIEW_SCREENER,Producer Manufacturing,Industrial Machinery,MACHINERY,10748415127.50285,UNDEFINED,,CNY,,TRUE,PRESENT,2026-08-18,2026-08-18,
Ashok Leyland Limited,ASHOKLEY,India,NSE,INR,TRADINGVIEW_SCREENER,Producer Manufacturing,Trucks/Construction/Farm Machinery,MACHINERY,10575760684.902744,UNDEFINED,,INR,,TRUE,PRESENT,2026-08-18,2026-08-18,Broad industry; review for shipbuilding/construction-equipment.
Pentair plc,0Y5X,United Kingdom,LSE,USD,TRADINGVIEW_SCREENER,Producer Manufacturing,Industrial Machinery,MACHINERY,10561647668,UNDEFINED,,USD,,TRUE,PRESENT,2026-08-18,2026-08-18,
Flowserve Corporation,FLS,United States,NYSE,USD,TRADINGVIEW_SCREENER,Producer Manufacturing,Industrial Machinery,MACHINERY,10292321961.203289,UNDEFINED,,USD,,TRUE,PRESENT,2026-08-18,2026-08-18,
"KINGSEMI Co., Ltd. Class A",688037,China,SSE,CNY,TRADINGVIEW_SCREENER,Producer Manufacturing,Industrial Machinery,MACHINERY,10070244480.47611,UNDEFINED,,CNY,,TRUE,PRESENT,2026-08-18,2026-08-18,
IMI plc,IMI,United Kingdom,LSE,GBX,TRADINGVIEW_SCREENER,Producer Manufacturing,Industrial Machinery,MACHINERY,9860931208.029,UNDEFINED,,GBX,,TRUE,PRESENT,2026-08-18,2026-08-18,
"Leader Harmonious Drive Systems Co., Ltd. Class A",688017,China,SSE,CNY,TRADINGVIEW_SCREENER,Producer Manufacturing,Industrial Machinery,MACHINERY,9506789933.96566,UNDEFINED,,CNY,,TRUE,PRESENT,2026-08-18,2026-08-18,
Indutrade AB,IDDWF,Sweden,OTC,USD,TRADINGVIEW_SCREENER,Producer Manufacturing,Industrial Machinery,MACHINERY,9472397707.74436,UNDEFINED,,USD,,TRUE,PRESENT,2026-08-18,2026-08-18,
Andritz AG,ADRZF,Austria,OTC,USD,TRADINGVIEW_SCREENER,Producer Manufacturing,Industrial Machinery,MACHINERY,9444488638.150862,UNDEFINED,,USD,,TRUE,PRESENT,2026-08-18,2026-08-18,
Toro Company,861568,United States,LSX,EUR,TRADINGVIEW_SCREENER,Producer Manufacturing,Trucks/Construction/Farm Machinery,MACHINERY,9368680933,UNDEFINED,,EUR,,TRUE,PRESENT,2026-08-18,2026-08-18,Broad industry; review for shipbuilding/construction-equipment.
Sumco Corp.,SUMCF,Japan,OTC,USD,TRADINGVIEW_SCREENER,Producer Manufacturing,Industrial Machinery,MACHINERY,9314446862.79,UNDEFINED,,USD,,TRUE,PRESENT,2026-08-18,2026-08-18,
Weir PLC,WEIR,United Kingdom,LSE,GBX,TRADINGVIEW_SCREENER,Producer Manufacturing,Trucks/Construction/Farm Machinery,MACHINERY,9290598131.958,UNDEFINED,,GBX,,TRUE,PRESENT,2026-08-18,2026-08-18,Broad industry; review for shipbuilding/construction-equipment.
Toro Company (The),TTC,United States,NYSE,USD,TRADINGVIEW_SCREENER,Producer Manufacturing,Trucks/Construction/Farm Machinery,MACHINERY,9284878948.643017,UNDEFINED,,USD,,TRUE,PRESENT,2026-08-18,2026-08-18,Broad industry; review for shipbuilding/construction-equipment.
Timken Company (The),TKR,United States,NYSE,USD,TRADINGVIEW_SCREENER,Producer Manufacturing,Industrial Machinery,MACHINERY,9280925359.847193,UNDEFINED,,USD,,TRUE,PRESENT,2026-08-18,2026-08-18,
Timken Company,TKR,United States,BMV,MXN,TRADINGVIEW_SCREENER,Producer Manufacturing,Industrial Machinery,MACHINERY,9251127720,UNDEFINED,,MXN,,TRUE,PRESENT,2026-08-18,2026-08-18,
Airtac International Group,1590,Taiwan,TWSE,TWD,TRADINGVIEW_SCREENER,Producer Manufacturing,Industrial Machinery,MACHINERY,9108356000,UNDEFINED,,TWD,,TRUE,PRESENT,2026-08-18,2026-08-18,
ACCELLERON INDS LTD.,ACLIF,Switzerland,OTC,USD,TRADINGVIEW_SCREENER,Producer Manufacturing,Trucks/Construction/Farm Machinery,MACHINERY,8878247644.696405,UNDEFINED,,USD,,TRUE,PRESENT,2026-08-18,2026-08-18,Broad industry; review for shipbuilding/construction-equipment.
Gaztransport & Technigaz SA,GTT,France,VIE,EUR,TRADINGVIEW_SCREENER,Producer Manufacturing,Trucks/Construction/Farm Machinery,MACHINERY,8802969894.522001,UNDEFINED,,EUR,,TRUE,PRESENT,2026-08-18,2026-08-18,Broad industry; review for shipbuilding/construction-equipment.
Gaztransport Technigaz,GZPZF,France,OTC,USD,TRADINGVIEW_SCREENER,Producer Manufacturing,Trucks/Construction/Farm Machinery,MACHINERY,8690523494.894236,UNDEFINED,,USD,,TRUE,PRESENT,2026-08-18,2026-08-18,Broad industry; review for shipbuilding/construction-equipment.
Alstom SA,ALSO,France,VIE,EUR,TRADINGVIEW_SCREENER,Producer Manufacturing,Trucks/Construction/Farm Machinery,MACHINERY,8683300284.480001,UNDEFINED,,EUR,,TRUE,PRESENT,2026-08-18,2026-08-18,Broad industry; review for shipbuilding/construction-equipment.
Alstom,AOMFF,France,OTC,USD,TRADINGVIEW_SCREENER,Producer Manufacturing,Trucks/Construction/Farm Machinery,MACHINERY,8678676437.4122,UNDEFINED,,USD,,TRUE,PRESENT,2026-08-18,2026-08-18,Broad industry; review for shipbuilding/construction-equipment.
Accelleron Industries AG,ACLN,Switzerland,VIE,EUR,TRADINGVIEW_SCREENER,Producer Manufacturing,Trucks/Construction/Farm Machinery,MACHINERY,8654455803.2212,UNDEFINED,,EUR,,TRUE,PRESENT,2026-08-18,2026-08-18,Broad industry; review for shipbuilding/construction-equipment.
Accelleron Industries AG TEMP,ACLNE,Switzerland,SIX,CHF,TRADINGVIEW_SCREENER,Producer Manufacturing,Trucks/Construction/Farm Machinery,MACHINERY,8654455803.2212,UNDEFINED,,CHF,,TRUE,PRESENT,2026-08-18,2026-08-18,Broad industry; review for shipbuilding/construction-equipment.
Zoomlion Heavy Industry Science & Technology Co. Ltd. Class A,000157,China,SZSE,CNY,TRADINGVIEW_SCREENER,Producer Manufacturing,Industrial Machinery,MACHINERY,8650945082.252201,UNDEFINED,,CNY,,TRUE,PRESENT,2026-08-18,2026-08-18,
Zoomlion Heavy Industry Science & Technology Co. Ltd. Class H,1157,China,HKEX,HKD,TRADINGVIEW_SCREENER,Producer Manufacturing,Industrial Machinery,MACHINERY,8650945082.252201,UNDEFINED,,HKD,,TRUE,PRESENT,2026-08-18,2026-08-18,
OMRON Corporation,6645,Japan,TSE,JPY,TRADINGVIEW_SCREENER,Producer Manufacturing,Industrial Machinery,MACHINERY,8650706981.6042,UNDEFINED,,JPY,,TRUE,PRESENT,2026-08-18,2026-08-18,
SUMCO Corporation,3436,Japan,TSE,JPY,TRADINGVIEW_SCREENER,Producer Manufacturing,Industrial Machinery,MACHINERY,8613412177.8537,UNDEFINED,,JPY,,TRUE,PRESENT,2026-08-18,2026-08-18,
Zurn Elkay Water Solutions Corporation,4RX0,United States,GETTEX,EUR,TRADINGVIEW_SCREENER,Producer Manufacturing,Industrial Machinery,MACHINERY,8454092868,UNDEFINED,,EUR,,TRUE,PRESENT,2026-08-18,2026-08-18,
Wuxi Lead Intelligent Equipment Co. Ltd. Class A,300450,China,SZSE,CNY,TRADINGVIEW_SCREENER,Producer Manufacturing,Industrial Machinery,MACHINERY,8451091778.347402,UNDEFINED,,CNY,,TRUE,PRESENT,2026-08-18,2026-08-18,
Wuxi Lead Intelligent Equipment Co. Ltd. Class H,B580,China,GETTEX,EUR,TRADINGVIEW_SCREENER,Producer Manufacturing,Industrial Machinery,MACHINERY,8451091778.347402,UNDEFINED,,EUR,,TRUE,PRESENT,2026-08-18,2026-08-18,
"Zhejiang Jingsheng Mechanical & Electrical Co., Ltd. Class A",300316,China,SZSE,CNY,TRADINGVIEW_SCREENER,Producer Manufacturing,Industrial Machinery,MACHINERY,8431927503.678209,UNDEFINED,,CNY,,TRUE,PRESENT,2026-08-18,2026-08-18,
Nibe Industrier AB,NDRBF,Sweden,OTC,USD,TRADINGVIEW_SCREENER,Producer Manufacturing,Industrial Machinery,MACHINERY,8326354450.583593,UNDEFINED,,USD,,TRUE,PRESENT,2026-08-18,2026-08-18,
Rational AG,RTLLF,Germany,OTC,USD,TRADINGVIEW_SCREENER,Producer Manufacturing,Industrial Machinery,MACHINERY,8323904147.662818,UNDEFINED,,USD,,TRUE,PRESENT,2026-08-18,2026-08-18,
"X-Energy, Inc.",XE,United States,NASDAQ,USD,TRADINGVIEW_SCREENER,Producer Manufacturing,Industrial Machinery,MACHINERY,8312218393.623597,UNDEFINED,,USD,,TRUE,PRESENT,2026-08-18,2026-08-18,
Oklo Inc. Class A,OKLO,United States,BX,CHF,TRADINGVIEW_SCREENER,Producer Manufacturing,Industrial Machinery,MACHINERY,8255463701.999999,UNDEFINED,,CHF,,TRUE,PRESENT,2026-08-18,2026-08-18,
Rational Aktiengesellschaft,RAA,Germany,VIE,EUR,TRADINGVIEW_SCREENER,Producer Manufacturing,Industrial Machinery,MACHINERY,8218378041.732,UNDEFINED,,EUR,,TRUE,PRESENT,2026-08-18,2026-08-18,
"Circuit Fabology Microelectronics Equipment Co.,Ltd. Class A",688630,China,SSE,CNY,TRADINGVIEW_SCREENER,Producer Manufacturing,Industrial Machinery,MACHINERY,8185402832.825401,UNDEFINED,,CNY,,TRUE,PRESENT,2026-08-18,2026-08-18,
"Circuit Fabology Microelectronics Equipment Co.,Ltd. Class H",9630,China,HKEX,HKD,TRADINGVIEW_SCREENER,Producer Manufacturing,Industrial Machinery,MACHINERY,8185402832.825401,UNDEFINED,,HKD,,TRUE,PRESENT,2026-08-18,2026-08-18,
Oklo Inc.,OKLO,United States,NYSE,USD,TRADINGVIEW_SCREENER,Producer Manufacturing,Industrial Machinery,MACHINERY,8162454872.549796,UNDEFINED,,USD,,TRUE,PRESENT,2026-08-18,2026-08-18,
NIBE Industrier AB Class B,0RH0,Sweden,LSIN,SEK,TRADINGVIEW_SCREENER,Producer Manufacturing,Industrial Machinery,MACHINERY,8072507491.3628,UNDEFINED,,SEK,,TRUE,PRESENT,2026-08-18,2026-08-18,
LandMark Optoelectronics Corp.,3081,Taiwan,TPEX,TWD,TRADINGVIEW_SCREENER,Producer Manufacturing,Industrial Machinery,MACHINERY,8045829687.266089,UNDEFINED,,TWD,,TRUE,PRESENT,2026-08-18,2026-08-18,
Babcock International Group PLC,BAB,United Kingdom,LSE,GBX,TRADINGVIEW_SCREENER,Producer Manufacturing,Trucks/Construction/Farm Machinery,MACHINERY,7952653719.285,UNDEFINED,,GBX,,TRUE,PRESENT,2026-08-18,2026-08-18,Broad industry; review for shipbuilding/construction-equipment.
Terex Corporation,884072,United States,LS,EUR,TRADINGVIEW_SCREENER,Producer Manufacturing,Trucks/Construction/Farm Machinery,MACHINERY,7763255998,UNDEFINED,,EUR,,TRUE,PRESENT,2026-08-18,2026-08-18,Broad industry; review for shipbuilding/construction-equipment.
Konecranes Oyj,0MET,Finland,LSIN,EUR,TRADINGVIEW_SCREENER,Producer Manufacturing,Trucks/Construction/Farm Machinery,MACHINERY,7706342984.319,UNDEFINED,,EUR,,TRUE,PRESENT,2026-08-18,2026-08-18,Broad industry; review for shipbuilding/construction-equipment.
TKMS AG & Co. KGaA,TKMS,Germany,VIE,EUR,TRADINGVIEW_SCREENER,Producer Manufacturing,Trucks/Construction/Farm Machinery,MACHINERY,7640370203.580001,UNDEFINED,,EUR,,TRUE,PRESENT,2026-08-18,2026-08-18,Broad industry; review for shipbuilding/construction-equipment.
TKMS AG & CO.,TKMSF,Germany,OTC,USD,TRADINGVIEW_SCREENER,Producer Manufacturing,Trucks/Construction/Farm Machinery,MACHINERY,7622837676.923077,UNDEFINED,,USD,,TRUE,PRESENT,2026-08-18,2026-08-18,Broad industry; review for shipbuilding/construction-equipment.
"Jiangsu Lettall Electronic Co., Ltd. Class A",603629,China,SSE,CNY,TRADINGVIEW_SCREENER,Producer Manufacturing,Industrial Machinery,MACHINERY,7472495504.389159,UNDEFINED,,CNY,,TRUE,PRESENT,2026-08-18,2026-08-18,
Enpro Inc.,NPO,United States,NYSE,USD,TRADINGVIEW_SCREENER,Producer Manufacturing,Industrial Machinery,MACHINERY,7331002792.739675,UNDEFINED,,USD,,TRUE,PRESENT,2026-08-18,2026-08-18,
SPIRAX GROUP PLC,SPXSF,United Kingdom,OTC,USD,TRADINGVIEW_SCREENER,Producer Manufacturing,Industrial Machinery,MACHINERY,7299413213.805128,UNDEFINED,,USD,,TRUE,PRESENT,2026-08-18,2026-08-18,
"AAON, Inc.",AAON,United States,NASDAQ,USD,TRADINGVIEW_SCREENER,Producer Manufacturing,Industrial Machinery,MACHINERY,7263341734.532233,UNDEFINED,,USD,,TRUE,PRESENT,2026-08-18,2026-08-18,
Konecranes Plc,KNCRF,Finland,OTC,USD,TRADINGVIEW_SCREENER,Producer Manufacturing,Trucks/Construction/Farm Machinery,MACHINERY,7198200859.220399,UNDEFINED,,USD,,TRUE,PRESENT,2026-08-18,2026-08-18,Broad industry; review for shipbuilding/construction-equipment.
AGCO Corporation,AGCO,United States,VIE,EUR,TRADINGVIEW_SCREENER,Producer Manufacturing,Trucks/Construction/Farm Machinery,MACHINERY,7096314622,UNDEFINED,,EUR,,TRUE,PRESENT,2026-08-18,2026-08-18,Broad industry; review for shipbuilding/construction-equipment.
Wuhan DR Laser Technology Corp. Ltd. Class A,300776,China,SZSE,CNY,TRADINGVIEW_SCREENER,Producer Manufacturing,Industrial Machinery,MACHINERY,7039910415.392539,UNDEFINED,,CNY,,TRUE,PRESENT,2026-08-18,2026-08-18,
"Rainbow Robotics, Inc.",277810,South Korea,KRX,KRW,TRADINGVIEW_SCREENER,Producer Manufacturing,Industrial Machinery,MACHINERY,6822968354.461819,UNDEFINED,,KRW,,TRUE,PRESENT,2026-08-18,2026-08-18,
Mycronic AB,0MQG,Sweden,LSIN,SEK,TRADINGVIEW_SCREENER,Producer Manufacturing,Industrial Machinery,MACHINERY,6767957818.9842,UNDEFINED,,SEK,,TRUE,PRESENT,2026-08-18,2026-08-18,
"Horiba, Ltd.",6856,Japan,TSE,JPY,TRADINGVIEW_SCREENER,Producer Manufacturing,Industrial Machinery,MACHINERY,6584545338.7616,UNDEFINED,,JPY,,TRUE,PRESENT,2026-08-18,2026-08-18,
MISUMI Group Inc.,9962,Japan,TSE,JPY,TRADINGVIEW_SCREENER,Producer Manufacturing,Industrial Machinery,MACHINERY,6434018054.973875,UNDEFINED,,JPY,,TRUE,PRESENT,2026-08-18,2026-08-18,
OZATA DENIZCILIK SANAYI VE TICARET AS,OZATD,Turkey,BIST,TRY,TRADINGVIEW_SCREENER,Producer Manufacturing,Trucks/Construction/Farm Machinery,MACHINERY,6432630462.4301405,UNDEFINED,,TRY,,TRUE,PRESENT,2026-08-18,2026-08-18,Broad industry; review for shipbuilding/construction-equipment.
Sulzer AG,SULZ,Switzerland,VIE,EUR,TRADINGVIEW_SCREENER,Producer Manufacturing,Industrial Machinery,MACHINERY,6420934609.6308,UNDEFINED,,EUR,,TRUE,PRESENT,2026-08-18,2026-08-18,
KION GROUP AG,KGX,Germany,VIE,EUR,TRADINGVIEW_SCREENER,Producer Manufacturing,Industrial Machinery,MACHINERY,6331212057.861,UNDEFINED,,EUR,,TRUE,PRESENT,2026-08-18,2026-08-18,
JBT Marel Corporation,JBTM,United States,OMXICE,ISK,TRADINGVIEW_SCREENER,Producer Manufacturing,Industrial Machinery,MACHINERY,6234555738,UNDEFINED,,ISK,,TRUE,PRESENT,2026-08-18,2026-08-18,
Shanghai BOCHU Electronic Technology Corporation Limited Class A,688188,China,SSE,CNY,TRADINGVIEW_SCREENER,Producer Manufacturing,Industrial Machinery,MACHINERY,6179434950.688649,UNDEFINED,,CNY,,TRUE,PRESENT,2026-08-18,2026-08-18,
UBTECH ROBOTICS CORP LTD,UBTRF,China,OTC,USD,TRADINGVIEW_SCREENER,Producer Manufacturing,Industrial Machinery,MACHINERY,6080820464.464502,UNDEFINED,,USD,,TRUE,PRESENT,2026-08-18,2026-08-18,
"Neway Valve (Suzhou) Co., Ltd. Class A",603699,China,SSE,CNY,TRADINGVIEW_SCREENER,Producer Manufacturing,Industrial Machinery,MACHINERY,6070528514.346379,UNDEFINED,,CNY,,TRUE,PRESENT,2026-08-18,2026-08-18,
"Moon Environment Technology Co., Ltd. Class A",000811,China,SZSE,CNY,TRADINGVIEW_SCREENER,Producer Manufacturing,Industrial Machinery,MACHINERY,6028617370.53282,UNDEFINED,,CNY,,TRUE,PRESENT,2026-08-18,2026-08-18,
"ACM Research, Inc.",ACMR,United States,NASDAQ,USD,TRADINGVIEW_SCREENER,Producer Manufacturing,Industrial Machinery,MACHINERY,5964756905.494652,UNDEFINED,,USD,,TRUE,PRESENT,2026-08-18,2026-08-18,
Aixtron SE,AIXXF,Germany,OTC,USD,TRADINGVIEW_SCREENER,Producer Manufacturing,Industrial Machinery,MACHINERY,5950995738.126745,UNDEFINED,,USD,,TRUE,PRESENT,2026-08-18,2026-08-18,
UBTECH ROBOTICS CORP LTD Class H,9880,China,HKEX,HKD,TRADINGVIEW_SCREENER,Producer Manufacturing,Industrial Machinery,MACHINERY,5889638451.351201,UNDEFINED,,HKD,,TRUE,PRESENT,2026-08-18,2026-08-18,
Valmet Corp,0QIW,Finland,LSIN,EUR,TRADINGVIEW_SCREENER,Producer Manufacturing,Industrial Machinery,MACHINERY,5889111316.425,UNDEFINED,,EUR,,TRUE,PRESENT,2026-08-18,2026-08-18,
Seatrium Limited,5E2,Singapore,SGX,SGD,TRADINGVIEW_SCREENER,Producer Manufacturing,Trucks/Construction/Farm Machinery,MACHINERY,5662223652.0915,UNDEFINED,,SGD,,TRUE,PRESENT,2026-08-18,2026-08-18,Broad industry; review for shipbuilding/construction-equipment.
"Jusung Engineering Co., Ltd",036930,South Korea,KRX,KRW,TRADINGVIEW_SCREENER,Producer Manufacturing,Industrial Machinery,MACHINERY,5605059578.082588,UNDEFINED,,KRW,,TRUE,PRESENT,2026-08-18,2026-08-18,
"ACM Research, Inc. Class A",1ACMR,United States,MIL,EUR,TRADINGVIEW_SCREENER,Producer Manufacturing,Industrial Machinery,MACHINERY,5601188116.999999,UNDEFINED,,EUR,,TRUE,PRESENT,2026-08-18,2026-08-18,
Rotork PLC,RTOXF,United Kingdom,OTC,USD,TRADINGVIEW_SCREENER,Producer Manufacturing,Industrial Machinery,MACHINERY,5456655851.486375,UNDEFINED,,USD,,TRUE,PRESENT,2026-08-18,2026-08-18,
"Oceaneering International, Inc.",OII,United States,NYSE,USD,TRADINGVIEW_SCREENER,Producer Manufacturing,Industrial Machinery,MACHINERY,5385549323.146168,UNDEFINED,,USD,,TRUE,PRESENT,2026-08-18,2026-08-18,
Brunswick Corporation,BWI,United States,MUN,EUR,TRADINGVIEW_SCREENER,Producer Manufacturing,Trucks/Construction/Farm Machinery,MACHINERY,5356803580,UNDEFINED,,EUR,,TRUE,PRESENT,2026-08-18,2026-08-18,Broad industry; review for shipbuilding/construction-equipment.
Leo Group Co. Ltd. Class A,002131,China,SZSE,CNY,TRADINGVIEW_SCREENER,Producer Manufacturing,Industrial Machinery,MACHINERY,5348707525.654779,UNDEFINED,,CNY,,TRUE,PRESENT,2026-08-18,2026-08-18,
Middleby Corporation,0K1G,United States,LSE,USD,TRADINGVIEW_SCREENER,Producer Manufacturing,Industrial Machinery,MACHINERY,5332167131,UNDEFINED,,USD,,TRUE,PRESENT,2026-08-18,2026-08-18,
"Kulicke and Soffa Industries, Inc.",KLIC,United States,NASDAQ,USD,TRADINGVIEW_SCREENER,Producer Manufacturing,Industrial Machinery,MACHINERY,5325533633.669593,UNDEFINED,,USD,,TRUE,PRESENT,2026-08-18,2026-08-18,
"AMADA Co., Ltd.",6113,Japan,TSE,JPY,TRADINGVIEW_SCREENER,Producer Manufacturing,Industrial Machinery,MACHINERY,5313012660.046975,UNDEFINED,,JPY,,TRUE,PRESENT,2026-08-18,2026-08-18,
Kongsberg Maritime ASA,KMARO,Norway,OMXSTO,NOK,TRADINGVIEW_SCREENER,Producer Manufacturing,Trucks/Construction/Farm Machinery,MACHINERY,5310301068.73728,UNDEFINED,,NOK,,TRUE,PRESENT,2026-08-18,2026-08-18,Broad industry; review for shipbuilding/construction-equipment.
Georg Fischer AG,GEFI,Switzerland,VIE,EUR,TRADINGVIEW_SCREENER,Producer Manufacturing,Industrial Machinery,MACHINERY,5287329410.045201,UNDEFINED,,EUR,,TRUE,PRESENT,2026-08-18,2026-08-18,
ESAB Corporation,O03,United States,GETTEX,EUR,TRADINGVIEW_SCREENER,Producer Manufacturing,Industrial Machinery,MACHINERY,5272451689.999999,UNDEFINED,,EUR,,TRUE,PRESENT,2026-08-18,2026-08-18,
HOSHIZAKI Corp.,HS0,Japan,SWB,EUR,TRADINGVIEW_SCREENER,Producer Manufacturing,Industrial Machinery,MACHINERY,5262318637.843526,UNDEFINED,,EUR,,TRUE,PRESENT,2026-08-18,2026-08-18,
"THK Co., Ltd.",6481,Japan,TSE,JPY,TRADINGVIEW_SCREENER,Producer Manufacturing,Industrial Machinery,MACHINERY,5220678377.6362505,UNDEFINED,,JPY,,TRUE,PRESENT,2026-08-18,2026-08-18,
The Middleby Corporation,MIDD,United States,NASDAQ,USD,TRADINGVIEW_SCREENER,Producer Manufacturing,Industrial Machinery,MACHINERY,5195143414.547366,UNDEFINED,,USD,,TRUE,PRESENT,2026-08-18,2026-08-18,
"Kulicke & Soffa Industries, Inc.",KU1,United States,GETTEX,EUR,TRADINGVIEW_SCREENER,Producer Manufacturing,Industrial Machinery,MACHINERY,5185291616,UNDEFINED,,EUR,,TRUE,PRESENT,2026-08-18,2026-08-18,
Welspun Corp Limited,WELCORP,India,BSE,INR,TRADINGVIEW_SCREENER,Producer Manufacturing,Industrial Machinery,MACHINERY,5174716502.787072,UNDEFINED,,INR,,TRUE,PRESENT,2026-08-18,2026-08-18,
"Guangdong Shenling Environmental Systems Co., Ltd. Class A",301018,China,SZSE,CNY,TRADINGVIEW_SCREENER,Producer Manufacturing,Industrial Machinery,MACHINERY,5136035951.05083,UNDEFINED,,CNY,,TRUE,PRESENT,2026-08-18,2026-08-18,
Renishaw plc,RSW,United Kingdom,LSE,GBX,TRADINGVIEW_SCREENER,Producer Manufacturing,Industrial Machinery,MACHINERY,5096490056.361,UNDEFINED,,GBX,,TRUE,PRESENT,2026-08-18,2026-08-18,
Thermax Limited.,THERMAX,India,NSE,INR,TRADINGVIEW_SCREENER,Producer Manufacturing,Industrial Machinery,MACHINERY,5055822686.705978,UNDEFINED,,INR,,TRUE,PRESENT,2026-08-18,2026-08-18,
FUJI CORPORATION,6134,Japan,TSE,JPY,TRADINGVIEW_SCREENER,Producer Manufacturing,Industrial Machinery,MACHINERY,5017103114.1157255,UNDEFINED,,JPY,,TRUE,PRESENT,2026-08-18,2026-08-18,
"Hangcha Group Co., Ltd. Class A",603298,China,SSE,CNY,TRADINGVIEW_SCREENER,Producer Manufacturing,Industrial Machinery,MACHINERY,4953458681.168409,UNDEFINED,,CNY,,TRUE,PRESENT,2026-08-18,2026-08-18,
"Tokyo Seimitsu Co., Ltd",7729,Japan,TSE,JPY,TRADINGVIEW_SCREENER,Producer Manufacturing,Industrial Machinery,MACHINERY,4932999351.0437,UNDEFINED,,JPY,,TRUE,PRESENT,2026-08-18,2026-08-18,
"Anhui Yingliu Electromechanical Co., Ltd. Class A",603308,China,SSE,CNY,TRADINGVIEW_SCREENER,Producer Manufacturing,Industrial Machinery,MACHINERY,4928785168.573349,UNDEFINED,,CNY,,TRUE,PRESENT,2026-08-18,2026-08-18,
CECO Environmental Corp.,CECO,United States,NASDAQ,USD,TRADINGVIEW_SCREENER,Producer Manufacturing,Industrial Machinery,MACHINERY,4928650802.561252,UNDEFINED,,USD,,TRUE,PRESENT,2026-08-18,2026-08-18,
Alliance Laundry Holdings Inc.,ALH,United States,NYSE,USD,TRADINGVIEW_SCREENER,Producer Manufacturing,Industrial Machinery,MACHINERY,4927485577.293287,UNDEFINED,,USD,,TRUE,PRESENT,2026-08-18,2026-08-18,
Haitian International Holdings Ltd,HAIIF,China,OTC,USD,TRADINGVIEW_SCREENER,Producer Manufacturing,Industrial Machinery,MACHINERY,4788000143.5167,UNDEFINED,,USD,,TRUE,PRESENT,2026-08-18,2026-08-18,
"Zhejiang Shuanghuan Driveline Co., Ltd. Class A",002472,China,SZSE,CNY,TRADINGVIEW_SCREENER,Producer Manufacturing,Industrial Machinery,MACHINERY,4733645008.009959,UNDEFINED,,CNY,,TRUE,PRESENT,2026-08-18,2026-08-18,
"Kunshan Kinglai Hygienic Materials Co., Ltd. Class A",300260,China,SZSE,CNY,TRADINGVIEW_SCREENER,Producer Manufacturing,Industrial Machinery,MACHINERY,4680367495.28922,UNDEFINED,,CNY,,TRUE,PRESENT,2026-08-18,2026-08-18,
"Franklin Electric Co., Inc.",FE4,United States,GETTEX,EUR,TRADINGVIEW_SCREENER,Producer Manufacturing,Industrial Machinery,MACHINERY,4676246391,UNDEFINED,,EUR,,TRUE,PRESENT,2026-08-18,2026-08-18,
"HD Construction Equipment Co., Ltd.",267270,South Korea,KRX,KRW,TRADINGVIEW_SCREENER,Producer Manufacturing,Trucks/Construction/Farm Machinery,MACHINERY,4662666483.206004,UNDEFINED,,KRW,,TRUE,PRESENT,2026-08-18,2026-08-18,Broad industry; review for shipbuilding/construction-equipment.
Hiab Oyj Class B,0MGH,Finland,LSIN,EUR,TRADINGVIEW_SCREENER,Producer Manufacturing,Trucks/Construction/Farm Machinery,MACHINERY,4653478042.1640005,UNDEFINED,,EUR,,TRUE,PRESENT,2026-08-18,2026-08-18,Broad industry; review for shipbuilding/construction-equipment.
Danieli & C. Officine Meccaniche S.p.A.,0APM,Italy,LSE,EUR,TRADINGVIEW_SCREENER,Producer Manufacturing,Industrial Machinery,MACHINERY,4652322456.955501,UNDEFINED,,EUR,,TRUE,PRESENT,2026-08-18,2026-08-18,
Danieli & C.Officine Meccaniche SPA Az. di risp. Non Conv.,0N4I,Italy,LSE,EUR,TRADINGVIEW_SCREENER,Producer Manufacturing,Industrial Machinery,MACHINERY,4652322456.955501,UNDEFINED,,EUR,,TRUE,PRESENT,2026-08-18,2026-08-18,
"Infore Environment Technology Group Co., Ltd. Class A",000967,China,SZSE,CNY,TRADINGVIEW_SCREENER,Producer Manufacturing,Industrial Machinery,MACHINERY,4631383897.33089,UNDEFINED,,CNY,,TRUE,PRESENT,2026-08-18,2026-08-18,
"BRP, Inc.",DOO,Canada,TSX,CAD,TRADINGVIEW_SCREENER,Producer Manufacturing,Trucks/Construction/Farm Machinery,MACHINERY,4612329404.220301,UNDEFINED,,CAD,,TRUE,PRESENT,2026-08-18,2026-08-18,Broad industry; review for shipbuilding/construction-equipment.
"Sumitomo Heavy Industries, Ltd.",6302,Japan,TSE,JPY,TRADINGVIEW_SCREENER,Producer Manufacturing,Industrial Machinery,MACHINERY,4610709377.00525,UNDEFINED,,JPY,,TRUE,PRESENT,2026-08-18,2026-08-18,
Voltas Limited,VOLTAS,India,NSE,INR,TRADINGVIEW_SCREENER,Producer Manufacturing,Industrial Machinery,MACHINERY,4592034898.054058,UNDEFINED,,INR,,TRUE,PRESENT,2026-08-18,2026-08-18,
Interpump Group S.p.A.,IP,Italy,VIE,EUR,TRADINGVIEW_SCREENER,Producer Manufacturing,Industrial Machinery,MACHINERY,4538788225.132501,UNDEFINED,,EUR,,TRUE,PRESENT,2026-08-18,2026-08-18,
"Modec, Inc.",6269,Japan,TSE,JPY,TRADINGVIEW_SCREENER,Producer Manufacturing,Trucks/Construction/Farm Machinery,MACHINERY,4504415358.43455,UNDEFINED,,JPY,,TRUE,PRESENT,2026-08-18,2026-08-18,Broad industry; review for shipbuilding/construction-equipment.
Estun Automation Co. Ltd. Class A,002747,China,SZSE,CNY,TRADINGVIEW_SCREENER,Producer Manufacturing,Industrial Machinery,MACHINERY,4462079967.7454,UNDEFINED,,CNY,,TRUE,PRESENT,2026-08-18,2026-08-18,
Estun Automation Co. Ltd. Class H,2715,China,HKEX,HKD,TRADINGVIEW_SCREENER,Producer Manufacturing,Industrial Machinery,MACHINERY,4462079967.7454,UNDEFINED,,HKD,,TRUE,PRESENT,2026-08-18,2026-08-18,
"Axcelis Technologies, Inc.",ACLS,United States,NASDAQ,USD,TRADINGVIEW_SCREENER,Producer Manufacturing,Industrial Machinery,MACHINERY,4450331157.326935,UNDEFINED,,USD,,TRUE,PRESENT,2026-08-18,2026-08-18,
Doosan Bobcat Inc.,241560,South Korea,KRX,KRW,TRADINGVIEW_SCREENER,Producer Manufacturing,Trucks/Construction/Farm Machinery,MACHINERY,4441331175.84234,UNDEFINED,,KRW,,TRUE,PRESENT,2026-08-18,2026-08-18,Broad industry; review for shipbuilding/construction-equipment.
INDO-MIM Limited,INDOMIM,India,BSE,INR,TRADINGVIEW_SCREENER,Producer Manufacturing,Industrial Machinery,MACHINERY,4398688470.704243,UNDEFINED,,INR,,TRUE,PRESENT,2026-08-18,2026-08-18,
AIA Engineering Limited,AIAENG,India,NSE,INR,TRADINGVIEW_SCREENER,Producer Manufacturing,Industrial Machinery,MACHINERY,4389867547.036343,UNDEFINED,,INR,,TRUE,PRESENT,2026-08-18,2026-08-18,
DMG MORI Aktiengesellschaft,GIL,Germany,VIE,EUR,TRADINGVIEW_SCREENER,Producer Manufacturing,Industrial Machinery,MACHINERY,4329767931.637501,UNDEFINED,,EUR,,TRUE,PRESENT,2026-08-18,2026-08-18,
Formosa Sumco Technology Corporation,3532,Taiwan,TWSE,TWD,TRADINGVIEW_SCREENER,Producer Manufacturing,Industrial Machinery,MACHINERY,4306941748.91163,UNDEFINED,,TWD,,TRUE,PRESENT,2026-08-18,2026-08-18,
Organo Corp.,ORGJF,Japan,OTC,USD,TRADINGVIEW_SCREENER,Producer Manufacturing,Industrial Machinery,MACHINERY,4267668834.688062,UNDEFINED,,USD,,TRUE,PRESENT,2026-08-18,2026-08-18,
Krones AG,KRN,Germany,VIE,EUR,TRADINGVIEW_SCREENER,Producer Manufacturing,Industrial Machinery,MACHINERY,4194492345.216,UNDEFINED,,EUR,,TRUE,PRESENT,2026-08-18,2026-08-18,
"Zhejiang Dingli Machinery Co., Ltd. Class A",603338,China,SSE,CNY,TRADINGVIEW_SCREENER,Producer Manufacturing,Trucks/Construction/Farm Machinery,MACHINERY,4171984295.96648,UNDEFINED,,CNY,,TRUE,PRESENT,2026-08-18,2026-08-18,Broad industry; review for shipbuilding/construction-equipment.
Haitian International Holdings Limited,HI6,China,GETTEX,EUR,TRADINGVIEW_SCREENER,Producer Manufacturing,Industrial Machinery,MACHINERY,4139807068.0876007,UNDEFINED,,EUR,,TRUE,PRESENT,2026-08-18,2026-08-18,
"Mueller Water Products, Inc. Class A",JT5,United States,GETTEX,EUR,TRADINGVIEW_SCREENER,Producer Manufacturing,Industrial Machinery,MACHINERY,3987449789.9999995,UNDEFINED,,EUR,,TRUE,PRESENT,2026-08-18,2026-08-18,
"Wonik IPS Co., Ltd.",240810,South Korea,KRX,KRW,TRADINGVIEW_SCREENER,Producer Manufacturing,Industrial Machinery,MACHINERY,3982623862.4588523,UNDEFINED,,KRW,,TRUE,PRESENT,2026-08-18,2026-08-18,
"Ultra Clean Holdings, Inc.",UCTT,United States,NASDAQ,USD,TRADINGVIEW_SCREENER,Producer Manufacturing,Industrial Machinery,MACHINERY,3978945158.5145407,UNDEFINED,,USD,,TRUE,PRESENT,2026-08-18,2026-08-18,
"Harmonic Drive Systems, Inc.",HSYDF,Japan,OTC,USD,TRADINGVIEW_SCREENER,Producer Manufacturing,Industrial Machinery,MACHINERY,3976782668.341768,UNDEFINED,,USD,,TRUE,PRESENT,2026-08-18,2026-08-18,
Kadant Inc.,884567,United States,LSX,EUR,TRADINGVIEW_SCREENER,Producer Manufacturing,Industrial Machinery,MACHINERY,3946843204,UNDEFINED,,EUR,,TRUE,PRESENT,2026-08-18,2026-08-18,
MUELLER WATER PRODUCTS,MWA,United States,NYSE,USD,TRADINGVIEW_SCREENER,Producer Manufacturing,Industrial Machinery,MACHINERY,3931244546.2881756,UNDEFINED,,USD,,TRUE,PRESENT,2026-08-18,2026-08-18,
"Keda Industrial Group Co., Ltd. Class A",600499,China,SSE,CNY,TRADINGVIEW_SCREENER,Producer Manufacturing,Industrial Machinery,MACHINERY,3903345361.1226196,UNDEFINED,,CNY,,TRUE,PRESENT,2026-08-18,2026-08-18,
"Chenbro Micom Co., Ltd.",8210,Taiwan,TWSE,TWD,TRADINGVIEW_SCREENER,Producer Manufacturing,Industrial Machinery,MACHINERY,3884624890.9348526,UNDEFINED,,TWD,,TRUE,PRESENT,2026-08-18,2026-08-18,
"All Ring Tech Co., Ltd.",6187,Taiwan,TPEX,TWD,TRADINGVIEW_SCREENER,Producer Manufacturing,Industrial Machinery,MACHINERY,3830884351.018612,UNDEFINED,,TWD,,TRUE,PRESENT,2026-08-18,2026-08-18,
"GPGI, Inc.",GPGI,United States,NYSE,USD,TRADINGVIEW_SCREENER,Producer Manufacturing,Industrial Machinery,MACHINERY,3823650421.064163,UNDEFINED,,USD,,TRUE,PRESENT,2026-08-18,2026-08-18,
"Chengdu Xuguang Electronics Co., Ltd. Class A",600353,China,SSE,CNY,TRADINGVIEW_SCREENER,Producer Manufacturing,Industrial Machinery,MACHINERY,3811152017.1918197,UNDEFINED,,CNY,,TRUE,PRESENT,2026-08-18,2026-08-18,
"Beijing Jingyi Automation Equipment Co., Ltd. Class A",688652,China,SSE,CNY,TRADINGVIEW_SCREENER,Producer Manufacturing,Industrial Machinery,MACHINERY,3807830887.97853,UNDEFINED,,CNY,,TRUE,PRESENT,2026-08-18,2026-08-18,
"Ningbo Zhenyu Technology Co., Ltd. Class A",300953,China,SZSE,CNY,TRADINGVIEW_SCREENER,Producer Manufacturing,Industrial Machinery,MACHINERY,3807493982.7556095,UNDEFINED,,CNY,,TRUE,PRESENT,2026-08-18,2026-08-18,
"Badger Meter, Inc.",863871,United States,LSX,EUR,TRADINGVIEW_SCREENER,Producer Manufacturing,Industrial Machinery,MACHINERY,3792059527,UNDEFINED,,EUR,,TRUE,PRESENT,2026-08-18,2026-08-18,
"Takasago Thermal Engineering Co., Ltd.",1969,Japan,TSE,JPY,TRADINGVIEW_SCREENER,Producer Manufacturing,Industrial Machinery,MACHINERY,3777248652.7383003,UNDEFINED,,JPY,,TRUE,PRESENT,2026-08-18,2026-08-18,
"Avic Aviation High-Technology Co., Ltd. Class A",600862,China,SSE,CNY,TRADINGVIEW_SCREENER,Producer Manufacturing,Industrial Machinery,MACHINERY,3730297409.32709,UNDEFINED,,CNY,,TRUE,PRESENT,2026-08-18,2026-08-18,
"Kaori Heat Treatment Co., Ltd.",8996,Taiwan,TWSE,TWD,TRADINGVIEW_SCREENER,Producer Manufacturing,Industrial Machinery,MACHINERY,3728683584.576179,UNDEFINED,,TWD,,TRUE,PRESENT,2026-08-18,2026-08-18,
Bucher Industries AG,BUCN,Switzerland,VIE,EUR,TRADINGVIEW_SCREENER,Producer Manufacturing,Trucks/Construction/Farm Machinery,MACHINERY,3691670337.2332,UNDEFINED,,EUR,,TRUE,PRESENT,2026-08-18,2026-08-18,Broad industry; review for shipbuilding/construction-equipment.
"Japan Steel Works, Ltd.",5631,Japan,TSE,JPY,TRADINGVIEW_SCREENER,Producer Manufacturing,Industrial Machinery,MACHINERY,3609555401.3602,UNDEFINED,,JPY,,TRUE,PRESENT,2026-08-18,2026-08-18,
Doosan Robotics Inc.,454910,South Korea,KRX,KRW,TRADINGVIEW_SCREENER,Producer Manufacturing,Industrial Machinery,MACHINERY,3603886998.486372,UNDEFINED,,KRW,,TRUE,PRESENT,2026-08-18,2026-08-18,
Nabtesco Corporation,6268,Japan,TSE,JPY,TRADINGVIEW_SCREENER,Producer Manufacturing,Industrial Machinery,MACHINERY,3602688537.3738503,UNDEFINED,,JPY,,TRUE,PRESENT,2026-08-18,2026-08-18,
Munters Group AP,MMNNF,Sweden,OTC,USD,TRADINGVIEW_SCREENER,Producer Manufacturing,Industrial Machinery,MACHINERY,3594474345.1786757,UNDEFINED,,USD,,TRUE,PRESENT,2026-08-18,2026-08-18,
"SIASUN Robot & Automation CO., Ltd. Class A",300024,China,SZSE,CNY,TRADINGVIEW_SCREENER,Producer Manufacturing,Industrial Machinery,MACHINERY,3555651225.26957,UNDEFINED,,CNY,,TRUE,PRESENT,2026-08-18,2026-08-18,
Carel Industries SpA,0YQA,Italy,LSE,EUR,TRADINGVIEW_SCREENER,Producer Manufacturing,Industrial Machinery,MACHINERY,3551674581.2925,UNDEFINED,,EUR,,TRUE,PRESENT,2026-08-18,2026-08-18,
Munters Group AB,0RPO,Sweden,LSIN,SEK,TRADINGVIEW_SCREENER,Producer Manufacturing,Industrial Machinery,MACHINERY,3547757137.4546,UNDEFINED,,SEK,,TRUE,PRESENT,2026-08-18,2026-08-18,
"SINOMACH Heavy Equipment Group Co., Ltd. Class A",601399,China,SSE,CNY,TRADINGVIEW_SCREENER,Producer Manufacturing,Industrial Machinery,MACHINERY,3442105604.20923,UNDEFINED,,CNY,,TRUE,PRESENT,2026-08-18,2026-08-18,
"Catcher Technology Co., Ltd.",2474,Taiwan,TWSE,TWD,TRADINGVIEW_SCREENER,Producer Manufacturing,Industrial Machinery,MACHINERY,3437122472.708591,UNDEFINED,,TWD,,TRUE,PRESENT,2026-08-18,2026-08-18,
"EO Technics Co., Ltd",039030,South Korea,KRX,KRW,TRADINGVIEW_SCREENER,Producer Manufacturing,Industrial Machinery,MACHINERY,3432267628.692786,UNDEFINED,,KRW,,TRUE,PRESENT,2026-08-18,2026-08-18,
"Guangzhou Haozhi Industrial Co., Ltd Class A",300503,China,SZSE,CNY,TRADINGVIEW_SCREENER,Producer Manufacturing,Industrial Machinery,MACHINERY,3332986966.6036997,UNDEFINED,,CNY,,TRUE,PRESENT,2026-08-18,2026-08-18,
Zijin Longking Co Ltd Class A,600388,China,SSE,CNY,TRADINGVIEW_SCREENER,Producer Manufacturing,Industrial Machinery,MACHINERY,3286114230.72142,UNDEFINED,,CNY,,TRUE,PRESENT,2026-08-18,2026-08-18,
"CITIC Heavy Industries Co., Ltd. Class A",601608,China,SSE,CNY,TRADINGVIEW_SCREENER,Producer Manufacturing,Trucks/Construction/Farm Machinery,MACHINERY,3277850779.32606,UNDEFINED,,CNY,,TRUE,PRESENT,2026-08-18,2026-08-18,Broad industry; review for shipbuilding/construction-equipment.
China Railway Construction Heavy Industry Corp. Ltd. Class A,688425,China,SSE,CNY,TRADINGVIEW_SCREENER,Producer Manufacturing,Trucks/Construction/Farm Machinery,MACHINERY,3272135548.1922097,UNDEFINED,,CNY,,TRUE,PRESENT,2026-08-18,2026-08-18,Broad industry; review for shipbuilding/construction-equipment.
Blue Star Limited,BLUESTARCO,India,BSE,INR,TRADINGVIEW_SCREENER,Producer Manufacturing,Industrial Machinery,MACHINERY,3244735308.897274,UNDEFINED,,INR,,TRUE,PRESENT,2026-08-18,2026-08-18,
China First Heavy Industries Class A,601106,China,SSE,CNY,TRADINGVIEW_SCREENER,Producer Manufacturing,Industrial Machinery,MACHINERY,3180877931.04809,UNDEFINED,,CNY,,TRUE,PRESENT,2026-08-18,2026-08-18,
Shareate Tools Ltd. Class A,688257,China,SSE,CNY,TRADINGVIEW_SCREENER,Producer Manufacturing,Industrial Machinery,MACHINERY,3180380071.47952,UNDEFINED,,CNY,,TRUE,PRESENT,2026-08-18,2026-08-18,
Garden Reach Shipbuilders & Engineers Ltd.,GRSE,India,BSE,INR,TRADINGVIEW_SCREENER,Producer Manufacturing,Trucks/Construction/Farm Machinery,MACHINERY,3142382523.160466,UNDEFINED,,INR,,TRUE,PRESENT,2026-08-18,2026-08-18,Broad industry; review for shipbuilding/construction-equipment.
DMG Mori Co Ltd,MRSKF,Japan,OTC,USD,TRADINGVIEW_SCREENER,Producer Manufacturing,Industrial Machinery,MACHINERY,3105249641.4183464,UNDEFINED,,USD,,TRUE,PRESENT,2026-08-18,2026-08-18,
"Zhuhai Bojay Electronics Co., Ltd. Class A",002975,China,SZSE,CNY,TRADINGVIEW_SCREENER,Producer Manufacturing,Industrial Machinery,MACHINERY,3083980814.0841,UNDEFINED,,CNY,,TRUE,PRESENT,2026-08-18,2026-08-18,
"China Baoan Group Co., Ltd. Class A",000009,China,SZSE,CNY,TRADINGVIEW_SCREENER,Producer Manufacturing,Industrial Machinery,MACHINERY,2990700527.91958,UNDEFINED,,CNY,,TRUE,PRESENT,2026-08-18,2026-08-18,
Stadler Rail AG,0A0C,Switzerland,LSE,CHF,TRADINGVIEW_SCREENER,Producer Manufacturing,Trucks/Construction/Farm Machinery,MACHINERY,2984497684.8148003,UNDEFINED,,CHF,,TRUE,PRESENT,2026-08-18,2026-08-18,Broad industry; review for shipbuilding/construction-equipment.
"Xiangyang Changyuandonggu Industry Co., Ltd. Class A",603950,China,SSE,CNY,TRADINGVIEW_SCREENER,Producer Manufacturing,Trucks/Construction/Farm Machinery,MACHINERY,2982845687.3315797,UNDEFINED,,CNY,,TRUE,PRESENT,2026-08-18,2026-08-18,Broad industry; review for shipbuilding/construction-equipment.
"Tiandi Science & Technology Co.,LTD Class A",600582,China,SSE,CNY,TRADINGVIEW_SCREENER,Producer Manufacturing,Trucks/Construction/Farm Machinery,MACHINERY,2980625855.2209296,UNDEFINED,,CNY,,TRUE,PRESENT,2026-08-18,2026-08-18,Broad industry; review for shipbuilding/construction-equipment.
"Crane NXT, Co.",P8Q,United States,FWB,EUR,TRADINGVIEW_SCREENER,Producer Manufacturing,Industrial Machinery,MACHINERY,2973617059,UNDEFINED,,EUR,,TRUE,PRESENT,2026-08-18,2026-08-18,
Bozhon Precision Industry Technology Co.Ltd. Class A,688097,China,SSE,CNY,TRADINGVIEW_SCREENER,Producer Manufacturing,Industrial Machinery,MACHINERY,2954002998.61023,UNDEFINED,,CNY,,TRUE,PRESENT,2026-08-18,2026-08-18,
Jungheinrich AG Pref,JUN3,Germany,VIE,EUR,TRADINGVIEW_SCREENER,Producer Manufacturing,Industrial Machinery,MACHINERY,2934919340.5410004,UNDEFINED,,EUR,,TRUE,PRESENT,2026-08-18,2026-08-18,
NOK Corporation,7240,Japan,TSE,JPY,TRADINGVIEW_SCREENER,Producer Manufacturing,Industrial Machinery,MACHINERY,2933157075.2118,UNDEFINED,,JPY,,TRUE,PRESENT,2026-08-18,2026-08-18,
"Shenzhen Zhaowei Machinery & Electronics Co., Ltd. Class A",003021,China,SZSE,CNY,TRADINGVIEW_SCREENER,Producer Manufacturing,Industrial Machinery,MACHINERY,2873722093.3694005,UNDEFINED,,CNY,,TRUE,PRESENT,2026-08-18,2026-08-18,
"Shenzhen Zhaowei Machinery & Electronics Co., Ltd. Class H",2692,China,HKEX,HKD,TRADINGVIEW_SCREENER,Producer Manufacturing,Industrial Machinery,MACHINERY,2873722093.3694005,UNDEFINED,,HKD,,TRUE,PRESENT,2026-08-18,2026-08-18,
"Hanwha Engine Co., Ltd.",082740,South Korea,KRX,KRW,TRADINGVIEW_SCREENER,Producer Manufacturing,Trucks/Construction/Farm Machinery,MACHINERY,2872599599.1370864,UNDEFINED,,KRW,,TRUE,PRESENT,2026-08-18,2026-08-18,Broad industry; review for shipbuilding/construction-equipment.
"Worthington Enterprises, Inc.",WTH,United States,HAM,EUR,TRADINGVIEW_SCREENER,Producer Manufacturing,Industrial Machinery,MACHINERY,2870045172,UNDEFINED,,EUR,,TRUE,PRESENT,2026-08-18,2026-08-18,
Kaishan Group Co. Ltd. Class A,300257,China,SZSE,CNY,TRADINGVIEW_SCREENER,Producer Manufacturing,Industrial Machinery,MACHINERY,2869726262.9340897,UNDEFINED,,CNY,,TRUE,PRESENT,2026-08-18,2026-08-18,
"ROBOTIS Co., Ltd.",108490,South Korea,KRX,KRW,TRADINGVIEW_SCREENER,Producer Manufacturing,Industrial Machinery,MACHINERY,2850981352.1572504,UNDEFINED,,KRW,,TRUE,PRESENT,2026-08-18,2026-08-18,
Craftsman Automation Ltd.,CRAFTSMAN,India,NSE,INR,TRADINGVIEW_SCREENER,Producer Manufacturing,Trucks/Construction/Farm Machinery,MACHINERY,2807394139.6497703,UNDEFINED,,INR,,TRUE,PRESENT,2026-08-18,2026-08-18,Broad industry; review for shipbuilding/construction-equipment.
Precision Tsugami (China) Corp. Ltd.,1651,China,HKEX,HKD,TRADINGVIEW_SCREENER,Producer Manufacturing,Industrial Machinery,MACHINERY,2751939453.4086003,UNDEFINED,,HKD,,TRUE,PRESENT,2026-08-18,2026-08-18,
"Mitsui ES Holdings Co., Ltd.",7003,Japan,TSE,JPY,TRADINGVIEW_SCREENER,Producer Manufacturing,Trucks/Construction/Farm Machinery,MACHINERY,2749783250.548925,UNDEFINED,,JPY,,TRUE,PRESENT,2026-08-18,2026-08-18,Broad industry; review for shipbuilding/construction-equipment.
Enerflex Ltd,EFXT,Canada,NYSE,USD,TRADINGVIEW_SCREENER,Producer Manufacturing,Industrial Machinery,MACHINERY,2744872850.211508,UNDEFINED,,USD,,TRUE,PRESENT,2026-08-18,2026-08-18,
Jack Technology Co. Ltd. Class A,603337,China,SSE,CNY,TRADINGVIEW_SCREENER,Producer Manufacturing,Industrial Machinery,MACHINERY,2744560929.4172297,UNDEFINED,,CNY,,TRUE,PRESENT,2026-08-18,2026-08-18,
"Guangdong Dongfang Precision Science & Technology Co., Ltd. Class A",002611,China,SZSE,CNY,TRADINGVIEW_SCREENER,Producer Manufacturing,Industrial Machinery,MACHINERY,2735911808.9529796,UNDEFINED,,CNY,,TRUE,PRESENT,2026-08-18,2026-08-18,
PSK INC,319660,South Korea,KRX,KRW,TRADINGVIEW_SCREENER,Producer Manufacturing,Industrial Machinery,MACHINERY,2726874396.7402864,UNDEFINED,,KRW,,TRUE,PRESENT,2026-08-18,2026-08-18,
"Helios Technologies, Inc.",HLIO,United States,NYSE,USD,TRADINGVIEW_SCREENER,Producer Manufacturing,Industrial Machinery,MACHINERY,2701947225.7209477,UNDEFINED,,USD,,TRUE,PRESENT,2026-08-18,2026-08-18,
"Construcciones y Auxiliar de Ferrocarriles, S.A.",CAFE/N,Spain,BMV,MXN,TRADINGVIEW_SCREENER,Producer Manufacturing,Trucks/Construction/Farm Machinery,MACHINERY,2695907063.007,UNDEFINED,,MXN,,TRUE,PRESENT,2026-08-18,2026-08-18,Broad industry; review for shipbuilding/construction-equipment.
Ichor Holdings,ICHR,United States,NASDAQ,USD,TRADINGVIEW_SCREENER,Producer Manufacturing,Industrial Machinery,MACHINERY,2691835715.948628,UNDEFINED,,USD,,TRUE,PRESENT,2026-08-18,2026-08-18,
Ableprint Technology Co Ltd,7734,Taiwan,TPEX,TWD,TRADINGVIEW_SCREENER,Producer Manufacturing,Industrial Machinery,MACHINERY,2674721767.5,UNDEFINED,,TWD,,TRUE,PRESENT,2026-08-18,2026-08-18,
Amber Enterprises India Ltd.,AMBER,India,BSE,INR,TRADINGVIEW_SCREENER,Producer Manufacturing,Industrial Machinery,MACHINERY,2667767592.3599443,UNDEFINED,,INR,,TRUE,PRESENT,2026-08-18,2026-08-18,
"Ichor Holdings, Ltd.",0Z0F,United States,LSE,USD,TRADINGVIEW_SCREENER,Producer Manufacturing,Industrial Machinery,MACHINERY,2661123245,UNDEFINED,,USD,,TRUE,PRESENT,2026-08-18,2026-08-18,
Newell Brands Inc,0K7J,United States,LSE,USD,TRADINGVIEW_SCREENER,Producer Manufacturing,Industrial Machinery,MACHINERY,2657615864,UNDEFINED,,USD,,TRUE,PRESENT,2026-08-18,2026-08-18,
CKD Corporation,6407,Japan,TSE,JPY,TRADINGVIEW_SCREENER,Producer Manufacturing,Industrial Machinery,MACHINERY,2586155497.286975,UNDEFINED,,JPY,,TRUE,PRESENT,2026-08-18,2026-08-18,
Timken India Limited,TIMKEN,India,NSE,INR,TRADINGVIEW_SCREENER,Producer Manufacturing,Industrial Machinery,MACHINERY,2578327862.29497,UNDEFINED,,INR,,TRUE,PRESENT,2026-08-18,2026-08-18,
Wasion Holdings Limited,3393,Hong Kong,HKEX,HKD,TRADINGVIEW_SCREENER,Producer Manufacturing,Industrial Machinery,MACHINERY,2552755093.9072003,UNDEFINED,,HKD,,TRUE,PRESENT,2026-08-18,2026-08-18,
"Yantai Eddie Precision Machinery Co., Ltd. Class A",603638,China,SSE,CNY,TRADINGVIEW_SCREENER,Producer Manufacturing,Industrial Machinery,MACHINERY,2543428398.1168294,UNDEFINED,,CNY,,TRUE,PRESENT,2026-08-18,2026-08-18,
Mitsui E&S Co Ltd.,MIESF,Japan,OTC,USD,TRADINGVIEW_SCREENER,Producer Manufacturing,Trucks/Construction/Farm Machinery,MACHINERY,2538505840.07139,UNDEFINED,,USD,,TRUE,PRESENT,2026-08-18,2026-08-18,Broad industry; review for shipbuilding/construction-equipment.
"Dongguan Yiheda Automation Co., Ltd. Class A",301029,China,SZSE,CNY,TRADINGVIEW_SCREENER,Producer Manufacturing,Industrial Machinery,MACHINERY,2511831295.49331,UNDEFINED,,CNY,,TRUE,PRESENT,2026-08-18,2026-08-18,
"Guangdong Topstar Technology Co., Ltd. Class A",300607,China,SZSE,CNY,TRADINGVIEW_SCREENER,Producer Manufacturing,Industrial Machinery,MACHINERY,2507381500.11447,UNDEFINED,,CNY,,TRUE,PRESENT,2026-08-18,2026-08-18,
"Suzhou Secote Precision Electronic Co., Ltd. Class A",603283,China,SSE,CNY,TRADINGVIEW_SCREENER,Producer Manufacturing,Industrial Machinery,MACHINERY,2498233131.54135,UNDEFINED,,CNY,,TRUE,PRESENT,2026-08-18,2026-08-18,
"Shanghai Zhenhua Heavy Industries Co., Ltd. Class A",600320,China,SSE,CNY,TRADINGVIEW_SCREENER,Producer Manufacturing,Industrial Machinery,MACHINERY,2491355543.39364,UNDEFINED,,CNY,,TRUE,PRESENT,2026-08-18,2026-08-18,
"Shanghai Zhenhua Heavy Industries Co., Ltd. Class B",900947,China,SSE,USD,TRADINGVIEW_SCREENER,Producer Manufacturing,Industrial Machinery,MACHINERY,2491355543.39364,UNDEFINED,,USD,,TRUE,PRESENT,2026-08-18,2026-08-18,
"Shenzhen Qiangrui Precision Technology Co., Ltd. Class A",301128,China,SZSE,CNY,TRADINGVIEW_SCREENER,Producer Manufacturing,Industrial Machinery,MACHINERY,2456159510.13713,UNDEFINED,,CNY,,TRUE,PRESENT,2026-08-18,2026-08-18,
"CECEP Environmental Protection Co., Ltd. Class A",300140,China,SZSE,CNY,TRADINGVIEW_SCREENER,Producer Manufacturing,Industrial Machinery,MACHINERY,2447806319.02709,UNDEFINED,,CNY,,TRUE,PRESENT,2026-08-18,2026-08-18,
Nisshinbo Holdings Inc.,3105,Japan,TSE,JPY,TRADINGVIEW_SCREENER,Producer Manufacturing,Trucks/Construction/Farm Machinery,MACHINERY,2446637164.9009,UNDEFINED,,JPY,,TRUE,PRESENT,2026-08-18,2026-08-18,Broad industry; review for shipbuilding/construction-equipment.
"Guangxi Liugong Machinery Co., Ltd Class A",000528,China,SZSE,CNY,TRADINGVIEW_SCREENER,Producer Manufacturing,Trucks/Construction/Farm Machinery,MACHINERY,2444450539.87981,UNDEFINED,,CNY,,TRUE,PRESENT,2026-08-18,2026-08-18,Broad industry; review for shipbuilding/construction-equipment.
Wuxi Rich Intelligent Equipment Co Ltd Class A,301599,China,SZSE,CNY,TRADINGVIEW_SCREENER,Producer Manufacturing,Industrial Machinery,MACHINERY,2430434545.3314495,UNDEFINED,,CNY,,TRUE,PRESENT,2026-08-18,2026-08-18,
Kennametal Inc.,KMT,United States,NYSE,USD,TRADINGVIEW_SCREENER,Producer Manufacturing,Industrial Machinery,MACHINERY,2424527120.5499682,UNDEFINED,,USD,,TRUE,PRESENT,2026-08-18,2026-08-18,
"GKG Precision Machine Co., Ltd. Class A",301338,China,SZSE,CNY,TRADINGVIEW_SCREENER,Producer Manufacturing,Industrial Machinery,MACHINERY,2421418268.2858696,UNDEFINED,,CNY,,TRUE,PRESENT,2026-08-18,2026-08-18,
Kalmar Corporation Class B,KALMAR,Finland,OMXHEX,EUR,TRADINGVIEW_SCREENER,Producer Manufacturing,Industrial Machinery,MACHINERY,2397710941.92,UNDEFINED,,EUR,,TRUE,PRESENT,2026-08-18,2026-08-18,
"Jiangsu Huahong Technology Stock Co., Ltd. Class A",002645,China,SZSE,CNY,TRADINGVIEW_SCREENER,Producer Manufacturing,Industrial Machinery,MACHINERY,2397273531.54632,UNDEFINED,,CNY,,TRUE,PRESENT,2026-08-18,2026-08-18,
"Trinity Industries, Inc.",TRN,United States,NYSE,USD,TRADINGVIEW_SCREENER,Producer Manufacturing,Trucks/Construction/Farm Machinery,MACHINERY,2379727588.4704294,UNDEFINED,,USD,,TRUE,PRESENT,2026-08-18,2026-08-18,Broad industry; review for shipbuilding/construction-equipment.
"Makino Milling Machine Co., Ltd.",95B,Japan,DUS,EUR,TRADINGVIEW_SCREENER,Producer Manufacturing,Industrial Machinery,MACHINERY,2330002454.1847754,UNDEFINED,,EUR,,TRUE,PRESENT,2026-08-18,2026-08-18,
China Railway Hi-tech Industry Corp. Ltd. Class A,600528,China,SSE,CNY,TRADINGVIEW_SCREENER,Producer Manufacturing,Trucks/Construction/Farm Machinery,MACHINERY,2307774224.16961,UNDEFINED,,CNY,,TRUE,PRESENT,2026-08-18,2026-08-18,Broad industry; review for shipbuilding/construction-equipment.
"Takeuchi Mfg.Co., Ltd.",6432,Japan,TSE,JPY,TRADINGVIEW_SCREENER,Producer Manufacturing,Trucks/Construction/Farm Machinery,MACHINERY,2289113454.3655252,UNDEFINED,,JPY,,TRUE,PRESENT,2026-08-18,2026-08-18,Broad industry; review for shipbuilding/construction-equipment.
OSG Corp,OSG,Japan,FWB,EUR,TRADINGVIEW_SCREENER,Producer Manufacturing,Industrial Machinery,MACHINERY,2270159379.6298003,UNDEFINED,,EUR,,TRUE,PRESENT,2026-08-18,2026-08-18,
"Miura Co., Ltd.",6005,Japan,TSE,JPY,TRADINGVIEW_SCREENER,Producer Manufacturing,Industrial Machinery,MACHINERY,2266830717.0446253,UNDEFINED,,JPY,,TRUE,PRESENT,2026-08-18,2026-08-18,
"Shenzhen Hongfuhan Technology Co., Ltd. Class A",301086,China,SZSE,CNY,TRADINGVIEW_SCREENER,Producer Manufacturing,Industrial Machinery,MACHINERY,2264703519.39111,UNDEFINED,,CNY,,TRUE,PRESENT,2026-08-18,2026-08-18,
Okuma Corporation,6103,Japan,TSE,JPY,TRADINGVIEW_SCREENER,Producer Manufacturing,Industrial Machinery,MACHINERY,2254700634.9556003,UNDEFINED,,JPY,,TRUE,PRESENT,2026-08-18,2026-08-18,
Xi'an Shaangu Power Co. Ltd. Class A,601369,China,SSE,CNY,TRADINGVIEW_SCREENER,Producer Manufacturing,Industrial Machinery,MACHINERY,2231371389.4274597,UNDEFINED,,CNY,,TRUE,PRESENT,2026-08-18,2026-08-18,
Shanghai Hanbell Precise Machinery Co. Ltd. Class A,002158,China,SZSE,CNY,TRADINGVIEW_SCREENER,Producer Manufacturing,Industrial Machinery,MACHINERY,2223026414.86016,UNDEFINED,,CNY,,TRUE,PRESENT,2026-08-18,2026-08-18,
Cadeler A/S,CADLRO,Denmark,OMXSTO,NOK,TRADINGVIEW_SCREENER,Producer Manufacturing,Trucks/Construction/Farm Machinery,MACHINERY,2218691778.93216,UNDEFINED,,NOK,,TRUE,PRESENT,2026-08-18,2026-08-18,Broad industry; review for shipbuilding/construction-equipment.
Rokae (Shandong) Robotics Group Inc. Class H,3752,China,HKEX,HKD,TRADINGVIEW_SCREENER,Producer Manufacturing,Industrial Machinery,MACHINERY,2214544322.3904004,UNDEFINED,,HKD,,TRUE,PRESENT,2026-08-18,2026-08-18,
"Quick Intelligent Equipment Co., Ltd. Class A",603203,China,SSE,CNY,TRADINGVIEW_SCREENER,Producer Manufacturing,Industrial Machinery,MACHINERY,2205100646.0384297,UNDEFINED,,CNY,,TRUE,PRESENT,2026-08-18,2026-08-18,
"Anhui Heli Co., Ltd. Class A",600761,China,SSE,CNY,TRADINGVIEW_SCREENER,Producer Manufacturing,Trucks/Construction/Farm Machinery,MACHINERY,2198982676.12597,UNDEFINED,,CNY,,TRUE,PRESENT,2026-08-18,2026-08-18,Broad industry; review for shipbuilding/construction-equipment.
Burckhardt Compression Holding AG,0QNN,Switzerland,LSE,CHF,TRADINGVIEW_SCREENER,Producer Manufacturing,Industrial Machinery,MACHINERY,2196239816.9516,UNDEFINED,,CHF,,TRUE,PRESENT,2026-08-18,2026-08-18,
"Test Research, Inc.",3030,Taiwan,TWSE,TWD,TRADINGVIEW_SCREENER,Producer Manufacturing,Industrial Machinery,MACHINERY,2173644309.402544,UNDEFINED,,TWD,,TRUE,PRESENT,2026-08-18,2026-08-18,
"CIMC Vehicles (Group) Co., Ltd. Class A",301039,China,SZSE,CNY,TRADINGVIEW_SCREENER,Producer Manufacturing,Trucks/Construction/Farm Machinery,MACHINERY,2163489372.24756,UNDEFINED,,CNY,,TRUE,PRESENT,2026-08-18,2026-08-18,Broad industry; review for shipbuilding/construction-equipment.
HUYNDAI MOVEX Co. Ltd.,319400,South Korea,KRX,KRW,TRADINGVIEW_SCREENER,Producer Manufacturing,Industrial Machinery,MACHINERY,2156105378.53971,UNDEFINED,,KRW,,TRUE,PRESENT,2026-08-18,2026-08-18,
"Suzhou Gyz Electronic Technology Co., Ltd. Class A",688260,China,SSE,CNY,TRADINGVIEW_SCREENER,Producer Manufacturing,Industrial Machinery,MACHINERY,2155275305.7624598,UNDEFINED,,CNY,,TRUE,PRESENT,2026-08-18,2026-08-18,
"PowerTECH Co., Ltd. Class A",301369,China,SZSE,CNY,TRADINGVIEW_SCREENER,Producer Manufacturing,Industrial Machinery,MACHINERY,2151315987.12639,UNDEFINED,,CNY,,TRUE,PRESENT,2026-08-18,2026-08-18,
Sunrise Energy Metals Ltd.,SREMF,Australia,OTC,USD,TRADINGVIEW_SCREENER,Producer Manufacturing,Industrial Machinery,MACHINERY,2135075242.9722066,UNDEFINED,,USD,,TRUE,PRESENT,2026-08-18,2026-08-18,
Gorman-Rupp Company,880054,United States,LS,EUR,TRADINGVIEW_SCREENER,Producer Manufacturing,Industrial Machinery,MACHINERY,2134211597.9999998,UNDEFINED,,EUR,,TRUE,PRESENT,2026-08-18,2026-08-18,
"Chang Wah Technology Co., Ltd.",6548,Taiwan,TPEX,TWD,TRADINGVIEW_SCREENER,Producer Manufacturing,Industrial Machinery,MACHINERY,2133080160.487724,UNDEFINED,,TWD,,TRUE,PRESENT,2026-08-18,2026-08-18,
Gorman-Rupp Company (The),GRC,United States,NYSE,USD,TRADINGVIEW_SCREENER,Producer Manufacturing,Industrial Machinery,MACHINERY,2129985959.3948767,UNDEFINED,,USD,,TRUE,PRESENT,2026-08-18,2026-08-18,
"Max Co., Ltd.",6454,Japan,TSE,JPY,TRADINGVIEW_SCREENER,Producer Manufacturing,Industrial Machinery,MACHINERY,2125574716.170275,UNDEFINED,,JPY,,TRUE,PRESENT,2026-08-18,2026-08-18,
Sunrise Energy Metals Limited,SRL,Australia,ASX,AUD,TRADINGVIEW_SCREENER,Producer Manufacturing,Industrial Machinery,MACHINERY,2115385612.9715998,UNDEFINED,,AUD,,TRUE,PRESENT,2026-08-18,2026-08-18,
LMW Limited,LMW,India,BSE,INR,TRADINGVIEW_SCREENER,Producer Manufacturing,Industrial Machinery,MACHINERY,2112061395.855668,UNDEFINED,,INR,,TRUE,PRESENT,2026-08-18,2026-08-18,
"Shenyang Machine Tool Co., Ltd. Class A",000410,China,SZSE,CNY,TRADINGVIEW_SCREENER,Producer Manufacturing,Industrial Machinery,MACHINERY,2104154496.21237,UNDEFINED,,CNY,,TRUE,PRESENT,2026-08-18,2026-08-18,
NFI Group Inc.,NFI,Canada,TSX,CAD,TRADINGVIEW_SCREENER,Producer Manufacturing,Trucks/Construction/Farm Machinery,MACHINERY,2092333553.9064002,UNDEFINED,,CAD,,TRUE,PRESENT,2026-08-18,2026-08-18,Broad industry; review for shipbuilding/construction-equipment.
ZHEJIANG ZHONGJIAN TECHNOLOGY CO LTD Class A,002779,China,SZSE,CNY,TRADINGVIEW_SCREENER,Producer Manufacturing,Trucks/Construction/Farm Machinery,MACHINERY,2089514683.70743,UNDEFINED,,CNY,,TRUE,PRESENT,2026-08-18,2026-08-18,Broad industry; review for shipbuilding/construction-equipment.
CIMC Enric Holdings Limited,A0N9P2,China,LS,EUR,TRADINGVIEW_SCREENER,Producer Manufacturing,Industrial Machinery,MACHINERY,2085110362.6626005,UNDEFINED,,EUR,,TRUE,PRESENT,2026-08-18,2026-08-18,
"Aux Electric Co., Ltd.",2580,China,HKEX,HKD,TRADINGVIEW_SCREENER,Producer Manufacturing,Industrial Machinery,MACHINERY,2071973516.3764002,UNDEFINED,,HKD,,TRUE,PRESENT,2026-08-18,2026-08-18,
Wafer Works Corp.,6182,Taiwan,TPEX,TWD,TRADINGVIEW_SCREENER,Producer Manufacturing,Industrial Machinery,MACHINERY,2064556960.4774208,UNDEFINED,,TWD,,TRUE,PRESENT,2026-08-18,2026-08-18,
Beijing Worldia Diamond Tools Co. Ltd. Class A,688028,China,SSE,CNY,TRADINGVIEW_SCREENER,Producer Manufacturing,Industrial Machinery,MACHINERY,2049012555.0134099,UNDEFINED,,CNY,,TRUE,PRESENT,2026-08-18,2026-08-18,
"Eugene Technology Co., Ltd.",084370,South Korea,KRX,KRW,TRADINGVIEW_SCREENER,Producer Manufacturing,Industrial Machinery,MACHINERY,2048148096.69015,UNDEFINED,,KRW,,TRUE,PRESENT,2026-08-18,2026-08-18,
"Midera Food Processing, Inc.",MFP,United States,NASDAQ,USD,TRADINGVIEW_SCREENER,Producer Manufacturing,Industrial Machinery,MACHINERY,2034656453.9170506,UNDEFINED,,USD,,TRUE,PRESENT,2026-08-18,2026-08-18,
"Jirfine Intelligent Equipment Co., Ltd. Class A",301603,China,SZSE,CNY,TRADINGVIEW_SCREENER,Producer Manufacturing,Industrial Machinery,MACHINERY,2027340044.3323298,UNDEFINED,,CNY,,TRUE,PRESENT,2026-08-18,2026-08-18,
"TerraVest Industries, Inc.",TVK,Canada,NEO,CAD,TRADINGVIEW_SCREENER,Producer Manufacturing,Industrial Machinery,MACHINERY,2027034274.0851002,UNDEFINED,,CAD,,TRUE,PRESENT,2026-08-18,2026-08-18,
"JiangSu Changling Hydraulic Co., Ltd. Class A",605389,China,SSE,CNY,TRADINGVIEW_SCREENER,Producer Manufacturing,Trucks/Construction/Farm Machinery,MACHINERY,2025405381.6481798,UNDEFINED,,CNY,,TRUE,PRESENT,2026-08-18,2026-08-18,Broad industry; review for shipbuilding/construction-equipment.
ELGI Equipments Limited,ELGIEQUIP,India,NSE,INR,TRADINGVIEW_SCREENER,Producer Manufacturing,Industrial Machinery,MACHINERY,2021622760.9867642,UNDEFINED,,INR,,TRUE,PRESENT,2026-08-18,2026-08-18,
Sumec Corporation Limited Class A,600710,China,SSE,CNY,TRADINGVIEW_SCREENER,Producer Manufacturing,Trucks/Construction/Farm Machinery,MACHINERY,2019740272.2252698,UNDEFINED,,CNY,,TRUE,PRESENT,2026-08-18,2026-08-18,Broad industry; review for shipbuilding/construction-equipment.
"Guangdong Huicheng Vacuum Technology Co., Ltd. Class A",301392,China,SZSE,CNY,TRADINGVIEW_SCREENER,Producer Manufacturing,Industrial Machinery,MACHINERY,2017064651.83524,UNDEFINED,,CNY,,TRUE,PRESENT,2026-08-18,2026-08-18,
Union Tool Co.,6278,Japan,TSE,JPY,TRADINGVIEW_SCREENER,Producer Manufacturing,Industrial Machinery,MACHINERY,2001355264.5378501,UNDEFINED,,JPY,,TRUE,PRESENT,2026-08-18,2026-08-18,
ATS Corporation,ATS,Canada,NEO,CAD,TRADINGVIEW_SCREENER,Producer Manufacturing,Industrial Machinery,MACHINERY,1990371327.4998002,UNDEFINED,,CAD,,TRUE,PRESENT,2026-08-18,2026-08-18,
Goodwin PLC,GDWN,United Kingdom,LSE,GBX,TRADINGVIEW_SCREENER,Producer Manufacturing,Industrial Machinery,MACHINERY,1989423781.455,UNDEFINED,,GBX,,TRUE,PRESENT,2026-08-18,2026-08-18,
Zhuzhou Huarui Precision Cutting Tools Co. Ltd. Class A,688059,China,SSE,CNY,TRADINGVIEW_SCREENER,Producer Manufacturing,Industrial Machinery,MACHINERY,1975022406.4033399,UNDEFINED,,CNY,,TRUE,PRESENT,2026-08-18,2026-08-18,
Triveni Turbine Limited,TRITURBINE,India,BSE,INR,TRADINGVIEW_SCREENER,Producer Manufacturing,Industrial Machinery,MACHINERY,1972140871.7075381,UNDEFINED,,INR,,TRUE,PRESENT,2026-08-18,2026-08-18,
"Alamo Group, Inc.",ALG,United States,NYSE,USD,TRADINGVIEW_SCREENER,Producer Manufacturing,Trucks/Construction/Farm Machinery,MACHINERY,1970114048.1658883,UNDEFINED,,USD,,TRUE,PRESENT,2026-08-18,2026-08-18,Broad industry; review for shipbuilding/construction-equipment.
"Topoint Technology Co., Ltd.",8021,Taiwan,TWSE,TWD,TRADINGVIEW_SCREENER,Producer Manufacturing,Industrial Machinery,MACHINERY,1963550373.901893,UNDEFINED,,TWD,,TRUE,PRESENT,2026-08-18,2026-08-18,
"Xiangtan Electric Manufacturing Co., Ltd. Class A",600416,China,SSE,CNY,TRADINGVIEW_SCREENER,Producer Manufacturing,Industrial Machinery,MACHINERY,1955143925.20727,UNDEFINED,,CNY,,TRUE,PRESENT,2026-08-18,2026-08-18,
Shibaura Mechatronics Corp.,GW4,Japan,DUS,EUR,TRADINGVIEW_SCREENER,Producer Manufacturing,Industrial Machinery,MACHINERY,1944277950.4488752,UNDEFINED,,EUR,,TRUE,PRESENT,2026-08-18,2026-08-18,
Wuxi Autowell Technology Co. Ltd. Class A,688516,China,SSE,CNY,TRADINGVIEW_SCREENER,Producer Manufacturing,Industrial Machinery,MACHINERY,1941580683.8588998,UNDEFINED,,CNY,,TRUE,PRESENT,2026-08-18,2026-08-18,
SVG Group Co. Ltd. Class A,300331,China,SZSE,CNY,TRADINGVIEW_SCREENER,Producer Manufacturing,Industrial Machinery,MACHINERY,1937820347.4935198,UNDEFINED,,CNY,,TRUE,PRESENT,2026-08-18,2026-08-18,
"Shenzhen Yinghe Technology Co., Ltd. Class A",300457,China,SZSE,CNY,TRADINGVIEW_SCREENER,Producer Manufacturing,Industrial Machinery,MACHINERY,1937467124.77332,UNDEFINED,,CNY,,TRUE,PRESENT,2026-08-18,2026-08-18,
"CoCreation Grass Co., Ltd. Class A",605099,China,SSE,CNY,TRADINGVIEW_SCREENER,Producer Manufacturing,Trucks/Construction/Farm Machinery,MACHINERY,1930715156.69585,UNDEFINED,,CNY,,TRUE,PRESENT,2026-08-18,2026-08-18,Broad industry; review for shipbuilding/construction-equipment.
"Harbin Boshi Automation Co., Ltd. Class A",002698,China,SZSE,CNY,TRADINGVIEW_SCREENER,Producer Manufacturing,Industrial Machinery,MACHINERY,1927504903.83332,UNDEFINED,,CNY,,TRUE,PRESENT,2026-08-18,2026-08-18,
"Sanhe Tongfei Refrigeration Co., Ltd. Class A",300990,China,SZSE,CNY,TRADINGVIEW_SCREENER,Producer Manufacturing,Industrial Machinery,MACHINERY,1902944079.95272,UNDEFINED,,CNY,,TRUE,PRESENT,2026-08-18,2026-08-18,
Deutz AG,DEUZF,Germany,OTC,USD,TRADINGVIEW_SCREENER,Producer Manufacturing,Trucks/Construction/Farm Machinery,MACHINERY,1897291730.743615,UNDEFINED,,USD,,TRUE,PRESENT,2026-08-18,2026-08-18,Broad industry; review for shipbuilding/construction-equipment.
Enerpac Tool Group Corp.,EPAC,United States,NYSE,USD,TRADINGVIEW_SCREENER,Producer Manufacturing,Industrial Machinery,MACHINERY,1896183833.1358957,UNDEFINED,,USD,,TRUE,PRESENT,2026-08-18,2026-08-18,
"Changzheng Engineering Technology Co., Ltd",603698,China,SSE,CNY,TRADINGVIEW_SCREENER,Producer Manufacturing,Industrial Machinery,MACHINERY,1895954940.0042298,UNDEFINED,,CNY,,TRUE,PRESENT,2026-08-18,2026-08-18,
Enerpac Tool Group Corp Class A,PW9,United States,DUS,EUR,TRADINGVIEW_SCREENER,Producer Manufacturing,Industrial Machinery,MACHINERY,1889024563,UNDEFINED,,EUR,,TRUE,PRESENT,2026-08-18,2026-08-18,
"Xizi Clean Energy Equipment Manufacturing Co., Ltd. Class A",002534,China,SZSE,CNY,TRADINGVIEW_SCREENER,Producer Manufacturing,Industrial Machinery,MACHINERY,1888560978.4666798,UNDEFINED,,CNY,,TRUE,PRESENT,2026-08-18,2026-08-18,
"Ta Liang Technology Co., Ltd.",3167,Taiwan,TWSE,TWD,TRADINGVIEW_SCREENER,Producer Manufacturing,Industrial Machinery,MACHINERY,1884731122.2383668,UNDEFINED,,TWD,,TRUE,PRESENT,2026-08-18,2026-08-18,
"Zhejiang Galaxis Technology Group Co., Ltd. Class H",2729,China,HKEX,HKD,TRADINGVIEW_SCREENER,Producer Manufacturing,Industrial Machinery,MACHINERY,1880677349.8058002,UNDEFINED,,HKD,,TRUE,PRESENT,2026-08-18,2026-08-18,
"Shaanxi Aerospace Power Hi-Tech Co., Ltd. Class A",600343,China,SSE,CNY,TRADINGVIEW_SCREENER,Producer Manufacturing,Industrial Machinery,MACHINERY,1878275275.3539598,UNDEFINED,,CNY,,TRUE,PRESENT,2026-08-18,2026-08-18,
"Beijing OriginWater Technology Co., Ltd. Class A",300070,China,SZSE,CNY,TRADINGVIEW_SCREENER,Producer Manufacturing,Industrial Machinery,MACHINERY,1848012889.2369199,UNDEFINED,,CNY,,TRUE,PRESENT,2026-08-18,2026-08-18,
INOX India Limited,INOXINDIA,India,NSE,INR,TRADINGVIEW_SCREENER,Producer Manufacturing,Industrial Machinery,MACHINERY,1847126281.470422,UNDEFINED,,INR,,TRUE,PRESENT,2026-08-18,2026-08-18,
SUSS MicroTec SE,SMHN,Germany,VIE,EUR,TRADINGVIEW_SCREENER,Producer Manufacturing,Industrial Machinery,MACHINERY,1845944460.0045002,UNDEFINED,,EUR,,TRUE,PRESENT,2026-08-18,2026-08-18,
"Shanghai Highly (Group) Co., Ltd. Class A",600619,China,SSE,CNY,TRADINGVIEW_SCREENER,Producer Manufacturing,Industrial Machinery,MACHINERY,1843284028.97044,UNDEFINED,,CNY,,TRUE,PRESENT,2026-08-18,2026-08-18,
"Shanghai Highly (Group) Co., Ltd. Class B",900910,China,SSE,USD,TRADINGVIEW_SCREENER,Producer Manufacturing,Industrial Machinery,MACHINERY,1843284028.9704397,UNDEFINED,,USD,,TRUE,PRESENT,2026-08-18,2026-08-18,
KSB SE & Co. KGaA,KSBG,Germany,VIE,EUR,TRADINGVIEW_SCREENER,Producer Manufacturing,Industrial Machinery,MACHINERY,1832084878.4235,UNDEFINED,,EUR,,TRUE,PRESENT,2026-08-18,2026-08-18,
KSB SE & Co. KGaA Vorz.Akt. ohne Stimmrecht,KSBV,Germany,VIE,EUR,TRADINGVIEW_SCREENER,Producer Manufacturing,Industrial Machinery,MACHINERY,1832084878.4235,UNDEFINED,,EUR,,TRUE,PRESENT,2026-08-18,2026-08-18,
"Shenzhen Xinyichang Technology Co., Ltd. Class A",688383,China,SSE,CNY,TRADINGVIEW_SCREENER,Producer Manufacturing,Industrial Machinery,MACHINERY,1823977982.7749197,UNDEFINED,,CNY,,TRUE,PRESENT,2026-08-18,2026-08-18,
Tsugami Corp.,6101,Japan,TSE,JPY,TRADINGVIEW_SCREENER,Producer Manufacturing,Industrial Machinery,MACHINERY,1820684810.88365,UNDEFINED,,JPY,,TRUE,PRESENT,2026-08-18,2026-08-18,
Tsubakimoto Chain Co.,6371,Japan,TSE,JPY,TRADINGVIEW_SCREENER,Producer Manufacturing,Industrial Machinery,MACHINERY,1817641814.096725,UNDEFINED,,JPY,,TRUE,PRESENT,2026-08-18,2026-08-18,
"Zhejiang Taitan Co., Ltd. Class A",003036,China,SZSE,CNY,TRADINGVIEW_SCREENER,Producer Manufacturing,Industrial Machinery,MACHINERY,1799143705.5174098,UNDEFINED,,CNY,,TRUE,PRESENT,2026-08-18,2026-08-18,
Volution Group plc,A116RY,United Kingdom,LSX,EUR,TRADINGVIEW_SCREENER,Producer Manufacturing,Industrial Machinery,MACHINERY,1794137070.627,UNDEFINED,,EUR,,TRUE,PRESENT,2026-08-18,2026-08-18,
"First Tractor Co., Ltd. Class H",38,China,HKEX,HKD,TRADINGVIEW_SCREENER,Producer Manufacturing,Trucks/Construction/Farm Machinery,MACHINERY,1786682902.1496003,UNDEFINED,,HKD,,TRUE,PRESENT,2026-08-18,2026-08-18,Broad industry; review for shipbuilding/construction-equipment.
"First Tractor Co., Ltd. Class A",601038,China,SSE,CNY,TRADINGVIEW_SCREENER,Producer Manufacturing,Trucks/Construction/Farm Machinery,MACHINERY,1786682902.1496,UNDEFINED,,CNY,,TRUE,PRESENT,2026-08-18,2026-08-18,Broad industry; review for shipbuilding/construction-equipment.
"Hymson Laser Technology Group Co., Ltd. Class A",688559,China,SSE,CNY,TRADINGVIEW_SCREENER,Producer Manufacturing,Industrial Machinery,MACHINERY,1780672565.04207,UNDEFINED,,CNY,,TRUE,PRESENT,2026-08-18,2026-08-18,
Systemair AB,0HDK,Sweden,LSE,SEK,TRADINGVIEW_SCREENER,Producer Manufacturing,Industrial Machinery,MACHINERY,1764476446.8418002,UNDEFINED,,SEK,,TRUE,PRESENT,2026-08-18,2026-08-18,
Landis+Gyr Group AG,A2DUSP,Switzerland,LS,EUR,TRADINGVIEW_SCREENER,Producer Manufacturing,Industrial Machinery,MACHINERY,1747133135.5968003,UNDEFINED,,EUR,,TRUE,PRESENT,2026-08-18,2026-08-18,
"Hefei Metalforming Intelligent Manufacturing Co., Ltd. Class A",603011,China,SSE,CNY,TRADINGVIEW_SCREENER,Producer Manufacturing,Industrial Machinery,MACHINERY,1733109338.1511698,UNDEFINED,,CNY,,TRUE,PRESENT,2026-08-18,2026-08-18,
"Weichai Heavy Machinery Co., Ltd. Class A",000880,China,SZSE,CNY,TRADINGVIEW_SCREENER,Producer Manufacturing,Trucks/Construction/Farm Machinery,MACHINERY,1722568242.7623599,UNDEFINED,,CNY,,TRUE,PRESENT,2026-08-18,2026-08-18,Broad industry; review for shipbuilding/construction-equipment.
"Hongyuan Green Energy Co., Ltd. Class A",603185,China,SSE,CNY,TRADINGVIEW_SCREENER,Producer Manufacturing,Industrial Machinery,MACHINERY,1714278815.73466,UNDEFINED,,CNY,,TRUE,PRESENT,2026-08-18,2026-08-18,
"Guangzhou Risong Intelligent Technology Holding Co., Ltd. Class A",688090,China,SSE,CNY,TRADINGVIEW_SCREENER,Producer Manufacturing,Industrial Machinery,MACHINERY,1680816590.80734,UNDEFINED,,CNY,,TRUE,PRESENT,2026-08-18,2026-08-18,
"Nikkiso Co., Ltd.",6376,Japan,TSE,JPY,TRADINGVIEW_SCREENER,Producer Manufacturing,Industrial Machinery,MACHINERY,1679868289.6429253,UNDEFINED,,JPY,,TRUE,PRESENT,2026-08-18,2026-08-18,
Greatech Technology Bhd.,GREATEC,Malaysia,MYX,MYR,TRADINGVIEW_SCREENER,Producer Manufacturing,Industrial Machinery,MACHINERY,1677047436.1417,UNDEFINED,,MYR,,TRUE,PRESENT,2026-08-18,2026-08-18,
"Zhejiang Dayuan Pumps Industry Co., Ltd Class A",603757,China,SSE,CNY,TRADINGVIEW_SCREENER,Producer Manufacturing,Industrial Machinery,MACHINERY,1661593824.5762098,UNDEFINED,,CNY,,TRUE,PRESENT,2026-08-18,2026-08-18,
Crompton Greaves Consumer Electricals Ltd.,CROMPTON,India,BSE,INR,TRADINGVIEW_SCREENER,Producer Manufacturing,Industrial Machinery,MACHINERY,1659113593.5138102,UNDEFINED,,INR,,TRUE,PRESENT,2026-08-18,2026-08-18,
Chongqing Zaisheng Technology Co Ltd,603601,China,SSE,CNY,TRADINGVIEW_SCREENER,Producer Manufacturing,Industrial Machinery,MACHINERY,1659036850.5832098,UNDEFINED,,CNY,,TRUE,PRESENT,2026-08-18,2026-08-18,
Wacker Neuson SE,WAC,Germany,VIE,EUR,TRADINGVIEW_SCREENER,Producer Manufacturing,Trucks/Construction/Farm Machinery,MACHINERY,1650444110.64,UNDEFINED,,EUR,,TRUE,PRESENT,2026-08-18,2026-08-18,Broad industry; review for shipbuilding/construction-equipment.
"Tofflon Science and Technology Group Co., Ltd. Class A",300171,China,SZSE,CNY,TRADINGVIEW_SCREENER,Producer Manufacturing,Industrial Machinery,MACHINERY,1643307068.4710398,UNDEFINED,,CNY,,TRUE,PRESENT,2026-08-18,2026-08-18,
"Hangzhou XZB Tech Co., Ltd. Class A",603040,China,SSE,CNY,TRADINGVIEW_SCREENER,Producer Manufacturing,Industrial Machinery,MACHINERY,1641777903.12235,UNDEFINED,,CNY,,TRUE,PRESENT,2026-08-18,2026-08-18,
"Tongyu Heavy Industry Co., Ltd. Class A",300185,China,SZSE,CNY,TRADINGVIEW_SCREENER,Producer Manufacturing,Industrial Machinery,MACHINERY,1638861749.4675298,UNDEFINED,,CNY,,TRUE,PRESENT,2026-08-18,2026-08-18,
BEML Limited,BEML,India,NSE,INR,TRADINGVIEW_SCREENER,Producer Manufacturing,Trucks/Construction/Farm Machinery,MACHINERY,1633598170.62014,UNDEFINED,,INR,,TRUE,PRESENT,2026-08-18,2026-08-18,Broad industry; review for shipbuilding/construction-equipment.
Ningbo PIA Automation Holding Corp. Class A,688306,China,SSE,CNY,TRADINGVIEW_SCREENER,Producer Manufacturing,Industrial Machinery,MACHINERY,1631593032.3385699,UNDEFINED,,CNY,,TRUE,PRESENT,2026-08-18,2026-08-18,
Lonking Holdings Limited,C9IB,China,GETTEX,EUR,TRADINGVIEW_SCREENER,Producer Manufacturing,Trucks/Construction/Farm Machinery,MACHINERY,1608590045.6808004,UNDEFINED,,EUR,,TRUE,PRESENT,2026-08-18,2026-08-18,Broad industry; review for shipbuilding/construction-equipment.
"Zhejiang Dun'an Artificial Environment Co., Ltd. Class A",002011,China,SZSE,CNY,TRADINGVIEW_SCREENER,Producer Manufacturing,Industrial Machinery,MACHINERY,1605006216.7213898,UNDEFINED,,CNY,,TRUE,PRESENT,2026-08-18,2026-08-18,
Qinchuan Machine Tool & Tool Group Share Co. Ltd. Class A,000837,China,SZSE,CNY,TRADINGVIEW_SCREENER,Producer Manufacturing,Industrial Machinery,MACHINERY,1601107031.5126598,UNDEFINED,,CNY,,TRUE,PRESENT,2026-08-18,2026-08-18,
"Shenzhen LDRobot Co., Ltd. Class H",1236,China,HKEX,HKD,TRADINGVIEW_SCREENER,Producer Manufacturing,Industrial Machinery,MACHINERY,1599295001.8136,UNDEFINED,,HKD,,TRUE,PRESENT,2026-08-18,2026-08-18,
Maharashtra Scooters Ltd,MAHSCOOTER,India,BSE,INR,TRADINGVIEW_SCREENER,Producer Manufacturing,Industrial Machinery,MACHINERY,1597003250.0598621,UNDEFINED,,INR,,TRUE,PRESENT,2026-08-18,2026-08-18,
Kirloskar Brothers Ltd.,KIRLOSBROS,India,BSE,INR,TRADINGVIEW_SCREENER,Producer Manufacturing,Industrial Machinery,MACHINERY,1587562940.630788,UNDEFINED,,INR,,TRUE,PRESENT,2026-08-18,2026-08-18,
Interroll Holding AG,907155,Switzerland,LSX,EUR,TRADINGVIEW_SCREENER,Producer Manufacturing,Industrial Machinery,MACHINERY,1576621778.8104002,UNDEFINED,,EUR,,TRUE,PRESENT,2026-08-18,2026-08-18,
"Ningbo Haitian Precision Machinery Co., Ltd. Class A",601882,China,SSE,CNY,TRADINGVIEW_SCREENER,Producer Manufacturing,Industrial Machinery,MACHINERY,1570310095.0203798,UNDEFINED,,CNY,,TRUE,PRESENT,2026-08-18,2026-08-18,
"Allied Machinery Co., Ltd. Class A",605060,China,SSE,CNY,TRADINGVIEW_SCREENER,Producer Manufacturing,Industrial Machinery,MACHINERY,1557693841.5649798,UNDEFINED,,CNY,,TRUE,PRESENT,2026-08-18,2026-08-18,
Sprint Precision Technologies Co. Ltd. Class A,688605,China,SSE,CNY,TRADINGVIEW_SCREENER,Producer Manufacturing,Industrial Machinery,MACHINERY,1556702188.02049,UNDEFINED,,CNY,,TRUE,PRESENT,2026-08-18,2026-08-18,
Suzhou Veichi Electric Co. Ltd. Class A,688698,China,SSE,CNY,TRADINGVIEW_SCREENER,Producer Manufacturing,Industrial Machinery,MACHINERY,1540072521.8369398,UNDEFINED,,CNY,,TRUE,PRESENT,2026-08-18,2026-08-18,
"Suzhou SLAC Precision Equipment Co., Ltd. Class A",300382,China,SZSE,CNY,TRADINGVIEW_SCREENER,Producer Manufacturing,Industrial Machinery,MACHINERY,1534816626.79926,UNDEFINED,,CNY,,TRUE,PRESENT,2026-08-18,2026-08-18,
"Shenzhen iN-Cube Automation Co., Ltd. Class A",301312,China,SZSE,CNY,TRADINGVIEW_SCREENER,Producer Manufacturing,Industrial Machinery,MACHINERY,1532206354.49448,UNDEFINED,,CNY,,TRUE,PRESENT,2026-08-18,2026-08-18,
Ingersoll-Rand (India) Limited,INGERRAND,India,BSE,INR,TRADINGVIEW_SCREENER,Producer Manufacturing,Trucks/Construction/Farm Machinery,MACHINERY,1523389165.5394862,UNDEFINED,,INR,,TRUE,PRESENT,2026-08-18,2026-08-18,Broad industry; review for shipbuilding/construction-equipment.
Comer Industries SpA,X5Q,Italy,GETTEX,EUR,TRADINGVIEW_SCREENER,Producer Manufacturing,Trucks/Construction/Farm Machinery,MACHINERY,1512379129.4865,UNDEFINED,,EUR,,TRUE,PRESENT,2026-08-18,2026-08-18,Broad industry; review for shipbuilding/construction-equipment.
"Longhua Technology Group (Luoyang) Co,. Ltd. Class A",300263,China,SZSE,CNY,TRADINGVIEW_SCREENER,Producer Manufacturing,Industrial Machinery,MACHINERY,1507847427.78187,UNDEFINED,,CNY,,TRUE,PRESENT,2026-08-18,2026-08-18,
Ariston Holding NV,0ABE,Italy,LSIN,EUR,TRADINGVIEW_SCREENER,Producer Manufacturing,Industrial Machinery,MACHINERY,1499060600.2395,UNDEFINED,,EUR,,TRUE,PRESENT,2026-08-18,2026-08-18,
"Beijing Jiuzhouyigui Environmental Technology Co., Ltd. Class A",688485,China,SSE,CNY,TRADINGVIEW_SCREENER,Producer Manufacturing,Trucks/Construction/Farm Machinery,MACHINERY,1493477567.3687098,UNDEFINED,,CNY,,TRUE,PRESENT,2026-08-18,2026-08-18,Broad industry; review for shipbuilding/construction-equipment.
Yinson Holdings Bhd.,YINSON,Malaysia,MYX,MYR,TRADINGVIEW_SCREENER,Producer Manufacturing,Trucks/Construction/Farm Machinery,MACHINERY,1489782052.0086,UNDEFINED,,MYR,,TRUE,PRESENT,2026-08-18,2026-08-18,Broad industry; review for shipbuilding/construction-equipment.
"PNC Process Systems Co., Ltd. Class A",603690,China,SSE,CNY,TRADINGVIEW_SCREENER,Producer Manufacturing,Industrial Machinery,MACHINERY,1472653784.08911,UNDEFINED,,CNY,,TRUE,PRESENT,2026-08-18,2026-08-18,
Phoenix Silicon International Corp.,8028,Taiwan,TWSE,TWD,TRADINGVIEW_SCREENER,Producer Manufacturing,Industrial Machinery,MACHINERY,1472506893.260753,UNDEFINED,,TWD,,TRUE,PRESENT,2026-08-18,2026-08-18,
KSB Ltd.,KSB,India,NSE,INR,TRADINGVIEW_SCREENER,Producer Manufacturing,Industrial Machinery,MACHINERY,1460223399.891828,UNDEFINED,,INR,,TRUE,PRESENT,2026-08-18,2026-08-18,
LU-VE S.p.A.,0RQV,Italy,LSE,EUR,TRADINGVIEW_SCREENER,Producer Manufacturing,Industrial Machinery,MACHINERY,1458716866.812,UNDEFINED,,EUR,,TRUE,PRESENT,2026-08-18,2026-08-18,
Shenzhen Dobot Corp Ltd Class H,2432,China,HKEX,HKD,TRADINGVIEW_SCREENER,Producer Manufacturing,Industrial Machinery,MACHINERY,1457308288.3632002,UNDEFINED,,HKD,,TRUE,PRESENT,2026-08-18,2026-08-18,
"Xinjiang Machinery Research Institute Co., Ltd. Class A",300159,China,SZSE,CNY,TRADINGVIEW_SCREENER,Producer Manufacturing,Trucks/Construction/Farm Machinery,MACHINERY,1444947355.23348,UNDEFINED,,CNY,,TRUE,PRESENT,2026-08-18,2026-08-18,Broad industry; review for shipbuilding/construction-equipment.
Alimak Group AB,0R8W,Sweden,LSIN,SEK,TRADINGVIEW_SCREENER,Producer Manufacturing,Trucks/Construction/Farm Machinery,MACHINERY,1443029632.148,UNDEFINED,,SEK,,TRUE,PRESENT,2026-08-18,2026-08-18,Broad industry; review for shipbuilding/construction-equipment.
Suzhou Chunqiu Electronic Technology Co. Ltd. Class A,603890,China,SSE,CNY,TRADINGVIEW_SCREENER,Producer Manufacturing,Industrial Machinery,MACHINERY,1441828848.43004,UNDEFINED,,CNY,,TRUE,PRESENT,2026-08-18,2026-08-18,
"Shenzhen Creality 3D Technology Co., Ltd. Class H",3388,China,HKEX,HKD,TRADINGVIEW_SCREENER,Producer Manufacturing,Industrial Machinery,MACHINERY,1441605729.2728002,UNDEFINED,,HKD,,TRUE,PRESENT,2026-08-18,2026-08-18,
"OMH SCIENCE Group Co.,Ltd. Class A",300486,China,SZSE,CNY,TRADINGVIEW_SCREENER,Producer Manufacturing,Trucks/Construction/Farm Machinery,MACHINERY,1430436975.4311,UNDEFINED,,CNY,,TRUE,PRESENT,2026-08-18,2026-08-18,Broad industry; review for shipbuilding/construction-equipment.
Durr AG,DUE,Germany,VIE,EUR,TRADINGVIEW_SCREENER,Producer Manufacturing,Industrial Machinery,MACHINERY,1419771302.5635002,UNDEFINED,,EUR,,TRUE,PRESENT,2026-08-18,2026-08-18,
"Greenbrier Companies, Inc. (The)",GBX,United States,NYSE,USD,TRADINGVIEW_SCREENER,Producer Manufacturing,Trucks/Construction/Farm Machinery,MACHINERY,1416418773.859595,UNDEFINED,,USD,,TRUE,PRESENT,2026-08-18,2026-08-18,Broad industry; review for shipbuilding/construction-equipment.
"Yizumi Holdings Co., Ltd. Class A",300415,China,SZSE,CNY,TRADINGVIEW_SCREENER,Producer Manufacturing,Industrial Machinery,MACHINERY,1412811204.07546,UNDEFINED,,CNY,,TRUE,PRESENT,2026-08-18,2026-08-18,
"Seikoh Giken Co., Ltd.",6834,Japan,TSE,JPY,TRADINGVIEW_SCREENER,Producer Manufacturing,Industrial Machinery,MACHINERY,1408304157.2285252,UNDEFINED,,JPY,,TRUE,PRESENT,2026-08-18,2026-08-18,
"Greenbrier Companies, Inc.",891600,United States,LSX,EUR,TRADINGVIEW_SCREENER,Producer Manufacturing,Trucks/Construction/Farm Machinery,MACHINERY,1405899281,UNDEFINED,,EUR,,TRUE,PRESENT,2026-08-18,2026-08-18,Broad industry; review for shipbuilding/construction-equipment.
"Fujian Snowman Group Co., Ltd. Class A",002639,China,SZSE,CNY,TRADINGVIEW_SCREENER,Producer Manufacturing,Industrial Machinery,MACHINERY,1403669775.2400398,UNDEFINED,,CNY,,TRUE,PRESENT,2026-08-18,2026-08-18,
"MayAir Technology (China) Co., Ltd. Class A",688376,China,SSE,CNY,TRADINGVIEW_SCREENER,Producer Manufacturing,Industrial Machinery,MACHINERY,1398599445.94321,UNDEFINED,,CNY,,TRUE,PRESENT,2026-08-18,2026-08-18,
Palfinger AG,PLFRF,Austria,OTC,USD,TRADINGVIEW_SCREENER,Producer Manufacturing,Trucks/Construction/Farm Machinery,MACHINERY,1398469158.7561374,UNDEFINED,,USD,,TRUE,PRESENT,2026-08-18,2026-08-18,Broad industry; review for shipbuilding/construction-equipment.
Zhejiang Jiecang Linear Motion Technology Co. Ltd. Class A,603583,China,SSE,CNY,TRADINGVIEW_SCREENER,Producer Manufacturing,Industrial Machinery,MACHINERY,1383347128.75086,UNDEFINED,,CNY,,TRUE,PRESENT,2026-08-18,2026-08-18,
"Gudeng Precision Industrial Co., Ltd.",3680,Taiwan,TPEX,TWD,TRADINGVIEW_SCREENER,Producer Manufacturing,Industrial Machinery,MACHINERY,1382811029.664743,UNDEFINED,,TWD,,TRUE,PRESENT,2026-08-18,2026-08-18,
"Neway CNC Equipment (Suzhou) Co., Ltd. Class A",688697,China,SSE,CNY,TRADINGVIEW_SCREENER,Producer Manufacturing,Industrial Machinery,MACHINERY,1380520398.12869,UNDEFINED,,CNY,,TRUE,PRESENT,2026-08-18,2026-08-18,
"Hunan Yujing Machinery Co., Ltd. Class A",002943,China,SZSE,CNY,TRADINGVIEW_SCREENER,Producer Manufacturing,Industrial Machinery,MACHINERY,1380426107.35092,UNDEFINED,,CNY,,TRUE,PRESENT,2026-08-18,2026-08-18,
"Hunan Meihu Intelligent Manufacturing Co., Ltd. Class A",603319,China,SSE,CNY,TRADINGVIEW_SCREENER,Producer Manufacturing,Industrial Machinery,MACHINERY,1376418934.16272,UNDEFINED,,CNY,,TRUE,PRESENT,2026-08-18,2026-08-18,
"Shanghai Step Electric Co., Ltd. Class A",002527,China,SZSE,CNY,TRADINGVIEW_SCREENER,Producer Manufacturing,Industrial Machinery,MACHINERY,1376015872.92267,UNDEFINED,,CNY,,TRUE,PRESENT,2026-08-18,2026-08-18,
"MACHVISION, Inc.",3563,Taiwan,TWSE,TWD,TRADINGVIEW_SCREENER,Producer Manufacturing,Industrial Machinery,MACHINERY,1370655095.6672568,UNDEFINED,,TWD,,TRUE,PRESENT,2026-08-18,2026-08-18,
Graham Corporation,GHM,United States,NYSE,USD,TRADINGVIEW_SCREENER,Producer Manufacturing,Industrial Machinery,MACHINERY,1355392532.6776035,UNDEFINED,,USD,,TRUE,PRESENT,2026-08-18,2026-08-18,
"Jiangxi Guoke Defence Group Co., Ltd. Class A",688543,China,SSE,CNY,TRADINGVIEW_SCREENER,Producer Manufacturing,Industrial Machinery,MACHINERY,1355371641.38915,UNDEFINED,,CNY,,TRUE,PRESENT,2026-08-18,2026-08-18,
"Noritake Co.,Limited",5331,Japan,TSE,JPY,TRADINGVIEW_SCREENER,Producer Manufacturing,Industrial Machinery,MACHINERY,1355016943.59135,UNDEFINED,,JPY,,TRUE,PRESENT,2026-08-18,2026-08-18,
Action Construction Equipment Limited,ACE,India,BSE,INR,TRADINGVIEW_SCREENER,Producer Manufacturing,Trucks/Construction/Farm Machinery,MACHINERY,1354293885.255778,UNDEFINED,,INR,,TRUE,PRESENT,2026-08-18,2026-08-18,Broad industry; review for shipbuilding/construction-equipment.
"Qingdao Haier Biomedical Co., Ltd. Class A",688139,China,SSE,CNY,TRADINGVIEW_SCREENER,Producer Manufacturing,Industrial Machinery,MACHINERY,1352627452.1524098,UNDEFINED,,CNY,,TRUE,PRESENT,2026-08-18,2026-08-18,
Kunshan Kersen Science & Technology Co. Ltd. Class A,603626,China,SSE,CNY,TRADINGVIEW_SCREENER,Producer Manufacturing,Industrial Machinery,MACHINERY,1350408846.31401,UNDEFINED,,CNY,,TRUE,PRESENT,2026-08-18,2026-08-18,
"Ningbo Kangqiang Electronics Co., Ltd. Class A",002119,China,SZSE,CNY,TRADINGVIEW_SCREENER,Producer Manufacturing,Industrial Machinery,MACHINERY,1346398800.4626598,UNDEFINED,,CNY,,TRUE,PRESENT,2026-08-18,2026-08-18,
Swan Defence and Heavy Industries Ltd,SWANDEF,India,BSE,INR,TRADINGVIEW_SCREENER,Producer Manufacturing,Trucks/Construction/Farm Machinery,MACHINERY,1345519169.964106,UNDEFINED,,INR,,TRUE,PRESENT,2026-08-18,2026-08-18,Broad industry; review for shipbuilding/construction-equipment.
Guangzhou Goaland Energy Conservation Tech Co. Ltd. Class A,300499,China,SZSE,CNY,TRADINGVIEW_SCREENER,Producer Manufacturing,Industrial Machinery,MACHINERY,1345263553.62378,UNDEFINED,,CNY,,TRUE,PRESENT,2026-08-18,2026-08-18,
Vossloh Aktiengesellschaft,VOS,Germany,VIE,EUR,TRADINGVIEW_SCREENER,Producer Manufacturing,Trucks/Construction/Farm Machinery,MACHINERY,1339539140.5065,UNDEFINED,,EUR,,TRUE,PRESENT,2026-08-18,2026-08-18,Broad industry; review for shipbuilding/construction-equipment.
"EFORT Intelligent Robot Co., Ltd. Class A",688165,China,SSE,CNY,TRADINGVIEW_SCREENER,Producer Manufacturing,Industrial Machinery,MACHINERY,1335361035.91555,UNDEFINED,,CNY,,TRUE,PRESENT,2026-08-18,2026-08-18,
Chervon Holdings Limited,AZ9,China,GETTEX,EUR,TRADINGVIEW_SCREENER,Producer Manufacturing,Industrial Machinery,MACHINERY,1335077435.2006004,UNDEFINED,,EUR,,TRUE,PRESENT,2026-08-18,2026-08-18,
BHI Co. Ltd.,083650,South Korea,KRX,KRW,TRADINGVIEW_SCREENER,Producer Manufacturing,Industrial Machinery,MACHINERY,1331520512.4549901,UNDEFINED,,KRW,,TRUE,PRESENT,2026-08-18,2026-08-18,
"SanFeng Intelligent Equipment Group Co.,Ltd. Class A",300276,China,SZSE,CNY,TRADINGVIEW_SCREENER,Producer Manufacturing,Industrial Machinery,MACHINERY,1319052580.4483998,UNDEFINED,,CNY,,TRUE,PRESENT,2026-08-18,2026-08-18,
Shuangliang Eco-Energy Systems Co. Ltd. Class A,600481,China,SSE,CNY,TRADINGVIEW_SCREENER,Producer Manufacturing,Industrial Machinery,MACHINERY,1318033751.8217099,UNDEFINED,,CNY,,TRUE,PRESENT,2026-08-18,2026-08-18,
"Eternal Precision Mechanics Co., Ltd.",7795,Taiwan,TWSE,TWD,TRADINGVIEW_SCREENER,Producer Manufacturing,Industrial Machinery,MACHINERY,1317968987.265954,UNDEFINED,,TWD,,TRUE,PRESENT,2026-08-18,2026-08-18,
Priortech Limited,PRTC,Israel,TASE,ILA,TRADINGVIEW_SCREENER,Producer Manufacturing,Industrial Machinery,MACHINERY,1314960215.08036,UNDEFINED,,ILA,,TRUE,PRESENT,2026-08-18,2026-08-18,
Beijing Yunji Technology Co. Ltd. Class H,2670,China,HKEX,HKD,TRADINGVIEW_SCREENER,Producer Manufacturing,Industrial Machinery,MACHINERY,1314321451.2792,UNDEFINED,,HKD,,TRUE,PRESENT,2026-08-18,2026-08-18,
"Hengbo Holdings Co., Ltd. Class A",301225,China,SZSE,CNY,TRADINGVIEW_SCREENER,Producer Manufacturing,Trucks/Construction/Farm Machinery,MACHINERY,1312308341.0721898,UNDEFINED,,CNY,,TRUE,PRESENT,2026-08-18,2026-08-18,Broad industry; review for shipbuilding/construction-equipment.
Jiangsu Bide Science & Technology Co. Ltd. Class A,605298,China,SSE,CNY,TRADINGVIEW_SCREENER,Producer Manufacturing,Industrial Machinery,MACHINERY,1309197233.84002,UNDEFINED,,CNY,,TRUE,PRESENT,2026-08-18,2026-08-18,
"Sunonwealth Electric Machine Industry Co., Ltd.",2421,Taiwan,TWSE,TWD,TRADINGVIEW_SCREENER,Producer Manufacturing,Industrial Machinery,MACHINERY,1306792524.323632,UNDEFINED,,TWD,,TRUE,PRESENT,2026-08-18,2026-08-18,
"Asian Star Anchor Chain Co., Ltd. Class A",601890,China,SSE,CNY,TRADINGVIEW_SCREENER,Producer Manufacturing,Trucks/Construction/Farm Machinery,MACHINERY,1305152678.09423,UNDEFINED,,CNY,,TRUE,PRESENT,2026-08-18,2026-08-18,Broad industry; review for shipbuilding/construction-equipment.
"Lanzhou LS Heavy Equipment Co., Ltd. Class A",603169,China,SSE,CNY,TRADINGVIEW_SCREENER,Producer Manufacturing,Industrial Machinery,MACHINERY,1298917607.8510098,UNDEFINED,,CNY,,TRUE,PRESENT,2026-08-18,2026-08-18,
CHERVON HLDGS LTD.,CHRHF,China,OTC,USD,TRADINGVIEW_SCREENER,Producer Manufacturing,Industrial Machinery,MACHINERY,1298469753.8119535,UNDEFINED,,USD,,TRUE,PRESENT,2026-08-18,2026-08-18,
Austal Limited,ASB,Australia,ASX,AUD,TRADINGVIEW_SCREENER,Producer Manufacturing,Trucks/Construction/Farm Machinery,MACHINERY,1297918125.5719,UNDEFINED,,AUD,,TRUE,PRESENT,2026-08-18,2026-08-18,Broad industry; review for shipbuilding/construction-equipment.
"Jiangsu Guomao Reducer Co., Ltd. Class A",603915,China,SSE,CNY,TRADINGVIEW_SCREENER,Producer Manufacturing,Industrial Machinery,MACHINERY,1294271391.6656299,UNDEFINED,,CNY,,TRUE,PRESENT,2026-08-18,2026-08-18,
KEDE Numerical Control Co. Ltd. Class A,688305,China,SSE,CNY,TRADINGVIEW_SCREENER,Producer Manufacturing,Industrial Machinery,MACHINERY,1275868664.5856898,UNDEFINED,,CNY,,TRUE,PRESENT,2026-08-18,2026-08-18,
"Chengdu Yunda Technology Co., Ltd. Class A",300440,China,SZSE,CNY,TRADINGVIEW_SCREENER,Producer Manufacturing,Trucks/Construction/Farm Machinery,MACHINERY,1275171332.6820998,UNDEFINED,,CNY,,TRUE,PRESENT,2026-08-18,2026-08-18,Broad industry; review for shipbuilding/construction-equipment.
"Chengdu Leejun Industrial Co., Ltd. Class A",002651,China,SZSE,CNY,TRADINGVIEW_SCREENER,Producer Manufacturing,Trucks/Construction/Farm Machinery,MACHINERY,1273009431.45082,UNDEFINED,,CNY,,TRUE,PRESENT,2026-08-18,2026-08-18,Broad industry; review for shipbuilding/construction-equipment.
"Aotecar New Energy Technology Group Co., Ltd. Class A",002239,China,SZSE,CNY,TRADINGVIEW_SCREENER,Producer Manufacturing,Industrial Machinery,MACHINERY,1272890499.93623,UNDEFINED,,CNY,,TRUE,PRESENT,2026-08-18,2026-08-18,
VM Inc.,089970,South Korea,KRX,KRW,TRADINGVIEW_SCREENER,Producer Manufacturing,Industrial Machinery,MACHINERY,1260430734.7389421,UNDEFINED,,KRW,,TRUE,PRESENT,2026-08-18,2026-08-18,
Mi Technovation Bhd.,MI,Malaysia,MYX,MYR,TRADINGVIEW_SCREENER,Producer Manufacturing,Industrial Machinery,MACHINERY,1258633600,UNDEFINED,,MYR,,TRUE,PRESENT,2026-08-18,2026-08-18,
"Kale Environment Technology (Shanghai) Co., Ltd. Class A",301070,China,SZSE,CNY,TRADINGVIEW_SCREENER,Producer Manufacturing,Industrial Machinery,MACHINERY,1257238373.9779499,UNDEFINED,,CNY,,TRUE,PRESENT,2026-08-18,2026-08-18,
"Hangzhou Honghua Digital Technology Stock Co., Ltd. Class A",688789,China,SSE,CNY,TRADINGVIEW_SCREENER,Producer Manufacturing,Industrial Machinery,MACHINERY,1247457517.8886797,UNDEFINED,,CNY,,TRUE,PRESENT,2026-08-18,2026-08-18,
"Power HF Co., Ltd. Class A",605100,China,SSE,CNY,TRADINGVIEW_SCREENER,Producer Manufacturing,Trucks/Construction/Farm Machinery,MACHINERY,1227680439.40486,UNDEFINED,,CNY,,TRUE,PRESENT,2026-08-18,2026-08-18,Broad industry; review for shipbuilding/construction-equipment.
Austal Ltd.,AUTLF,Australia,OTC,USD,TRADINGVIEW_SCREENER,Producer Manufacturing,Trucks/Construction/Farm Machinery,MACHINERY,1227577911.2568805,UNDEFINED,,USD,,TRUE,PRESENT,2026-08-18,2026-08-18,Broad industry; review for shipbuilding/construction-equipment.
"Techwing, Inc.",089030,South Korea,KRX,KRW,TRADINGVIEW_SCREENER,Producer Manufacturing,Industrial Machinery,MACHINERY,1225301146.562844,UNDEFINED,,KRW,,TRUE,PRESENT,2026-08-18,2026-08-18,
"YAPP Automotive Systems Co., Ltd. Class A",603013,China,SSE,CNY,TRADINGVIEW_SCREENER,Producer Manufacturing,Industrial Machinery,MACHINERY,1224120333.06997,UNDEFINED,,CNY,,TRUE,PRESENT,2026-08-18,2026-08-18,
"Nanfang Pump Industry Co., Ltd. Class A",300145,China,SZSE,CNY,TRADINGVIEW_SCREENER,Producer Manufacturing,Industrial Machinery,MACHINERY,1221920145.91486,UNDEFINED,,CNY,,TRUE,PRESENT,2026-08-18,2026-08-18,
Towa Corp,TOWCF,Japan,OTC,USD,TRADINGVIEW_SCREENER,Producer Manufacturing,Industrial Machinery,MACHINERY,1213581715.39166,UNDEFINED,,USD,,TRUE,PRESENT,2026-08-18,2026-08-18,
Horng Terng Automation Co Ltd,7751,Taiwan,TPEX,TWD,TRADINGVIEW_SCREENER,Producer Manufacturing,Industrial Machinery,MACHINERY,1211973636.979511,UNDEFINED,,TWD,,TRUE,PRESENT,2026-08-18,2026-08-18,
Morimatsu International Holdings Company Limited,2155,China,HKEX,HKD,TRADINGVIEW_SCREENER,Producer Manufacturing,Industrial Machinery,MACHINERY,1205036810.4320002,UNDEFINED,,HKD,,TRUE,PRESENT,2026-08-18,2026-08-18,
Towa Corporation,6315,Japan,TSE,JPY,TRADINGVIEW_SCREENER,Producer Manufacturing,Industrial Machinery,MACHINERY,1184485811.973725,UNDEFINED,,JPY,,TRUE,PRESENT,2026-08-18,2026-08-18,
Jiangyin Hengrun Heavy Industries Co. Ltd. Class A,603985,China,SSE,CNY,TRADINGVIEW_SCREENER,Producer Manufacturing,Industrial Machinery,MACHINERY,1181833228.11442,UNDEFINED,,CNY,,TRUE,PRESENT,2026-08-18,2026-08-18,
Titagarh Rail Systems Ltd,TITAGARH,India,NSE,INR,TRADINGVIEW_SCREENER,Producer Manufacturing,Trucks/Construction/Farm Machinery,MACHINERY,1174231541.4534922,UNDEFINED,,INR,,TRUE,PRESENT,2026-08-18,2026-08-18,Broad industry; review for shipbuilding/construction-equipment.
Lindsay Corporation,LMF,United States,GETTEX,EUR,TRADINGVIEW_SCREENER,Producer Manufacturing,Trucks/Construction/Farm Machinery,MACHINERY,1170133620,UNDEFINED,,EUR,,TRUE,PRESENT,2026-08-18,2026-08-18,Broad industry; review for shipbuilding/construction-equipment.
Tennant Company,858055,United States,LS,EUR,TRADINGVIEW_SCREENER,Producer Manufacturing,Industrial Machinery,MACHINERY,1169411634,UNDEFINED,,EUR,,TRUE,PRESENT,2026-08-18,2026-08-18,
"Guangzhou KDT Machinery Group Co., Ltd. Class A",002833,China,SZSE,CNY,TRADINGVIEW_SCREENER,Producer Manufacturing,Industrial Machinery,MACHINERY,1162948311.07651,UNDEFINED,,CNY,,TRUE,PRESENT,2026-08-18,2026-08-18,
"TAESUNG CO., LTD.",323280,South Korea,KRX,KRW,TRADINGVIEW_SCREENER,Producer Manufacturing,Industrial Machinery,MACHINERY,1157633785.0116,UNDEFINED,,KRW,,TRUE,PRESENT,2026-08-18,2026-08-18,
"Shin Zu Shing Co., Ltd.",3376,Taiwan,TWSE,TWD,TRADINGVIEW_SCREENER,Producer Manufacturing,Industrial Machinery,MACHINERY,1157174355.0500479,UNDEFINED,,TWD,,TRUE,PRESENT,2026-08-18,2026-08-18,
"Shanghai SK Automation Technology Co., Ltd. Class A",688155,China,SSE,CNY,TRADINGVIEW_SCREENER,Producer Manufacturing,Industrial Machinery,MACHINERY,1151658217.34061,UNDEFINED,,CNY,,TRUE,PRESENT,2026-08-18,2026-08-18,
Sunward Intelligent Equipment Co. Ltd. Class A,002097,China,SZSE,CNY,TRADINGVIEW_SCREENER,Producer Manufacturing,Trucks/Construction/Farm Machinery,MACHINERY,1151459823.2360299,UNDEFINED,,CNY,,TRUE,PRESENT,2026-08-18,2026-08-18,Broad industry; review for shipbuilding/construction-equipment.
Newag SA,A1W93P,Poland,LSX,EUR,TRADINGVIEW_SCREENER,Producer Manufacturing,Trucks/Construction/Farm Machinery,MACHINERY,1151167968.5023499,UNDEFINED,,EUR,,TRUE,PRESENT,2026-08-18,2026-08-18,Broad industry; review for shipbuilding/construction-equipment.
Jupiter Wagons Limited,JWL,India,BSE,INR,TRADINGVIEW_SCREENER,Producer Manufacturing,Trucks/Construction/Farm Machinery,MACHINERY,1147941333.49612,UNDEFINED,,INR,,TRUE,PRESENT,2026-08-18,2026-08-18,Broad industry; review for shipbuilding/construction-equipment.
"KTK Group Co., Ltd. Class A",603680,China,SSE,CNY,TRADINGVIEW_SCREENER,Producer Manufacturing,Trucks/Construction/Farm Machinery,MACHINERY,1140707996.77695,UNDEFINED,,CNY,,TRUE,PRESENT,2026-08-18,2026-08-18,Broad industry; review for shipbuilding/construction-equipment.
TADANO Ltd.,6395,Japan,TSE,JPY,TRADINGVIEW_SCREENER,Producer Manufacturing,Trucks/Construction/Farm Machinery,MACHINERY,1138369293.361375,UNDEFINED,,JPY,,TRUE,PRESENT,2026-08-18,2026-08-18,Broad industry; review for shipbuilding/construction-equipment.
"Motorcomm Electronic Technology Co., Ltd. Class A",688515,China,SSE,CNY,TRADINGVIEW_SCREENER,Producer Manufacturing,Industrial Machinery,MACHINERY,1136539806.85511,UNDEFINED,,CNY,,TRUE,PRESENT,2026-08-18,2026-08-18,
Kitz Corporation,6498,Japan,TSE,JPY,TRADINGVIEW_SCREENER,Producer Manufacturing,Industrial Machinery,MACHINERY,1128710926.029,UNDEFINED,,JPY,,TRUE,PRESENT,2026-08-18,2026-08-18,
"Chang Wah Electromaterials, Inc.",8070,Taiwan,TWSE,TWD,TRADINGVIEW_SCREENER,Producer Manufacturing,Industrial Machinery,MACHINERY,1123835316.9825969,UNDEFINED,,TWD,,TRUE,PRESENT,2026-08-18,2026-08-18,
Yamabiko Corporation,6250,Japan,TSE,JPY,TRADINGVIEW_SCREENER,Producer Manufacturing,Trucks/Construction/Farm Machinery,MACHINERY,1115922467.789925,UNDEFINED,,JPY,,TRUE,PRESENT,2026-08-18,2026-08-18,Broad industry; review for shipbuilding/construction-equipment.
"Jin Tong Ling Technology Group Co., Ltd. Class A",300091,China,SZSE,CNY,TRADINGVIEW_SCREENER,Producer Manufacturing,Industrial Machinery,MACHINERY,1107657783.4693,UNDEFINED,,CNY,,TRUE,PRESENT,2026-08-18,2026-08-18,
Saurer Intelligent Technology Co. Ltd. Class A,600545,China,SSE,CNY,TRADINGVIEW_SCREENER,Producer Manufacturing,Industrial Machinery,MACHINERY,1100669214.7932599,UNDEFINED,,CNY,,TRUE,PRESENT,2026-08-18,2026-08-18,
"Jiangsu Rongtai Industry Co., Ltd. Class A",605133,China,SSE,CNY,TRADINGVIEW_SCREENER,Producer Manufacturing,Industrial Machinery,MACHINERY,1099780065.3091,UNDEFINED,,CNY,,TRUE,PRESENT,2026-08-18,2026-08-18,
"Ye Siang Enterprise Co., Ltd.",7909,Taiwan,TPEX,TWD,TRADINGVIEW_SCREENER,Producer Manufacturing,Industrial Machinery,MACHINERY,1095493274.396375,UNDEFINED,,TWD,,TRUE,PRESENT,2026-08-18,2026-08-18,
Shanghai Shibei Hi-Tech Co. Ltd. Class A,600604,China,SSE,CNY,TRADINGVIEW_SCREENER,Producer Manufacturing,Industrial Machinery,MACHINERY,1095086943.43216,UNDEFINED,,CNY,,TRUE,PRESENT,2026-08-18,2026-08-18,
Shanghai Shibei Hi-Tech Co. Ltd. Class B,900902,China,SSE,USD,TRADINGVIEW_SCREENER,Producer Manufacturing,Industrial Machinery,MACHINERY,1095086943.43216,UNDEFINED,,USD,,TRUE,PRESENT,2026-08-18,2026-08-18,
"Jintuo Technology Co., Ltd. Class A",603211,China,SSE,CNY,TRADINGVIEW_SCREENER,Producer Manufacturing,Industrial Machinery,MACHINERY,1090358732.5342598,UNDEFINED,,CNY,,TRUE,PRESENT,2026-08-18,2026-08-18,
Guangdong Senssun Weighing Apparatus Group Ltd. Class A,002870,China,SZSE,CNY,TRADINGVIEW_SCREENER,Producer Manufacturing,Industrial Machinery,MACHINERY,1086588450.1006498,UNDEFINED,,CNY,,TRUE,PRESENT,2026-08-18,2026-08-18,
"Xinlei Compressor Co., Ltd. Class A",301317,China,SZSE,CNY,TRADINGVIEW_SCREENER,Producer Manufacturing,Industrial Machinery,MACHINERY,1077630199.81337,UNDEFINED,,CNY,,TRUE,PRESENT,2026-08-18,2026-08-18,
Shenzhen JT Automation Equipment Co Ltd Class A,300400,China,SZSE,CNY,TRADINGVIEW_SCREENER,Producer Manufacturing,Industrial Machinery,MACHINERY,1058563614.8761799,UNDEFINED,,CNY,,TRUE,PRESENT,2026-08-18,2026-08-18,
"Miracle Automation Engineering Co., Ltd. Class A",002009,China,SZSE,CNY,TRADINGVIEW_SCREENER,Producer Manufacturing,Industrial Machinery,MACHINERY,1057427105.1621199,UNDEFINED,,CNY,,TRUE,PRESENT,2026-08-18,2026-08-18,
Zhejiang Jinggong Integration Technology Co. Ltd. Class A,002006,China,SZSE,CNY,TRADINGVIEW_SCREENER,Producer Manufacturing,Industrial Machinery,MACHINERY,1047651404.60295,UNDEFINED,,CNY,,TRUE,PRESENT,2026-08-18,2026-08-18,
"Jiangsu Ankura Intelligent Electric Co., Ltd. Class A",300617,China,SZSE,CNY,TRADINGVIEW_SCREENER,Producer Manufacturing,Industrial Machinery,MACHINERY,1047265374.5432199,UNDEFINED,,CNY,,TRUE,PRESENT,2026-08-18,2026-08-18,
"Jiangsu Shentong Valve Co., Ltd Class A",002438,China,SZSE,CNY,TRADINGVIEW_SCREENER,Producer Manufacturing,Industrial Machinery,MACHINERY,1046950746.5748099,UNDEFINED,,CNY,,TRUE,PRESENT,2026-08-18,2026-08-18,
Xiamen XGMA Machinery Company Limited Class A,600815,China,SSE,CNY,TRADINGVIEW_SCREENER,Producer Manufacturing,Trucks/Construction/Farm Machinery,MACHINERY,1046354189.2060599,UNDEFINED,,CNY,,TRUE,PRESENT,2026-08-18,2026-08-18,Broad industry; review for shipbuilding/construction-equipment.
Qingdao Gaoce Technology Co. Ltd. Class A,688556,China,SSE,CNY,TRADINGVIEW_SCREENER,Producer Manufacturing,Industrial Machinery,MACHINERY,1043992994.3569,UNDEFINED,,CNY,,TRUE,PRESENT,2026-08-18,2026-08-18,
RS Technologies Co. Ltd.,3445,Japan,TSE,JPY,TRADINGVIEW_SCREENER,Producer Manufacturing,Industrial Machinery,MACHINERY,1039767574.327375,UNDEFINED,,JPY,,TRUE,PRESENT,2026-08-18,2026-08-18,
"Suzhou Hailu Heavy Industry Co., Ltd Class A",002255,China,SZSE,CNY,TRADINGVIEW_SCREENER,Producer Manufacturing,Industrial Machinery,MACHINERY,1037971283.62998,UNDEFINED,,CNY,,TRUE,PRESENT,2026-08-18,2026-08-18,
Kirloskar Pneumatic Co. Ltd.,KIRLPNU,India,BSE,INR,TRADINGVIEW_SCREENER,Producer Manufacturing,Industrial Machinery,MACHINERY,1037613205.73862,UNDEFINED,,INR,,TRUE,PRESENT,2026-08-18,2026-08-18,
SDI Corporation,2351,Taiwan,TWSE,TWD,TRADINGVIEW_SCREENER,Producer Manufacturing,Industrial Machinery,MACHINERY,1033378109.64642,UNDEFINED,,TWD,,TRUE,PRESENT,2026-08-18,2026-08-18,
AA Industrial Belting (Shanghai) Co. Ltd. Class A,603580,China,SSE,CNY,TRADINGVIEW_SCREENER,Producer Manufacturing,Industrial Machinery,MACHINERY,1024573675.13375,UNDEFINED,,CNY,,TRUE,PRESENT,2026-08-18,2026-08-18,
Tiangong International Co. Ltd.,826,China,HKEX,HKD,TRADINGVIEW_SCREENER,Producer Manufacturing,Industrial Machinery,MACHINERY,1022400901.8132001,UNDEFINED,,HKD,,TRUE,PRESENT,2026-08-18,2026-08-18,
Jingjin Equipment Inc. Class A,603279,China,SSE,CNY,TRADINGVIEW_SCREENER,Producer Manufacturing,Industrial Machinery,MACHINERY,1016770481.1317899,UNDEFINED,,CNY,,TRUE,PRESENT,2026-08-18,2026-08-18,
Lindab International AB,0MWK,Sweden,LSIN,SEK,TRADINGVIEW_SCREENER,Producer Manufacturing,Industrial Machinery,MACHINERY,1015802756.7596,UNDEFINED,,SEK,,TRUE,PRESENT,2026-08-18,2026-08-18,
"Create Technology & Science Co., Ltd. Class A",000551,China,SZSE,CNY,TRADINGVIEW_SCREENER,Producer Manufacturing,Industrial Machinery,MACHINERY,1012839518.8004099,UNDEFINED,,CNY,,TRUE,PRESENT,2026-08-18,2026-08-18,
Taiyuan Heavy Industry Co. Ltd. Class A,600169,China,SSE,CNY,TRADINGVIEW_SCREENER,Producer Manufacturing,Trucks/Construction/Farm Machinery,MACHINERY,1012573396.97556,UNDEFINED,,CNY,,TRUE,PRESENT,2026-08-18,2026-08-18,Broad industry; review for shipbuilding/construction-equipment.
Maschinenfabrik Berthold Hermle AG Pref,MBH3,Germany,GETTEX,EUR,TRADINGVIEW_SCREENER,Producer Manufacturing,Industrial Machinery,MACHINERY,1011937500.0000001,UNDEFINED,,EUR,,TRUE,PRESENT,2026-08-18,2026-08-18,
engcon AB Class B,ENGCON_B,Sweden,OMXSTO,SEK,TRADINGVIEW_SCREENER,Producer Manufacturing,Trucks/Construction/Farm Machinery,MACHINERY,1010036440.1336,UNDEFINED,,SEK,,TRUE,PRESENT,2026-08-18,2026-08-18,Broad industry; review for shipbuilding/construction-equipment.
Wuhan Yifi Laser Corporation Limited Class A,688646,China,SSE,CNY,TRADINGVIEW_SCREENER,Producer Manufacturing,Industrial Machinery,MACHINERY,1008526065.92745,UNDEFINED,,CNY,,TRUE,PRESENT,2026-08-18,2026-08-18,
"Sichuan Crun Co., Ltd. Class A",002272,China,SZSE,CNY,TRADINGVIEW_SCREENER,Producer Manufacturing,Industrial Machinery,MACHINERY,1007539835.69239,UNDEFINED,,CNY,,TRUE,PRESENT,2026-08-18,2026-08-18,
Krn Heat Exchanger and Refrigeration Limited,KRN,India,NSE,INR,TRADINGVIEW_SCREENER,Producer Manufacturing,Industrial Machinery,MACHINERY,1006958499.3052441,UNDEFINED,,INR,,TRUE,PRESENT,2026-08-18,2026-08-18,
Guangdong Jinma Entertainment Corporation Limited Class A,300756,China,SZSE,CNY,TRADINGVIEW_SCREENER,Producer Manufacturing,Industrial Machinery,MACHINERY,1001055509.2764099,UNDEFINED,,CNY,,TRUE,PRESENT,2026-08-18,2026-08-18,
Yindu Kitchen Equipment Co. Ltd. Class A,603277,China,SSE,CNY,TRADINGVIEW_SCREENER,Producer Manufacturing,Industrial Machinery,MACHINERY,1000125384.0717299,UNDEFINED,,CNY,,TRUE,PRESENT,2026-08-18,2026-08-18,
"Greenworks (Jiangsu) Co., Ltd. Class A",301260,China,SZSE,CNY,TRADINGVIEW_SCREENER,Producer Manufacturing,Trucks/Construction/Farm Machinery,MACHINERY,999282409.9988099,UNDEFINED,,CNY,,TRUE,PRESENT,2026-08-18,2026-08-18,Broad industry; review for shipbuilding/construction-equipment.
Zhejiang Headman Machinery Co. Ltd. Class A,688577,China,SSE,CNY,TRADINGVIEW_SCREENER,Producer Manufacturing,Industrial Machinery,MACHINERY,998964161.30413,UNDEFINED,,CNY,,TRUE,PRESENT,2026-08-18,2026-08-18,
"Techman Robot, Inc.",4585,Taiwan,TWSE,TWD,TRADINGVIEW_SCREENER,Producer Manufacturing,Industrial Machinery,MACHINERY,996867438.0534999,UNDEFINED,,TWD,,TRUE,PRESENT,2026-08-18,2026-08-18,
"Astec Industries, Inc.",885275,United States,LSX,EUR,TRADINGVIEW_SCREENER,Producer Manufacturing,Trucks/Construction/Farm Machinery,MACHINERY,996537888,UNDEFINED,,EUR,,TRUE,PRESENT,2026-08-18,2026-08-18,Broad industry; review for shipbuilding/construction-equipment.
"SUFA Technology Industry Co., Ltd., CNNC Class A",000777,China,SZSE,CNY,TRADINGVIEW_SCREENER,Producer Manufacturing,Industrial Machinery,MACHINERY,993968223.09092,UNDEFINED,,CNY,,TRUE,PRESENT,2026-08-18,2026-08-18,
Robotphoenix Intelligent Technology Co Ltd Class H,6871,China,HKEX,HKD,TRADINGVIEW_SCREENER,Producer Manufacturing,Industrial Machinery,MACHINERY,986769636.3070002,UNDEFINED,,HKD,,TRUE,PRESENT,2026-08-18,2026-08-18,
Hangzhou Zhongtai Cryogenic Technology Corp. Class A,300435,China,SZSE,CNY,TRADINGVIEW_SCREENER,Producer Manufacturing,Industrial Machinery,MACHINERY,983131598.9054699,UNDEFINED,,CNY,,TRUE,PRESENT,2026-08-18,2026-08-18,
Eastman Kodak Company,0IF4,United States,LSE,USD,TRADINGVIEW_SCREENER,Producer Manufacturing,Industrial Machinery,MACHINERY,979000015,UNDEFINED,,USD,,TRUE,PRESENT,2026-08-18,2026-08-18,
Crystal Growth and Energy Equipment Inc. Class A,688478,China,SSE,CNY,TRADINGVIEW_SCREENER,Producer Manufacturing,Industrial Machinery,MACHINERY,976397675.6279199,UNDEFINED,,CNY,,TRUE,PRESENT,2026-08-18,2026-08-18,
Manitou BF SA,MTU,France,EURONEXT,EUR,TRADINGVIEW_SCREENER,Producer Manufacturing,Industrial Machinery,MACHINERY,975890479.797,UNDEFINED,,EUR,,TRUE,PRESENT,2026-08-18,2026-08-18,
"Douglas Dynamics, Inc.",5D4,United States,GETTEX,EUR,TRADINGVIEW_SCREENER,Producer Manufacturing,Trucks/Construction/Farm Machinery,MACHINERY,975697534,UNDEFINED,,EUR,,TRUE,PRESENT,2026-08-18,2026-08-18,Broad industry; review for shipbuilding/construction-equipment.
"META Green Cooling Technology Co., Ltd.",7892,Taiwan,TPEX,TWD,TRADINGVIEW_SCREENER,Producer Manufacturing,Industrial Machinery,MACHINERY,973699127.3984,UNDEFINED,,TWD,,TRUE,PRESENT,2026-08-18,2026-08-18,
"Nomura Micro Science Co., Ltd.",6254,Japan,TSE,JPY,TRADINGVIEW_SCREENER,Producer Manufacturing,Industrial Machinery,MACHINERY,970657204.4834751,UNDEFINED,,JPY,,TRUE,PRESENT,2026-08-18,2026-08-18,
Ningbo Donly Co Ltd. Class A,002164,China,SZSE,CNY,TRADINGVIEW_SCREENER,Producer Manufacturing,Industrial Machinery,MACHINERY,968435426.9279199,UNDEFINED,,CNY,,TRUE,PRESENT,2026-08-18,2026-08-18,
Truking Technology Ltd. Class A,300358,China,SZSE,CNY,TRADINGVIEW_SCREENER,Producer Manufacturing,Industrial Machinery,MACHINERY,967502195.06808,UNDEFINED,,CNY,,TRUE,PRESENT,2026-08-18,2026-08-18,
Chongqing Machinery & Electric Co. Ltd. Class H,A0Q29M,China,LSX,EUR,TRADINGVIEW_SCREENER,Producer Manufacturing,Industrial Machinery,MACHINERY,962317454.5348002,UNDEFINED,,EUR,,TRUE,PRESENT,2026-08-18,2026-08-18,
Marcopolo SA,POMO3,Brazil,BMFBOVESPA,BRL,TRADINGVIEW_SCREENER,Producer Manufacturing,Trucks/Construction/Farm Machinery,MACHINERY,961727229.9294,UNDEFINED,,BRL,,TRUE,PRESENT,2026-08-18,2026-08-18,Broad industry; review for shipbuilding/construction-equipment.
Marcopolo SA Pfd,POMO4,Brazil,BMFBOVESPA,BRL,TRADINGVIEW_SCREENER,Producer Manufacturing,Trucks/Construction/Farm Machinery,MACHINERY,961727229.9294,UNDEFINED,,BRL,,TRUE,PRESENT,2026-08-18,2026-08-18,Broad industry; review for shipbuilding/construction-equipment.
"Tianjin Benefo Tejing Electric Co., Ltd. Class A",600468,China,SSE,CNY,TRADINGVIEW_SCREENER,Producer Manufacturing,Industrial Machinery,MACHINERY,958634375.8018299,UNDEFINED,,CNY,,TRUE,PRESENT,2026-08-18,2026-08-18,
"Eagle Industry Co., Ltd.",6486,Japan,TSE,JPY,TRADINGVIEW_SCREENER,Producer Manufacturing,Industrial Machinery,MACHINERY,954035205.7371501,UNDEFINED,,JPY,,TRUE,PRESENT,2026-08-18,2026-08-18,
Pentamaster Corp. Bhd.,PENTA,Malaysia,MYX,MYR,TRADINGVIEW_SCREENER,Producer Manufacturing,Industrial Machinery,MACHINERY,950930120.2666999,UNDEFINED,,MYR,,TRUE,PRESENT,2026-08-18,2026-08-18,
Schulz S.A.Non-Cum Perp Pfd Registered Shs,SHUL4F,Brazil,BMFBOVESPA,BRL,TRADINGVIEW_SCREENER,Producer Manufacturing,Industrial Machinery,MACHINERY,945350513.8374,UNDEFINED,,BRL,,TRUE,PRESENT,2026-08-18,2026-08-18,
Trican Well Service Ltd.,TCW,Canada,NEO,CAD,TRADINGVIEW_SCREENER,Producer Manufacturing,Industrial Machinery,MACHINERY,942393713.4654001,UNDEFINED,,CAD,,TRUE,PRESENT,2026-08-18,2026-08-18,
"Ningbo Cixing Co., Ltd. Class A",300307,China,SZSE,CNY,TRADINGVIEW_SCREENER,Producer Manufacturing,Industrial Machinery,MACHINERY,942335071.36356,UNDEFINED,,CNY,,TRUE,PRESENT,2026-08-18,2026-08-18,
"Jiangsu Yawei Machine Tool Co., Ltd. Class A",002559,China,SZSE,CNY,TRADINGVIEW_SCREENER,Producer Manufacturing,Industrial Machinery,MACHINERY,941979533.61918,UNDEFINED,,CNY,,TRUE,PRESENT,2026-08-18,2026-08-18,
Shibuya Corporation,6340,Japan,TSE,JPY,TRADINGVIEW_SCREENER,Producer Manufacturing,Industrial Machinery,MACHINERY,937507017.462725,UNDEFINED,,JPY,,TRUE,PRESENT,2026-08-18,2026-08-18,
"Hiecise Precision Equipment Co., Ltd. Class A",300809,China,SZSE,CNY,TRADINGVIEW_SCREENER,Producer Manufacturing,Industrial Machinery,MACHINERY,937045052.17001,UNDEFINED,,CNY,,TRUE,PRESENT,2026-08-18,2026-08-18,
"Power Solutions International, Inc.",A1WZUH,United States,LSX,EUR,TRADINGVIEW_SCREENER,Producer Manufacturing,Industrial Machinery,MACHINERY,935073314,UNDEFINED,,EUR,,TRUE,PRESENT,2026-08-18,2026-08-18,
GALILEI HOLDINGS CO. LTD.,6420,Japan,TSE,JPY,TRADINGVIEW_SCREENER,Producer Manufacturing,Industrial Machinery,MACHINERY,928638653.5606251,UNDEFINED,,JPY,,TRUE,PRESENT,2026-08-18,2026-08-18,
Sichuan Zigong Conveying Machine Group Co. Ltd. Class A,001288,China,SZSE,CNY,TRADINGVIEW_SCREENER,Producer Manufacturing,Industrial Machinery,MACHINERY,927594772.55333,UNDEFINED,,CNY,,TRUE,PRESENT,2026-08-18,2026-08-18,
Banco Products (India) Limited,BANCOINDIA,India,BSE,INR,TRADINGVIEW_SCREENER,Producer Manufacturing,Industrial Machinery,MACHINERY,926844516.45589,UNDEFINED,,INR,,TRUE,PRESENT,2026-08-18,2026-08-18,
CGN Nuclear Technology Development Co. Ltd. Class A,000881,China,SZSE,CNY,TRADINGVIEW_SCREENER,Producer Manufacturing,Industrial Machinery,MACHINERY,921875457.15489,UNDEFINED,,CNY,,TRUE,PRESENT,2026-08-18,2026-08-18,
"HIT Welding Industry Co., Ltd. Class A",301137,China,SZSE,CNY,TRADINGVIEW_SCREENER,Producer Manufacturing,Industrial Machinery,MACHINERY,919688912.9639399,UNDEFINED,,CNY,,TRUE,PRESENT,2026-08-18,2026-08-18,
Changzhou Kaidi Electrical Inc. Class A,605288,China,SSE,CNY,TRADINGVIEW_SCREENER,Producer Manufacturing,Industrial Machinery,MACHINERY,917431339.3795199,UNDEFINED,,CNY,,TRUE,PRESENT,2026-08-18,2026-08-18,
IQE Plc,IQEPF,United Kingdom,OTC,USD,TRADINGVIEW_SCREENER,Producer Manufacturing,Industrial Machinery,MACHINERY,915109574.9194415,UNDEFINED,,USD,,TRUE,PRESENT,2026-08-18,2026-08-18,
Guangdong Lyric Robot Automation Co. Ltd. Class A,688499,China,SSE,CNY,TRADINGVIEW_SCREENER,Producer Manufacturing,Industrial Machinery,MACHINERY,911891487.85049,UNDEFINED,,CNY,,TRUE,PRESENT,2026-08-18,2026-08-18,
HMT Ltd.,HMT,India,NSE,INR,TRADINGVIEW_SCREENER,Producer Manufacturing,Industrial Machinery,MACHINERY,907453929.9544021,UNDEFINED,,INR,,TRUE,PRESENT,2026-08-18,2026-08-18,
Est Tools Co Ltd Class A,300488,China,SZSE,CNY,TRADINGVIEW_SCREENER,Producer Manufacturing,Industrial Machinery,MACHINERY,906783310.3830899,UNDEFINED,,CNY,,TRUE,PRESENT,2026-08-18,2026-08-18,
Shanghai Chuangli Group Co. Ltd. Class A,603012,China,SSE,CNY,TRADINGVIEW_SCREENER,Producer Manufacturing,Trucks/Construction/Farm Machinery,MACHINERY,903439623.2434299,UNDEFINED,,CNY,,TRUE,PRESENT,2026-08-18,2026-08-18,Broad industry; review for shipbuilding/construction-equipment.
Eureka Forbes Limited,EUREKAFORB,India,BSE,INR,TRADINGVIEW_SCREENER,Producer Manufacturing,Industrial Machinery,MACHINERY,898069294.559102,UNDEFINED,,INR,,TRUE,PRESENT,2026-08-18,2026-08-18,
Gallant Micro Machining Co. Ltd.,6640,Taiwan,TPEX,TWD,TRADINGVIEW_SCREENER,Producer Manufacturing,Industrial Machinery,MACHINERY,897469006.9984809,UNDEFINED,,TWD,,TRUE,PRESENT,2026-08-18,2026-08-18,
Niutech Environment Technology Corporation Class A,688309,China,SSE,CNY,TRADINGVIEW_SCREENER,Producer Manufacturing,Trucks/Construction/Farm Machinery,MACHINERY,892722407.59618,UNDEFINED,,CNY,,TRUE,PRESENT,2026-08-18,2026-08-18,Broad industry; review for shipbuilding/construction-equipment.
"Shanghai Seer Intelligent Technology Co., Ltd. Class H",6106,China,HKEX,HKD,TRADINGVIEW_SCREENER,Producer Manufacturing,Industrial Machinery,MACHINERY,890392768.2650001,UNDEFINED,,HKD,,TRUE,PRESENT,2026-08-18,2026-08-18,
"Shanghai Top Numerical Control Technology Co., Ltd. Class H",7688,China,HKEX,HKD,TRADINGVIEW_SCREENER,Producer Manufacturing,Industrial Machinery,MACHINERY,886823808.871,UNDEFINED,,HKD,,TRUE,PRESENT,2026-08-18,2026-08-18,
Wetown Electric Group Co. Ltd. Class A,688226,China,SSE,CNY,TRADINGVIEW_SCREENER,Producer Manufacturing,Trucks/Construction/Farm Machinery,MACHINERY,883361537.6750499,UNDEFINED,,CNY,,TRUE,PRESENT,2026-08-18,2026-08-18,Broad industry; review for shipbuilding/construction-equipment.
ZHEJIANG XINXING TOOLS CO LTD,301677,China,SZSE,CNY,TRADINGVIEW_SCREENER,Producer Manufacturing,Industrial Machinery,MACHINERY,882619639.9999999,UNDEFINED,,CNY,,TRUE,PRESENT,2026-08-18,2026-08-18,
METAWATER Co.Ltd.,9551,Japan,TSE,JPY,TRADINGVIEW_SCREENER,Producer Manufacturing,Industrial Machinery,MACHINERY,882181915.806025,UNDEFINED,,JPY,,TRUE,PRESENT,2026-08-18,2026-08-18,
Foshan Golden Milky Way Intelligent Equipment Co. Ltd. Class A,300619,China,SZSE,CNY,TRADINGVIEW_SCREENER,Producer Manufacturing,Industrial Machinery,MACHINERY,880583924.3319999,UNDEFINED,,CNY,,TRUE,PRESENT,2026-08-18,2026-08-18,
Zenner Metering Technology (Shanghai) Ltd. Class A,301303,China,SZSE,CNY,TRADINGVIEW_SCREENER,Producer Manufacturing,Industrial Machinery,MACHINERY,875382022.32082,UNDEFINED,,CNY,,TRUE,PRESENT,2026-08-18,2026-08-18,
"Zhongzhong Science and Technology (Tianjin) Co., Ltd. Class A",603135,China,SSE,CNY,TRADINGVIEW_SCREENER,Producer Manufacturing,Industrial Machinery,MACHINERY,872535510.1119299,UNDEFINED,,CNY,,TRUE,PRESENT,2026-08-18,2026-08-18,
Wuhan Huazhong Numerical Control System Inc Class A,300161,China,SZSE,CNY,TRADINGVIEW_SCREENER,Producer Manufacturing,Industrial Machinery,MACHINERY,870391036.91379,UNDEFINED,,CNY,,TRUE,PRESENT,2026-08-18,2026-08-18,
"OPTORUN CO.,LTD.",6235,Japan,TSE,JPY,TRADINGVIEW_SCREENER,Producer Manufacturing,Industrial Machinery,MACHINERY,868918420.36345,UNDEFINED,,JPY,,TRUE,PRESENT,2026-08-18,2026-08-18,
"Zhejiang Chunhui Intelligent Control Co., Ltd. Class A",300943,China,SZSE,CNY,TRADINGVIEW_SCREENER,Producer Manufacturing,Industrial Machinery,MACHINERY,865951173.3769399,UNDEFINED,,CNY,,TRUE,PRESENT,2026-08-18,2026-08-18,
Israel Shipyards Industries Ltd.,ISHI,Israel,TASE,ILA,TRADINGVIEW_SCREENER,Producer Manufacturing,Trucks/Construction/Farm Machinery,MACHINERY,865510412.84742,UNDEFINED,,ILA,,TRUE,PRESENT,2026-08-18,2026-08-18,Broad industry; review for shipbuilding/construction-equipment.
"Nissei ASB Machine Co,. Ltd.",6284,Japan,TSE,JPY,TRADINGVIEW_SCREENER,Producer Manufacturing,Industrial Machinery,MACHINERY,865019044.206525,UNDEFINED,,JPY,,TRUE,PRESENT,2026-08-18,2026-08-18,
"Sinoseal Holding Co., Ltd. Class A",300470,China,SZSE,CNY,TRADINGVIEW_SCREENER,Producer Manufacturing,Industrial Machinery,MACHINERY,862317368.1539199,UNDEFINED,,CNY,,TRUE,PRESENT,2026-08-18,2026-08-18,
"Furukawa Co., Ltd.",FUR,Japan,FWB,EUR,TRADINGVIEW_SCREENER,Producer Manufacturing,Industrial Machinery,MACHINERY,857791543.7088251,UNDEFINED,,EUR,,TRUE,PRESENT,2026-08-18,2026-08-18,
"Guangdong Vanward New Electric Co., Ltd. Class A",002543,China,SZSE,CNY,TRADINGVIEW_SCREENER,Producer Manufacturing,Industrial Machinery,MACHINERY,855177388.12366,UNDEFINED,,CNY,,TRUE,PRESENT,2026-08-18,2026-08-18,
Chengdu Xiling Power Science & Technology Inc. Co. Class A,300733,China,SZSE,CNY,TRADINGVIEW_SCREENER,Producer Manufacturing,Trucks/Construction/Farm Machinery,MACHINERY,855139931.76745,UNDEFINED,,CNY,,TRUE,PRESENT,2026-08-18,2026-08-18,Broad industry; review for shipbuilding/construction-equipment.
Turk Traktor ve Ziraat Makineleri A.S.,TTRAK,Turkey,BIST,TRY,TRADINGVIEW_SCREENER,Producer Manufacturing,Trucks/Construction/Farm Machinery,MACHINERY,848853262.7814001,UNDEFINED,,TRY,,TRUE,PRESENT,2026-08-18,2026-08-18,Broad industry; review for shipbuilding/construction-equipment.
"Hanyu Group Joint Stock Co., Ltd. Class A",300403,China,SZSE,CNY,TRADINGVIEW_SCREENER,Producer Manufacturing,Industrial Machinery,MACHINERY,848012808.84978,UNDEFINED,,CNY,,TRUE,PRESENT,2026-08-18,2026-08-18,
"Mesnac Co., Ltd. Class A",002073,China,SZSE,CNY,TRADINGVIEW_SCREENER,Producer Manufacturing,Industrial Machinery,MACHINERY,845544849.4777899,UNDEFINED,,CNY,,TRUE,PRESENT,2026-08-18,2026-08-18,
Guangdong LingXiao Pump Industry Co. Ltd. Class A,002884,China,SZSE,CNY,TRADINGVIEW_SCREENER,Producer Manufacturing,Industrial Machinery,MACHINERY,843839109.8165,UNDEFINED,,CNY,,TRUE,PRESENT,2026-08-18,2026-08-18,
JC Finance & Tax Interconnect Holdings Ltd. Class A,002530,China,SZSE,CNY,TRADINGVIEW_SCREENER,Producer Manufacturing,Industrial Machinery,MACHINERY,840617046.50735,UNDEFINED,,CNY,,TRUE,PRESENT,2026-08-18,2026-08-18,
"Focused Photonics (Hangzhou), Inc. Class A",300203,China,SZSE,CNY,TRADINGVIEW_SCREENER,Producer Manufacturing,Industrial Machinery,MACHINERY,840237504.5021999,UNDEFINED,,CNY,,TRUE,PRESENT,2026-08-18,2026-08-18,
Tianjin Motor Dies Co. Ltd. Class A,002510,China,SZSE,CNY,TRADINGVIEW_SCREENER,Producer Manufacturing,Industrial Machinery,MACHINERY,839418370.7919099,UNDEFINED,,CNY,,TRUE,PRESENT,2026-08-18,2026-08-18,
"Zhejiang Liju Thermal Energy Equipment Co., Ltd.",603391,China,SSE,CNY,TRADINGVIEW_SCREENER,Producer Manufacturing,Industrial Machinery,MACHINERY,832002699.1229799,UNDEFINED,,CNY,,TRUE,PRESENT,2026-08-18,2026-08-18,
"Zhejiang Tongxing Technology Co., Ltd. Class A",301252,China,SZSE,CNY,TRADINGVIEW_SCREENER,Producer Manufacturing,Industrial Machinery,MACHINERY,827983552.1827799,UNDEFINED,,CNY,,TRUE,PRESENT,2026-08-18,2026-08-18,
VBG Group AB Class B,0GXK,Sweden,LSE,SEK,TRADINGVIEW_SCREENER,Producer Manufacturing,Trucks/Construction/Farm Machinery,MACHINERY,827780717.2002,UNDEFINED,,SEK,,TRUE,PRESENT,2026-08-18,2026-08-18,Broad industry; review for shipbuilding/construction-equipment.
Yoantion Industrial Inc. Ltd. Class A,301053,China,SZSE,CNY,TRADINGVIEW_SCREENER,Producer Manufacturing,Industrial Machinery,MACHINERY,827496554.34845,UNDEFINED,,CNY,,TRUE,PRESENT,2026-08-18,2026-08-18,
"Vontron Technology Co., Ltd. Class A",000920,China,SZSE,CNY,TRADINGVIEW_SCREENER,Producer Manufacturing,Industrial Machinery,MACHINERY,822242868.52729,UNDEFINED,,CNY,,TRUE,PRESENT,2026-08-18,2026-08-18,
Unimech Aerospace & Manufacturing Limited,UNIMECH,India,NSE,INR,TRADINGVIEW_SCREENER,Producer Manufacturing,Industrial Machinery,MACHINERY,811423858.1514901,UNDEFINED,,INR,,TRUE,PRESENT,2026-08-18,2026-08-18,
"Huachangda Intelligent Equipment Group Co., Ltd. Class A",300278,China,SZSE,CNY,TRADINGVIEW_SCREENER,Producer Manufacturing,Industrial Machinery,MACHINERY,810891449.1754999,UNDEFINED,,CNY,,TRUE,PRESENT,2026-08-18,2026-08-18,
"Sanchuan Wisdom Technology Co., Ltd. Class A",300066,China,SZSE,CNY,TRADINGVIEW_SCREENER,Producer Manufacturing,Industrial Machinery,MACHINERY,810684492.3563399,UNDEFINED,,CNY,,TRUE,PRESENT,2026-08-18,2026-08-18,
Tanac Automation Co Ltd Class A,300461,China,SZSE,CNY,TRADINGVIEW_SCREENER,Producer Manufacturing,Industrial Machinery,MACHINERY,810094320.64288,UNDEFINED,,CNY,,TRUE,PRESENT,2026-08-18,2026-08-18,
"Guizhou Zhongyida Co., Ltd. Class A",600610,China,SSE,CNY,TRADINGVIEW_SCREENER,Producer Manufacturing,Industrial Machinery,MACHINERY,809926975.45529,UNDEFINED,,CNY,,TRUE,PRESENT,2026-08-18,2026-08-18,
"Guizhou Zhongyida Co., Ltd. Class B",900906,China,SSE,USD,TRADINGVIEW_SCREENER,Producer Manufacturing,Industrial Machinery,MACHINERY,809926975.4552898,UNDEFINED,,USD,,TRUE,PRESENT,2026-08-18,2026-08-18,
"Shenyang Blue Silver Industry Automatic Equipment Co., Ltd. Class A",300293,China,SZSE,CNY,TRADINGVIEW_SCREENER,Producer Manufacturing,Industrial Machinery,MACHINERY,808970090.84136,UNDEFINED,,CNY,,TRUE,PRESENT,2026-08-18,2026-08-18,
"OK Science & Technology Co., Ltd. Class A",001223,China,SZSE,CNY,TRADINGVIEW_SCREENER,Producer Manufacturing,Industrial Machinery,MACHINERY,807231779.4626399,UNDEFINED,,CNY,,TRUE,PRESENT,2026-08-18,2026-08-18,
CSBC Corp. Taiwan,2208,Taiwan,TWSE,TWD,TRADINGVIEW_SCREENER,Producer Manufacturing,Trucks/Construction/Farm Machinery,MACHINERY,807061227.466244,UNDEFINED,,TWD,,TRUE,PRESENT,2026-08-18,2026-08-18,Broad industry; review for shipbuilding/construction-equipment.
"Hangzhou Youngsun Intelligent Equipment Co., Ltd. Class A",603901,China,SSE,CNY,TRADINGVIEW_SCREENER,Producer Manufacturing,Industrial Machinery,MACHINERY,805555100.30492,UNDEFINED,,CNY,,TRUE,PRESENT,2026-08-18,2026-08-18,
"STX Engine Co., Ltd.",077970,South Korea,KRX,KRW,TRADINGVIEW_SCREENER,Producer Manufacturing,Trucks/Construction/Farm Machinery,MACHINERY,800238574.75887,UNDEFINED,,KRW,,TRUE,PRESENT,2026-08-18,2026-08-18,Broad industry; review for shipbuilding/construction-equipment.
Dynamatic Technologies Limited,DYNAMATECH,India,NSE,INR,TRADINGVIEW_SCREENER,Producer Manufacturing,Industrial Machinery,MACHINERY,797065921.951364,UNDEFINED,,INR,,TRUE,PRESENT,2026-08-18,2026-08-18,
"Hangzhou Advance Gearbox Group Co., Ltd. Class A",601177,China,SSE,CNY,TRADINGVIEW_SCREENER,Producer Manufacturing,Trucks/Construction/Farm Machinery,MACHINERY,795719073.67141,UNDEFINED,,CNY,,TRUE,PRESENT,2026-08-18,2026-08-18,Broad industry; review for shipbuilding/construction-equipment.
"Nanxing Machinery Co., Ltd. Class A",002757,China,SZSE,CNY,TRADINGVIEW_SCREENER,Producer Manufacturing,Industrial Machinery,MACHINERY,788542828.43616,UNDEFINED,,CNY,,TRUE,PRESENT,2026-08-18,2026-08-18,
"SHANGHAI HUGONG ELECTRIC GROUP CO., LTD. Class A",603131,China,SSE,CNY,TRADINGVIEW_SCREENER,Producer Manufacturing,Industrial Machinery,MACHINERY,774855917.9389,UNDEFINED,,CNY,,TRUE,PRESENT,2026-08-18,2026-08-18,
"QuakeSafe Technologies Co., Ltd. Class A",300767,China,SZSE,CNY,TRADINGVIEW_SCREENER,Producer Manufacturing,Industrial Machinery,MACHINERY,772605202.7358699,UNDEFINED,,CNY,,TRUE,PRESENT,2026-08-18,2026-08-18,
Xiamen Jiarong Technology Co. Ltd. Class A,301148,China,SZSE,CNY,TRADINGVIEW_SCREENER,Producer Manufacturing,Industrial Machinery,MACHINERY,772197444.6137699,UNDEFINED,,CNY,,TRUE,PRESENT,2026-08-18,2026-08-18,
Hangzhou Huaguang Advanced Welding Materials Co. Ltd. Class A,688379,China,SSE,CNY,TRADINGVIEW_SCREENER,Producer Manufacturing,Industrial Machinery,MACHINERY,770458572.48409,UNDEFINED,,CNY,,TRUE,PRESENT,2026-08-18,2026-08-18,
EIZO Corporation,6737,Japan,TSE,JPY,TRADINGVIEW_SCREENER,Producer Manufacturing,Industrial Machinery,MACHINERY,770315590.3846251,UNDEFINED,,JPY,,TRUE,PRESENT,2026-08-18,2026-08-18,
Shanghai Huitong Energy Co. Ltd. Class A,600605,China,SSE,CNY,TRADINGVIEW_SCREENER,Producer Manufacturing,Industrial Machinery,MACHINERY,768810150.93652,UNDEFINED,,CNY,,TRUE,PRESENT,2026-08-18,2026-08-18,
NESCO Limited,NESCO,India,BSE,INR,TRADINGVIEW_SCREENER,Producer Manufacturing,Industrial Machinery,MACHINERY,766705756.715412,UNDEFINED,,INR,,TRUE,PRESENT,2026-08-18,2026-08-18,
Valqua Ltd.,7995,Japan,TSE,JPY,TRADINGVIEW_SCREENER,Producer Manufacturing,Industrial Machinery,MACHINERY,765654326.80715,UNDEFINED,,JPY,,TRUE,PRESENT,2026-08-18,2026-08-18,
NORMA Group SE,NOEJ,Germany,VIE,EUR,TRADINGVIEW_SCREENER,Producer Manufacturing,Industrial Machinery,MACHINERY,764613962.3565,UNDEFINED,,EUR,,TRUE,PRESENT,2026-08-18,2026-08-18,
"Yijiahe Technology Co., Ltd. Class A",603666,China,SSE,CNY,TRADINGVIEW_SCREENER,Producer Manufacturing,Industrial Machinery,MACHINERY,762411135.28069,UNDEFINED,,CNY,,TRUE,PRESENT,2026-08-18,2026-08-18,
Wuxi Delinhai Environmental Technology Co. Ltd. Class A,688069,China,SSE,CNY,TRADINGVIEW_SCREENER,Producer Manufacturing,Industrial Machinery,MACHINERY,759942851.0762199,UNDEFINED,,CNY,,TRUE,PRESENT,2026-08-18,2026-08-18,
"Suntar Environmental Technology Co., Ltd. Class A",688101,China,SSE,CNY,TRADINGVIEW_SCREENER,Producer Manufacturing,Industrial Machinery,MACHINERY,759661355.7243899,UNDEFINED,,CNY,,TRUE,PRESENT,2026-08-18,2026-08-18,
"Weihai Guangtai Airport Equipment Co., Limited Class A",002111,China,SZSE,CNY,TRADINGVIEW_SCREENER,Producer Manufacturing,Trucks/Construction/Farm Machinery,MACHINERY,758428449.60085,UNDEFINED,,CNY,,TRUE,PRESENT,2026-08-18,2026-08-18,Broad industry; review for shipbuilding/construction-equipment.
"Zhejiang Hongchang Electrical Technology Co., Ltd Class A",301008,China,SZSE,CNY,TRADINGVIEW_SCREENER,Producer Manufacturing,Industrial Machinery,MACHINERY,758054741.24324,UNDEFINED,,CNY,,TRUE,PRESENT,2026-08-18,2026-08-18,
Ponsse Oyj,0FNZ,Finland,LSE,EUR,TRADINGVIEW_SCREENER,Producer Manufacturing,Trucks/Construction/Farm Machinery,MACHINERY,757732645.1070001,UNDEFINED,,EUR,,TRUE,PRESENT,2026-08-18,2026-08-18,Broad industry; review for shipbuilding/construction-equipment.
"Jiangyin Haida Rubber & Plastic Co., Ltd. Class A",300320,China,SZSE,CNY,TRADINGVIEW_SCREENER,Producer Manufacturing,Industrial Machinery,MACHINERY,755541627.9336799,UNDEFINED,,CNY,,TRUE,PRESENT,2026-08-18,2026-08-18,
"Jiangsu Beiren Smart Manufacturing Technology Co., Ltd. Class A",688218,China,SSE,CNY,TRADINGVIEW_SCREENER,Producer Manufacturing,Industrial Machinery,MACHINERY,754455554.9825,UNDEFINED,,CNY,,TRUE,PRESENT,2026-08-18,2026-08-18,
"Ningbo Henghe Precision Industry Co., Ltd. Class A",300539,China,SZSE,CNY,TRADINGVIEW_SCREENER,Producer Manufacturing,Industrial Machinery,MACHINERY,748813318.2415199,UNDEFINED,,CNY,,TRUE,PRESENT,2026-08-18,2026-08-18,
"Manitowoc Company, Inc.",MNGN,United States,GETTEX,EUR,TRADINGVIEW_SCREENER,Producer Manufacturing,Trucks/Construction/Farm Machinery,MACHINERY,745761546,UNDEFINED,,EUR,,TRUE,PRESENT,2026-08-18,2026-08-18,Broad industry; review for shipbuilding/construction-equipment.
"Xiamen Dingrongyan Technology Co., Ltd. Class A",301028,China,SZSE,CNY,TRADINGVIEW_SCREENER,Producer Manufacturing,Industrial Machinery,MACHINERY,745244417.57108,UNDEFINED,,CNY,,TRUE,PRESENT,2026-08-18,2026-08-18,
"Shanghai Weihong Electronic Technology Co., Ltd. Class A",300508,China,SZSE,CNY,TRADINGVIEW_SCREENER,Producer Manufacturing,Industrial Machinery,MACHINERY,745203122.79749,UNDEFINED,,CNY,,TRUE,PRESENT,2026-08-18,2026-08-18,
"Linco Technology Co., Ltd.",3644,Taiwan,TPEX,TWD,TRADINGVIEW_SCREENER,Producer Manufacturing,Industrial Machinery,MACHINERY,740537443.63791,UNDEFINED,,TWD,,TRUE,PRESENT,2026-08-18,2026-08-18,
Jinxi Axle Company Limited Class A,600495,China,SSE,CNY,TRADINGVIEW_SCREENER,Producer Manufacturing,Trucks/Construction/Farm Machinery,MACHINERY,737652245.5363599,UNDEFINED,,CNY,,TRUE,PRESENT,2026-08-18,2026-08-18,Broad industry; review for shipbuilding/construction-equipment.
"Changhong Huayi Compressor Co., Ltd. Class A",000404,China,SZSE,CNY,TRADINGVIEW_SCREENER,Producer Manufacturing,Industrial Machinery,MACHINERY,734423599.4792199,UNDEFINED,,CNY,,TRUE,PRESENT,2026-08-18,2026-08-18,
Sinopec Oilfield Equipment Corporation Class A,000852,China,SZSE,CNY,TRADINGVIEW_SCREENER,Producer Manufacturing,Industrial Machinery,MACHINERY,733672265.9541099,UNDEFINED,,CNY,,TRUE,PRESENT,2026-08-18,2026-08-18,
"Tsurumi Manufacturing Co., Ltd.",6351,Japan,TSE,JPY,TRADINGVIEW_SCREENER,Producer Manufacturing,Industrial Machinery,MACHINERY,732322011.48815,UNDEFINED,,JPY,,TRUE,PRESENT,2026-08-18,2026-08-18,
"Houpu Clean Energy Group Co., Ltd. Class A",300471,China,SZSE,CNY,TRADINGVIEW_SCREENER,Producer Manufacturing,Industrial Machinery,MACHINERY,729474454.48136,UNDEFINED,,CNY,,TRUE,PRESENT,2026-08-18,2026-08-18,
"Shuifa Gas Co., Ltd. Class A",603318,China,SSE,CNY,TRADINGVIEW_SCREENER,Producer Manufacturing,Industrial Machinery,MACHINERY,728265605.67061,UNDEFINED,,CNY,,TRUE,PRESENT,2026-08-18,2026-08-18,
"Manitowoc Company, Inc. (The)",MTW,United States,NYSE,USD,TRADINGVIEW_SCREENER,Producer Manufacturing,Trucks/Construction/Farm Machinery,MACHINERY,728091180.548356,UNDEFINED,,USD,,TRUE,PRESENT,2026-08-18,2026-08-18,Broad industry; review for shipbuilding/construction-equipment.
ASAHI YUKIZAI CORPORATION,4216,Japan,TSE,JPY,TRADINGVIEW_SCREENER,Producer Manufacturing,Industrial Machinery,MACHINERY,727077628.8459,UNDEFINED,,JPY,,TRUE,PRESENT,2026-08-18,2026-08-18,
"ZheJiang RIFA Digital Precision Machinery Co.,Ltd. Class A",002520,China,SZSE,CNY,TRADINGVIEW_SCREENER,Producer Manufacturing,Industrial Machinery,MACHINERY,724557718.0437399,UNDEFINED,,CNY,,TRUE,PRESENT,2026-08-18,2026-08-18,
"Shandong Mining Machinery Group Co., Ltd. Class A",002526,China,SZSE,CNY,TRADINGVIEW_SCREENER,Producer Manufacturing,Trucks/Construction/Farm Machinery,MACHINERY,723886676.2316699,UNDEFINED,,CNY,,TRUE,PRESENT,2026-08-18,2026-08-18,Broad industry; review for shipbuilding/construction-equipment.
"Jiangsu Rainbow Heavy Industries Co., Ltd. Class A",002483,China,SZSE,CNY,TRADINGVIEW_SCREENER,Producer Manufacturing,Industrial Machinery,MACHINERY,722511673.6809299,UNDEFINED,,CNY,,TRUE,PRESENT,2026-08-18,2026-08-18,
"Wuxi Chemical Equipment Co., Ltd. Class A",001332,China,SZSE,CNY,TRADINGVIEW_SCREENER,Producer Manufacturing,Industrial Machinery,MACHINERY,719550364.9030199,UNDEFINED,,CNY,,TRUE,PRESENT,2026-08-18,2026-08-18,
"Kangping Technology (Suzhou) Co., Ltd. Class A",300907,China,SZSE,CNY,TRADINGVIEW_SCREENER,Producer Manufacturing,Industrial Machinery,MACHINERY,718851889.8617699,UNDEFINED,,CNY,,TRUE,PRESENT,2026-08-18,2026-08-18,
"Guangdong Huayan Robotics Co., Ltd. Class H",1021,China,HKEX,HKD,TRADINGVIEW_SCREENER,Producer Manufacturing,Industrial Machinery,MACHINERY,717509500.3622,UNDEFINED,,HKD,,TRUE,PRESENT,2026-08-18,2026-08-18,
"Gemac Engineering Machinery Co., Ltd. Class A",301048,China,SZSE,CNY,TRADINGVIEW_SCREENER,Producer Manufacturing,Trucks/Construction/Farm Machinery,MACHINERY,712102419.0821799,UNDEFINED,,CNY,,TRUE,PRESENT,2026-08-18,2026-08-18,Broad industry; review for shipbuilding/construction-equipment.
"CLOBOT Co., Ltd.",466100,South Korea,KRX,KRW,TRADINGVIEW_SCREENER,Producer Manufacturing,Industrial Machinery,MACHINERY,710555464.057374,UNDEFINED,,KRW,,TRUE,PRESENT,2026-08-18,2026-08-18,
"Uchida Yoko Co., Ltd.",8057,Japan,TSE,JPY,TRADINGVIEW_SCREENER,Producer Manufacturing,Industrial Machinery,MACHINERY,705874542.8246,UNDEFINED,,JPY,,TRUE,PRESENT,2026-08-18,2026-08-18,
"HAESUNG DS Co., Ltd.",195870,South Korea,KRX,KRW,TRADINGVIEW_SCREENER,Producer Manufacturing,Industrial Machinery,MACHINERY,702912600,UNDEFINED,,KRW,,TRUE,PRESENT,2026-08-18,2026-08-18,
Zhejiang Kingland Pipeline and Technologies Co Ltd Class A,002443,China,SZSE,CNY,TRADINGVIEW_SCREENER,Producer Manufacturing,Industrial Machinery,MACHINERY,701957277.00007,UNDEFINED,,CNY,,TRUE,PRESENT,2026-08-18,2026-08-18,
Ajax Engineering Ltd.,AJAXENGG,India,BSE,INR,TRADINGVIEW_SCREENER,Producer Manufacturing,Trucks/Construction/Farm Machinery,MACHINERY,696569924.535804,UNDEFINED,,INR,,TRUE,PRESENT,2026-08-18,2026-08-18,Broad industry; review for shipbuilding/construction-equipment.
HNAC Technology Co Ltd Class A,300490,China,SZSE,CNY,TRADINGVIEW_SCREENER,Producer Manufacturing,Industrial Machinery,MACHINERY,696541511.33021,UNDEFINED,,CNY,,TRUE,PRESENT,2026-08-18,2026-08-18,
"Zhuzhou Tianqiao Crane Co., Ltd. Class A",002523,China,SZSE,CNY,TRADINGVIEW_SCREENER,Producer Manufacturing,Industrial Machinery,MACHINERY,694874882.5664799,UNDEFINED,,CNY,,TRUE,PRESENT,2026-08-18,2026-08-18,
"Shenzhen Riland Industry Group Co., Ltd. Class A",300154,China,SZSE,CNY,TRADINGVIEW_SCREENER,Producer Manufacturing,Industrial Machinery,MACHINERY,694023279.68624,UNDEFINED,,CNY,,TRUE,PRESENT,2026-08-18,2026-08-18,
"Hangzhou Fortune Gas Cryogenic Group Co., Ltd. Class A",603173,China,SSE,CNY,TRADINGVIEW_SCREENER,Producer Manufacturing,Industrial Machinery,MACHINERY,693629560.49198,UNDEFINED,,CNY,,TRUE,PRESENT,2026-08-18,2026-08-18,
"JDM Jingda Machine (Ningbo) Co., Ltd. Class A",603088,China,SSE,CNY,TRADINGVIEW_SCREENER,Producer Manufacturing,Industrial Machinery,MACHINERY,692726796.6443299,UNDEFINED,,CNY,,TRUE,PRESENT,2026-08-18,2026-08-18,
"Higa Co., Ltd. Class A",603150,China,SSE,CNY,TRADINGVIEW_SCREENER,Producer Manufacturing,Industrial Machinery,MACHINERY,691657821.55897,UNDEFINED,,CNY,,TRUE,PRESENT,2026-08-18,2026-08-18,
"Canature Health Technology Group Co., Ltd. Class A",300272,China,SZSE,CNY,TRADINGVIEW_SCREENER,Producer Manufacturing,Industrial Machinery,MACHINERY,691025443.5552299,UNDEFINED,,CNY,,TRUE,PRESENT,2026-08-18,2026-08-18,
"Cubic Sensor and Instrument Co., Ltd. Class A",688665,China,SSE,CNY,TRADINGVIEW_SCREENER,Producer Manufacturing,Industrial Machinery,MACHINERY,687702515.61172,UNDEFINED,,CNY,,TRUE,PRESENT,2026-08-18,2026-08-18,
"Zhejiang Kangsheng Co., Ltd. Class A",002418,China,SZSE,CNY,TRADINGVIEW_SCREENER,Producer Manufacturing,Industrial Machinery,MACHINERY,685400725.6878599,UNDEFINED,,CNY,,TRUE,PRESENT,2026-08-18,2026-08-18,
"Shandong Weida Machinery Co., Ltd. Class A",002026,China,SZSE,CNY,TRADINGVIEW_SCREENER,Producer Manufacturing,Industrial Machinery,MACHINERY,684812647.30634,UNDEFINED,,CNY,,TRUE,PRESENT,2026-08-18,2026-08-18,
TSUKISHIMA HOLDINGS CO. LTD.,6332,Japan,TSE,JPY,TRADINGVIEW_SCREENER,Producer Manufacturing,Industrial Machinery,MACHINERY,684670583.5994,UNDEFINED,,JPY,,TRUE,PRESENT,2026-08-18,2026-08-18,
Runner (Xiamen) Corp. Class A,603408,China,SSE,CNY,TRADINGVIEW_SCREENER,Producer Manufacturing,Industrial Machinery,MACHINERY,683819464.88562,UNDEFINED,,CNY,,TRUE,PRESENT,2026-08-18,2026-08-18,
OVK,UWGN,Russian Federation,RUS,RUB,TRADINGVIEW_SCREENER,Producer Manufacturing,Trucks/Construction/Farm Machinery,MACHINERY,683407324.5921376,UNDEFINED,,RUB,,TRUE,PRESENT,2026-08-18,2026-08-18,Broad industry; review for shipbuilding/construction-equipment.
Beijing Tianma Intelligent Control Technology Co. Ltd. Class A,688570,China,SSE,CNY,TRADINGVIEW_SCREENER,Producer Manufacturing,Trucks/Construction/Farm Machinery,MACHINERY,680773738.04412,UNDEFINED,,CNY,,TRUE,PRESENT,2026-08-18,2026-08-18,Broad industry; review for shipbuilding/construction-equipment.
"Nanjing Canatal Data-Centre Environmental Tech Co., Ltd. Class A",603912,China,SSE,CNY,TRADINGVIEW_SCREENER,Producer Manufacturing,Industrial Machinery,MACHINERY,679838306.6001099,UNDEFINED,,CNY,,TRUE,PRESENT,2026-08-18,2026-08-18,
"GFC, LTD.",4506,Taiwan,TPEX,TWD,TRADINGVIEW_SCREENER,Producer Manufacturing,Industrial Machinery,MACHINERY,679148818.570477,UNDEFINED,,TWD,,TRUE,PRESENT,2026-08-18,2026-08-18,
Hangzhou Huning Elevator Parts Co. Ltd. Class A,300669,China,SZSE,CNY,TRADINGVIEW_SCREENER,Producer Manufacturing,Trucks/Construction/Farm Machinery,MACHINERY,678372933.78624,UNDEFINED,,CNY,,TRUE,PRESENT,2026-08-18,2026-08-18,Broad industry; review for shipbuilding/construction-equipment.
Glotech Industrial Corp,5475,Taiwan,TPEX,TWD,TRADINGVIEW_SCREENER,Producer Manufacturing,Industrial Machinery,MACHINERY,676113138.4254019,UNDEFINED,,TWD,,TRUE,PRESENT,2026-08-18,2026-08-18,
"J.S. Corrugating Machinery Co., Ltd. Class A",000821,China,SZSE,CNY,TRADINGVIEW_SCREENER,Producer Manufacturing,Industrial Machinery,MACHINERY,673664273.2986599,UNDEFINED,,CNY,,TRUE,PRESENT,2026-08-18,2026-08-18,
Atlantic China Welding Consumables Inc Class A,600558,China,SSE,CNY,TRADINGVIEW_SCREENER,Producer Manufacturing,Industrial Machinery,MACHINERY,666410465.5655999,UNDEFINED,,CNY,,TRUE,PRESENT,2026-08-18,2026-08-18,
"Yuhuan CNC Machine Tool Co., Ltd. Class A",002903,China,SZSE,CNY,TRADINGVIEW_SCREENER,Producer Manufacturing,Industrial Machinery,MACHINERY,665219073.9814199,UNDEFINED,,CNY,,TRUE,PRESENT,2026-08-18,2026-08-18,
"Cashway Fintech Co., Ltd. Class A",603106,China,SSE,CNY,TRADINGVIEW_SCREENER,Producer Manufacturing,Industrial Machinery,MACHINERY,664911119.0087099,UNDEFINED,,CNY,,TRUE,PRESENT,2026-08-18,2026-08-18,
"Zhejiang Langdi Group Co., Ltd. Class A",603726,China,SSE,CNY,TRADINGVIEW_SCREENER,Producer Manufacturing,Industrial Machinery,MACHINERY,663252555.4857299,UNDEFINED,,CNY,,TRUE,PRESENT,2026-08-18,2026-08-18,
"Nippon Dry-Chemical Co., Ltd.",1909,Japan,TSE,JPY,TRADINGVIEW_SCREENER,Producer Manufacturing,Industrial Machinery,MACHINERY,662780737.7205501,UNDEFINED,,JPY,,TRUE,PRESENT,2026-08-18,2026-08-18,
Nova Technology Corp,6613,Taiwan,TPEX,TWD,TRADINGVIEW_SCREENER,Producer Manufacturing,Industrial Machinery,MACHINERY,658892941.772468,UNDEFINED,,TWD,,TRUE,PRESENT,2026-08-18,2026-08-18,
"Songz Automobile Air Conditioning Co., Ltd. Class A",002454,China,SZSE,CNY,TRADINGVIEW_SCREENER,Producer Manufacturing,Trucks/Construction/Farm Machinery,MACHINERY,657800113.5318199,UNDEFINED,,CNY,,TRUE,PRESENT,2026-08-18,2026-08-18,Broad industry; review for shipbuilding/construction-equipment.
Noritz Corporation,5943,Japan,TSE,JPY,TRADINGVIEW_SCREENER,Producer Manufacturing,Industrial Machinery,MACHINERY,657621933.409075,UNDEFINED,,JPY,,TRUE,PRESENT,2026-08-18,2026-08-18,
Enplas Corporation,ENPSF,Japan,OTC,USD,TRADINGVIEW_SCREENER,Producer Manufacturing,Industrial Machinery,MACHINERY,656445321.1786602,UNDEFINED,,USD,,TRUE,PRESENT,2026-08-18,2026-08-18,
"Guangdong Kingstrong Technology Co., Ltd Class A",300629,China,SZSE,CNY,TRADINGVIEW_SCREENER,Producer Manufacturing,Industrial Machinery,MACHINERY,655003302.76703,UNDEFINED,,CNY,,TRUE,PRESENT,2026-08-18,2026-08-18,
"Naipu Mining Machinery Co., Ltd. Class A",300818,China,SZSE,CNY,TRADINGVIEW_SCREENER,Producer Manufacturing,Trucks/Construction/Farm Machinery,MACHINERY,653813599.21514,UNDEFINED,,CNY,,TRUE,PRESENT,2026-08-18,2026-08-18,Broad industry; review for shipbuilding/construction-equipment.
"Zhangjiagang Furui Special Equipment Co., Ltd. Class A",300228,China,SZSE,CNY,TRADINGVIEW_SCREENER,Producer Manufacturing,Industrial Machinery,MACHINERY,652484443.6866,UNDEFINED,,CNY,,TRUE,PRESENT,2026-08-18,2026-08-18,
"Tianjin Keyvia Electric Co., Ltd. Class A",300407,China,SZSE,CNY,TRADINGVIEW_SCREENER,Producer Manufacturing,Trucks/Construction/Farm Machinery,MACHINERY,647382582.9661399,UNDEFINED,,CNY,,TRUE,PRESENT,2026-08-18,2026-08-18,Broad industry; review for shipbuilding/construction-equipment.
"Chengdu Xinzhu Road & Bridge Machinery Co., Ltd. Class A",002480,China,SZSE,CNY,TRADINGVIEW_SCREENER,Producer Manufacturing,Trucks/Construction/Farm Machinery,MACHINERY,647141407.74227,UNDEFINED,,CNY,,TRUE,PRESENT,2026-08-18,2026-08-18,Broad industry; review for shipbuilding/construction-equipment.
Shakti Pumps (India) Limited,SHAKTIPUMP,India,NSE,INR,TRADINGVIEW_SCREENER,Producer Manufacturing,Industrial Machinery,MACHINERY,646622905.257086,UNDEFINED,,INR,,TRUE,PRESENT,2026-08-18,2026-08-18,
"Yantai Longyuan Power Technology Co., Ltd. Class A",300105,China,SZSE,CNY,TRADINGVIEW_SCREENER,Producer Manufacturing,Industrial Machinery,MACHINERY,645437649.0848999,UNDEFINED,,CNY,,TRUE,PRESENT,2026-08-18,2026-08-18,
"Ningbo BaoSi Energy Equipment Co., Ltd. Class A",300441,China,SZSE,CNY,TRADINGVIEW_SCREENER,Producer Manufacturing,Industrial Machinery,MACHINERY,645349518.5654299,UNDEFINED,,CNY,,TRUE,PRESENT,2026-08-18,2026-08-18,
"Nextool Technology Co., Ltd. Class A",688419,China,SSE,CNY,TRADINGVIEW_SCREENER,Producer Manufacturing,Industrial Machinery,MACHINERY,640933963.9679899,UNDEFINED,,CNY,,TRUE,PRESENT,2026-08-18,2026-08-18,
"Qingdao Weflo Valve Co., Ltd. Class A",002871,China,SZSE,CNY,TRADINGVIEW_SCREENER,Producer Manufacturing,Industrial Machinery,MACHINERY,637766007.0506899,UNDEFINED,,CNY,,TRUE,PRESENT,2026-08-18,2026-08-18,
Iwaki Co. Ltd.,6237,Japan,TSE,JPY,TRADINGVIEW_SCREENER,Producer Manufacturing,Industrial Machinery,MACHINERY,637100061.9839001,UNDEFINED,,JPY,,TRUE,PRESENT,2026-08-18,2026-08-18,
Aeroflex Industries Ltd.,AEROFLEX,India,BSE,INR,TRADINGVIEW_SCREENER,Producer Manufacturing,Industrial Machinery,MACHINERY,637020513.3803041,UNDEFINED,,INR,,TRUE,PRESENT,2026-08-18,2026-08-18,
"Anshan Senyuan Road and Bridge Co., Ltd. Class A",300210,China,SZSE,CNY,TRADINGVIEW_SCREENER,Producer Manufacturing,Trucks/Construction/Farm Machinery,MACHINERY,634327978.89685,UNDEFINED,,CNY,,TRUE,PRESENT,2026-08-18,2026-08-18,Broad industry; review for shipbuilding/construction-equipment.
Endur ASA,0JGO,Norway,LSE,NOK,TRADINGVIEW_SCREENER,Producer Manufacturing,Trucks/Construction/Farm Machinery,MACHINERY,634032014.55552,UNDEFINED,,NOK,,TRUE,PRESENT,2026-08-18,2026-08-18,Broad industry; review for shipbuilding/construction-equipment.
"Nanfang Ventilator Co., Ltd. Class A",300004,China,SZSE,CNY,TRADINGVIEW_SCREENER,Producer Manufacturing,Industrial Machinery,MACHINERY,633770519.23675,UNDEFINED,,CNY,,TRUE,PRESENT,2026-08-18,2026-08-18,
"Fujian Raynen Technology Co., Ltd. Class A",603933,China,SSE,CNY,TRADINGVIEW_SCREENER,Producer Manufacturing,Industrial Machinery,MACHINERY,632036392.29906,UNDEFINED,,CNY,,TRUE,PRESENT,2026-08-18,2026-08-18,
Schweiter Technologies AG,SN20,Switzerland,GETTEX,EUR,TRADINGVIEW_SCREENER,Producer Manufacturing,Industrial Machinery,MACHINERY,631832240.8440002,UNDEFINED,,EUR,,TRUE,PRESENT,2026-08-18,2026-08-18,
"Shanghai Shengjian Technology Co., Ltd. Class A",603324,China,SSE,CNY,TRADINGVIEW_SCREENER,Producer Manufacturing,Industrial Machinery,MACHINERY,631009290.96562,UNDEFINED,,CNY,,TRUE,PRESENT,2026-08-18,2026-08-18,
"Square Technology Group Co., Ltd. Class A",603339,China,SSE,CNY,TRADINGVIEW_SCREENER,Producer Manufacturing,Industrial Machinery,MACHINERY,630062670.73204,UNDEFINED,,CNY,,TRUE,PRESENT,2026-08-18,2026-08-18,
E&R Engineering Corp.,8027,Taiwan,TPEX,TWD,TRADINGVIEW_SCREENER,Producer Manufacturing,Industrial Machinery,MACHINERY,628682647.8848549,UNDEFINED,,TWD,,TRUE,PRESENT,2026-08-18,2026-08-18,
"Nantong Guosheng Intelligence Technology Group Co., Ltd. Class A",688558,China,SSE,CNY,TRADINGVIEW_SCREENER,Producer Manufacturing,Industrial Machinery,MACHINERY,628301868.7052099,UNDEFINED,,CNY,,TRUE,PRESENT,2026-08-18,2026-08-18,
"Hyulim ROBOT Co., Ltd.",090710,South Korea,KRX,KRW,TRADINGVIEW_SCREENER,Producer Manufacturing,Industrial Machinery,MACHINERY,626715203.012496,UNDEFINED,,KRW,,TRUE,PRESENT,2026-08-18,2026-08-18,
"Mayville Engineering Company, Inc.",MEC,United States,NYSE,USD,TRADINGVIEW_SCREENER,Producer Manufacturing,Industrial Machinery,MACHINERY,624758088.3561645,UNDEFINED,,USD,,TRUE,PRESENT,2026-08-18,2026-08-18,
"Hyster-Yale, Inc.",HY,United States,NYSE,USD,TRADINGVIEW_SCREENER,Producer Manufacturing,Industrial Machinery,MACHINERY,622191885.4907087,UNDEFINED,,USD,,TRUE,PRESENT,2026-08-18,2026-08-18,
"Noblelift Intelligent Equipment Co., Ltd. Class A",603611,China,SSE,CNY,TRADINGVIEW_SCREENER,Producer Manufacturing,Industrial Machinery,MACHINERY,620768558.0348699,UNDEFINED,,CNY,,TRUE,PRESENT,2026-08-18,2026-08-18,
"Global Standard Technology Co., Ltd.",083450,South Korea,KRX,KRW,TRADINGVIEW_SCREENER,Producer Manufacturing,Industrial Machinery,MACHINERY,618661070.2263421,UNDEFINED,,KRW,,TRUE,PRESENT,2026-08-18,2026-08-18,
"Hyster-Yale, Inc. Class A",HYEA,United States,FWB,EUR,TRADINGVIEW_SCREENER,Producer Manufacturing,Industrial Machinery,MACHINERY,617529929,UNDEFINED,,EUR,,TRUE,PRESENT,2026-08-18,2026-08-18,
Komori Corporation,6349,Japan,TSE,JPY,TRADINGVIEW_SCREENER,Producer Manufacturing,Industrial Machinery,MACHINERY,614496205.16495,UNDEFINED,,JPY,,TRUE,PRESENT,2026-08-18,2026-08-18,
"Wuxi Xuelang Environmental Technology Co., Ltd. Class A",300385,China,SZSE,CNY,TRADINGVIEW_SCREENER,Producer Manufacturing,Industrial Machinery,MACHINERY,613161693.55441,UNDEFINED,,CNY,,TRUE,PRESENT,2026-08-18,2026-08-18,
"Yuilrobotics Co., Ltd.",388720,South Korea,KRX,KRW,TRADINGVIEW_SCREENER,Producer Manufacturing,Industrial Machinery,MACHINERY,612844329.983418,UNDEFINED,,KRW,,TRUE,PRESENT,2026-08-18,2026-08-18,
WashTec AG,WSU,Germany,VIE,EUR,TRADINGVIEW_SCREENER,Producer Manufacturing,Industrial Machinery,MACHINERY,611327989.7955,UNDEFINED,,EUR,,TRUE,PRESENT,2026-08-18,2026-08-18,
"WPG (Shanghai) Smart Water Public Co., Ltd. Class A",603956,China,SSE,CNY,TRADINGVIEW_SCREENER,Producer Manufacturing,Industrial Machinery,MACHINERY,610943235.46144,UNDEFINED,,CNY,,TRUE,PRESENT,2026-08-18,2026-08-18,
Beijing Jingcheng Machinery Electric Co Ltd Class H,187,China,HKEX,HKD,TRADINGVIEW_SCREENER,Producer Manufacturing,Industrial Machinery,MACHINERY,606197060.0868001,UNDEFINED,,HKD,,TRUE,PRESENT,2026-08-18,2026-08-18,
Beijing Jingcheng Machinery Electric Co. Ltd. Class A,600860,China,SSE,CNY,TRADINGVIEW_SCREENER,Producer Manufacturing,Industrial Machinery,MACHINERY,606197060.0868,UNDEFINED,,CNY,,TRUE,PRESENT,2026-08-18,2026-08-18,
London Security plc,LSC,United Kingdom,LSE,GBX,TRADINGVIEW_SCREENER,Producer Manufacturing,Industrial Machinery,MACHINERY,605403446.274,UNDEFINED,,GBX,,TRUE,PRESENT,2026-08-18,2026-08-18,
"Eurocrane (China) Co., Ltd. Class A",603966,China,SSE,CNY,TRADINGVIEW_SCREENER,Producer Manufacturing,Trucks/Construction/Farm Machinery,MACHINERY,605330766.5349,UNDEFINED,,CNY,,TRUE,PRESENT,2026-08-18,2026-08-18,Broad industry; review for shipbuilding/construction-equipment.
"Jiangsu Liba Enterprise Joint-Stock Co., Ltd. Class A",603519,China,SSE,CNY,TRADINGVIEW_SCREENER,Producer Manufacturing,Industrial Machinery,MACHINERY,600689639.9350699,UNDEFINED,,CNY,,TRUE,PRESENT,2026-08-18,2026-08-18,
Obara Group Incorporated,6877,Japan,TSE,JPY,TRADINGVIEW_SCREENER,Producer Manufacturing,Industrial Machinery,MACHINERY,599206397.3647751,UNDEFINED,,JPY,,TRUE,PRESENT,2026-08-18,2026-08-18,
"Hangzhou Jingye Intelligent Technology Co., Ltd. Class A",688290,China,SSE,CNY,TRADINGVIEW_SCREENER,Producer Manufacturing,Industrial Machinery,MACHINERY,598138835.6845299,UNDEFINED,,CNY,,TRUE,PRESENT,2026-08-18,2026-08-18,
"Wayz Intelligent Manufacturing Technology Co., Ltd. Class A",688211,China,SSE,CNY,TRADINGVIEW_SCREENER,Producer Manufacturing,Industrial Machinery,MACHINERY,590540473.9016999,UNDEFINED,,CNY,,TRUE,PRESENT,2026-08-18,2026-08-18,
"HIIG Trinity (Anhui) Technology Co., Ltd. Class A",600520,China,SSE,CNY,TRADINGVIEW_SCREENER,Producer Manufacturing,Industrial Machinery,MACHINERY,590465167.44845,UNDEFINED,,CNY,,TRUE,PRESENT,2026-08-18,2026-08-18,
"Beijing SinoHytec Co., Ltd. Class A",688339,China,SSE,CNY,TRADINGVIEW_SCREENER,Producer Manufacturing,Industrial Machinery,MACHINERY,590181293.4472002,UNDEFINED,,CNY,,TRUE,PRESENT,2026-08-18,2026-08-18,
"Beijing SinoHytec Co., Ltd. Class H",2402,China,HKEX,HKD,TRADINGVIEW_SCREENER,Producer Manufacturing,Industrial Machinery,MACHINERY,590181293.4472001,UNDEFINED,,HKD,,TRUE,PRESENT,2026-08-18,2026-08-18,
"Wuxi Hongsheng Heat Exchanger Manufacturing Co., Ltd. Class A",603090,China,SSE,CNY,TRADINGVIEW_SCREENER,Producer Manufacturing,Industrial Machinery,MACHINERY,589796188.7375599,UNDEFINED,,CNY,,TRUE,PRESENT,2026-08-18,2026-08-18,
Balu Forge Industries Ltd,BALUFORGE,India,NSE,INR,TRADINGVIEW_SCREENER,Producer Manufacturing,Trucks/Construction/Farm Machinery,MACHINERY,589513373.050768,UNDEFINED,,INR,,TRUE,PRESENT,2026-08-18,2026-08-18,Broad industry; review for shipbuilding/construction-equipment.
Zhejiang Risun Intelligent Technology Co. Ltd. Class A,688215,China,SSE,CNY,TRADINGVIEW_SCREENER,Producer Manufacturing,Industrial Machinery,MACHINERY,589122724.16718,UNDEFINED,,CNY,,TRUE,PRESENT,2026-08-18,2026-08-18,
"Robostar Co., Ltd",090360,South Korea,KRX,KRW,TRADINGVIEW_SCREENER,Producer Manufacturing,Industrial Machinery,MACHINERY,587942550,UNDEFINED,,KRW,,TRUE,PRESENT,2026-08-18,2026-08-18,
"Shibaura Machine Co., Ltd.",6104,Japan,TSE,JPY,TRADINGVIEW_SCREENER,Producer Manufacturing,Industrial Machinery,MACHINERY,587561793.294875,UNDEFINED,,JPY,,TRUE,PRESENT,2026-08-18,2026-08-18,
Mueller (PAUL) Co.,MUEL,United States,OTC,USD,TRADINGVIEW_SCREENER,Producer Manufacturing,Industrial Machinery,MACHINERY,586891025.5638529,UNDEFINED,,USD,,TRUE,PRESENT,2026-08-18,2026-08-18,
Lohia Corp Limited,LCL,India,NSE,INR,TRADINGVIEW_SCREENER,Producer Manufacturing,Industrial Machinery,MACHINERY,586486393,UNDEFINED,,INR,,TRUE,PRESENT,2026-08-18,2026-08-18,
"Bichamp Cutting Technology (Hunan) Co., Ltd. Class A",002843,China,SZSE,CNY,TRADINGVIEW_SCREENER,Producer Manufacturing,Industrial Machinery,MACHINERY,584496186.5764699,UNDEFINED,,CNY,,TRUE,PRESENT,2026-08-18,2026-08-18,
CMGP GROUP,CMG,Morocco,CSEMA,MAD,TRADINGVIEW_SCREENER,Producer Manufacturing,Industrial Machinery,MACHINERY,584202785.9513,UNDEFINED,,MAD,,TRUE,PRESENT,2026-08-18,2026-08-18,
"Zhejiang Fengmao Technology Co., Ltd. Class A",301459,China,SZSE,CNY,TRADINGVIEW_SCREENER,Producer Manufacturing,Industrial Machinery,MACHINERY,579825154.04912,UNDEFINED,,CNY,,TRUE,PRESENT,2026-08-18,2026-08-18,
"Shenzhen Etmade Automatic Equipment Co., Ltd. Class A",300812,China,SZSE,CNY,TRADINGVIEW_SCREENER,Producer Manufacturing,Industrial Machinery,MACHINERY,576284033.22427,UNDEFINED,,CNY,,TRUE,PRESENT,2026-08-18,2026-08-18,
Aichi Corporation,6345,Japan,TSE,JPY,TRADINGVIEW_SCREENER,Producer Manufacturing,Trucks/Construction/Farm Machinery,MACHINERY,574852736.163625,UNDEFINED,,JPY,,TRUE,PRESENT,2026-08-18,2026-08-18,Broad industry; review for shipbuilding/construction-equipment.
"Nanjing Railway New Technology Co., Ltd. Class A",301016,China,SZSE,CNY,TRADINGVIEW_SCREENER,Producer Manufacturing,Trucks/Construction/Farm Machinery,MACHINERY,574395417.3224399,UNDEFINED,,CNY,,TRUE,PRESENT,2026-08-18,2026-08-18,Broad industry; review for shipbuilding/construction-equipment.
Ion Exchange (India) Ltd.,IONEXCHANG,India,BSE,INR,TRADINGVIEW_SCREENER,Producer Manufacturing,Industrial Machinery,MACHINERY,573458185.491356,UNDEFINED,,INR,,TRUE,PRESENT,2026-08-18,2026-08-18,
Zhejiang Yuejian Intelligent Equipment Co. Ltd. Class A,603095,China,SSE,CNY,TRADINGVIEW_SCREENER,Producer Manufacturing,Industrial Machinery,MACHINERY,571797290.5218699,UNDEFINED,,CNY,,TRUE,PRESENT,2026-08-18,2026-08-18,
Suzhou Thvow Technology Co. Ltd. Class A,002564,China,SZSE,CNY,TRADINGVIEW_SCREENER,Producer Manufacturing,Industrial Machinery,MACHINERY,570707999.6248399,UNDEFINED,,CNY,,TRUE,PRESENT,2026-08-18,2026-08-18,
Saatvik Green Energy Ltd.,SAATVIKGL,India,NSE,INR,TRADINGVIEW_SCREENER,Producer Manufacturing,Industrial Machinery,MACHINERY,568132463.70425,UNDEFINED,,INR,,TRUE,PRESENT,2026-08-18,2026-08-18,
"Sodick Co., Ltd.",6143,Japan,TSE,JPY,TRADINGVIEW_SCREENER,Producer Manufacturing,Industrial Machinery,MACHINERY,567111871.088725,UNDEFINED,,JPY,,TRUE,PRESENT,2026-08-18,2026-08-18,
"Shang Gong Group Co., Ltd. Class A",600843,China,SSE,CNY,TRADINGVIEW_SCREENER,Producer Manufacturing,Industrial Machinery,MACHINERY,565254632.07619,UNDEFINED,,CNY,,TRUE,PRESENT,2026-08-18,2026-08-18,
"Shang Gong Group Co., Ltd. Class B",900924,China,SSE,USD,TRADINGVIEW_SCREENER,Producer Manufacturing,Industrial Machinery,MACHINERY,565254632.07619,UNDEFINED,,USD,,TRUE,PRESENT,2026-08-18,2026-08-18,
DAIWA LTD,6459,Japan,TSE,JPY,TRADINGVIEW_SCREENER,Producer Manufacturing,Industrial Machinery,MACHINERY,564417045.6888,UNDEFINED,,JPY,,TRUE,PRESENT,2026-08-18,2026-08-18,
GMT Global Inc.,4573,Taiwan,TPEX,TWD,TRADINGVIEW_SCREENER,Producer Manufacturing,Industrial Machinery,MACHINERY,562679006.676468,UNDEFINED,,TWD,,TRUE,PRESENT,2026-08-18,2026-08-18,
Columbus McKinnon Corporation,899458,United States,LSX,EUR,TRADINGVIEW_SCREENER,Producer Manufacturing,Trucks/Construction/Farm Machinery,MACHINERY,555636706,UNDEFINED,,EUR,,TRUE,PRESENT,2026-08-18,2026-08-18,Broad industry; review for shipbuilding/construction-equipment.
Zhuhai Huajin Capital Co Ltd Class A,000532,China,SZSE,CNY,TRADINGVIEW_SCREENER,Producer Manufacturing,Industrial Machinery,MACHINERY,553221623.78546,UNDEFINED,,CNY,,TRUE,PRESENT,2026-08-18,2026-08-18,
"Luoyang North Glass Technology Co., Ltd. Class A",002613,China,SZSE,CNY,TRADINGVIEW_SCREENER,Producer Manufacturing,Industrial Machinery,MACHINERY,551255303.12342,UNDEFINED,,CNY,,TRUE,PRESENT,2026-08-18,2026-08-18,
Sinko Industries Ltd.,6458,Japan,TSE,JPY,TRADINGVIEW_SCREENER,Producer Manufacturing,Industrial Machinery,MACHINERY,550272507.2083501,UNDEFINED,,JPY,,TRUE,PRESENT,2026-08-18,2026-08-18,
Porvair plc,PRV,United Kingdom,LSE,GBX,TRADINGVIEW_SCREENER,Producer Manufacturing,Industrial Machinery,MACHINERY,548554645.518,UNDEFINED,,GBX,,TRUE,PRESENT,2026-08-18,2026-08-18,
"Kyokuto Kaihatsu Kogyo Co., Ltd.",7226,Japan,TSE,JPY,TRADINGVIEW_SCREENER,Producer Manufacturing,Trucks/Construction/Farm Machinery,MACHINERY,548023507.9645001,UNDEFINED,,JPY,,TRUE,PRESENT,2026-08-18,2026-08-18,Broad industry; review for shipbuilding/construction-equipment.
Chenming Electronic Technology Corporation,3013,Taiwan,TWSE,TWD,TRADINGVIEW_SCREENER,Producer Manufacturing,Industrial Machinery,MACHINERY,545826077.216552,UNDEFINED,,TWD,,TRUE,PRESENT,2026-08-18,2026-08-18,
"Zhejiang Weixing Intelligent Meter Stock Co., Ltd. Class A",002849,China,SZSE,CNY,TRADINGVIEW_SCREENER,Producer Manufacturing,Industrial Machinery,MACHINERY,545687490.80881,UNDEFINED,,CNY,,TRUE,PRESENT,2026-08-18,2026-08-18,
"Changzhou Langbo Sealing Technologies Co., Ltd. Class A",603655,China,SSE,CNY,TRADINGVIEW_SCREENER,Producer Manufacturing,Industrial Machinery,MACHINERY,542559169.97443,UNDEFINED,,CNY,,TRUE,PRESENT,2026-08-18,2026-08-18,
Nanjing Comptech Composites Corporation Class A,301591,China,SZSE,CNY,TRADINGVIEW_SCREENER,Producer Manufacturing,Industrial Machinery,MACHINERY,540452258.9401599,UNDEFINED,,CNY,,TRUE,PRESENT,2026-08-18,2026-08-18,
AMSKY Technology Co. Ltd. Class A,300521,China,SZSE,CNY,TRADINGVIEW_SCREENER,Producer Manufacturing,Industrial Machinery,MACHINERY,539402133.0300399,UNDEFINED,,CNY,,TRUE,PRESENT,2026-08-18,2026-08-18,
WONIK QnC Corporation,074600,South Korea,KRX,KRW,TRADINGVIEW_SCREENER,Producer Manufacturing,Industrial Machinery,MACHINERY,537939232.586028,UNDEFINED,,KRW,,TRUE,PRESENT,2026-08-18,2026-08-18,
"Nanjing Baose Co., Ltd. Class A",300402,China,SZSE,CNY,TRADINGVIEW_SCREENER,Producer Manufacturing,Industrial Machinery,MACHINERY,535046663.10542995,UNDEFINED,,CNY,,TRUE,PRESENT,2026-08-18,2026-08-18,
"Willing New Energy Co., Ltd. Class A",002667,China,SZSE,CNY,TRADINGVIEW_SCREENER,Producer Manufacturing,Trucks/Construction/Farm Machinery,MACHINERY,530598301.46483994,UNDEFINED,,CNY,,TRUE,PRESENT,2026-08-18,2026-08-18,Broad industry; review for shipbuilding/construction-equipment.
"Zhejiang Yilida Ventilator Co., Ltd. Class A",002686,China,SZSE,CNY,TRADINGVIEW_SCREENER,Producer Manufacturing,Industrial Machinery,MACHINERY,530369972.68388,UNDEFINED,,CNY,,TRUE,PRESENT,2026-08-18,2026-08-18,
KraussMaffei Company Limited Class A,600579,China,SSE,CNY,TRADINGVIEW_SCREENER,Producer Manufacturing,Industrial Machinery,MACHINERY,529582043.78646,UNDEFINED,,CNY,,TRUE,PRESENT,2026-08-18,2026-08-18,
Tadiran Group Ltd,TDRN,Israel,TASE,ILA,TRADINGVIEW_SCREENER,Producer Manufacturing,Industrial Machinery,MACHINERY,529187961.90529,UNDEFINED,,ILA,,TRUE,PRESENT,2026-08-18,2026-08-18,
Rieter Holding AG,0QKA,Switzerland,LSE,CHF,TRADINGVIEW_SCREENER,Producer Manufacturing,Industrial Machinery,MACHINERY,528565021.0988,UNDEFINED,,CHF,,TRUE,PRESENT,2026-08-18,2026-08-18,
"Beijing Tieke Shougang Railway-Tech Co., Ltd. Class A",688569,China,SSE,CNY,TRADINGVIEW_SCREENER,Producer Manufacturing,Trucks/Construction/Farm Machinery,MACHINERY,528532577.02545995,UNDEFINED,,CNY,,TRUE,PRESENT,2026-08-18,2026-08-18,Broad industry; review for shipbuilding/construction-equipment.
"BGRIMM Technology Co., Ltd. Class A",600980,China,SSE,CNY,TRADINGVIEW_SCREENER,Producer Manufacturing,Industrial Machinery,MACHINERY,528005082.12430996,UNDEFINED,,CNY,,TRUE,PRESENT,2026-08-18,2026-08-18,
"Kunming Yunnei Power Co., Ltd. Class A",000903,China,SZSE,CNY,TRADINGVIEW_SCREENER,Producer Manufacturing,Trucks/Construction/Farm Machinery,MACHINERY,527754527.95533997,UNDEFINED,,CNY,,TRUE,PRESENT,2026-08-18,2026-08-18,Broad industry; review for shipbuilding/construction-equipment.
"Shenzhen Jasic Technology Co., Ltd. Class A",300193,China,SZSE,CNY,TRADINGVIEW_SCREENER,Producer Manufacturing,Industrial Machinery,MACHINERY,526675963.93964994,UNDEFINED,,CNY,,TRUE,PRESENT,2026-08-18,2026-08-18,
"Sijin Intelligent Forming Machinery Co., Ltd. Class A",003025,China,SZSE,CNY,TRADINGVIEW_SCREENER,Producer Manufacturing,Industrial Machinery,MACHINERY,525567661.00657,UNDEFINED,,CNY,,TRUE,PRESENT,2026-08-18,2026-08-18,
"Shanghai Guao Electronic Technology Co., Ltd. Class A",300551,China,SZSE,CNY,TRADINGVIEW_SCREENER,Producer Manufacturing,Industrial Machinery,MACHINERY,524460839.52891994,UNDEFINED,,CNY,,TRUE,PRESENT,2026-08-18,2026-08-18,
"Denyo Co., Ltd.",6517,Japan,TSE,JPY,TRADINGVIEW_SCREENER,Producer Manufacturing,Industrial Machinery,MACHINERY,522361736.23637503,UNDEFINED,,JPY,,TRUE,PRESENT,2026-08-18,2026-08-18,
"Inner Mongolia North Hauler Joint Stock Co., Ltd Class A",600262,China,SSE,CNY,TRADINGVIEW_SCREENER,Producer Manufacturing,Trucks/Construction/Farm Machinery,MACHINERY,522337163.01899993,UNDEFINED,,CNY,,TRUE,PRESENT,2026-08-18,2026-08-18,Broad industry; review for shipbuilding/construction-equipment.
Jiangyin PIVOT Automotive Products Co. Ltd. Class A,301181,China,SZSE,CNY,TRADINGVIEW_SCREENER,Producer Manufacturing,Industrial Machinery,MACHINERY,521964689.82504,UNDEFINED,,CNY,,TRUE,PRESENT,2026-08-18,2026-08-18,
Subros Limited,SUBROS,India,NSE,INR,TRADINGVIEW_SCREENER,Producer Manufacturing,Industrial Machinery,MACHINERY,519121453.885914,UNDEFINED,,INR,,TRUE,PRESENT,2026-08-18,2026-08-18,
Wabash National Corporation,WNC,United States,NYSE,USD,TRADINGVIEW_SCREENER,Producer Manufacturing,Trucks/Construction/Farm Machinery,MACHINERY,518584206.33041394,UNDEFINED,,USD,,TRUE,PRESENT,2026-08-18,2026-08-18,Broad industry; review for shipbuilding/construction-equipment.
"United Faith Auto-Engineering Co., Ltd. Class A",301112,China,SZSE,CNY,TRADINGVIEW_SCREENER,Producer Manufacturing,Industrial Machinery,MACHINERY,517173896.95642996,UNDEFINED,,CNY,,TRUE,PRESENT,2026-08-18,2026-08-18,
"Shandong Shuangyi Technology Co., Ltd. Class A",300690,China,SZSE,CNY,TRADINGVIEW_SCREENER,Producer Manufacturing,Industrial Machinery,MACHINERY,515816882.74521995,UNDEFINED,,CNY,,TRUE,PRESENT,2026-08-18,2026-08-18,
Ningbo Daye Garden Machinery Co. Ltd. Class A,300879,China,SZSE,CNY,TRADINGVIEW_SCREENER,Producer Manufacturing,Trucks/Construction/Farm Machinery,MACHINERY,513188516.58962995,UNDEFINED,,CNY,,TRUE,PRESENT,2026-08-18,2026-08-18,Broad industry; review for shipbuilding/construction-equipment.
"Torishima Pump Mfg.Co., Ltd.",6363,Japan,TSE,JPY,TRADINGVIEW_SCREENER,Producer Manufacturing,Industrial Machinery,MACHINERY,510553596.44850004,UNDEFINED,,JPY,,TRUE,PRESENT,2026-08-18,2026-08-18,
Japan Engine Corp,6016,Japan,TSE,JPY,TRADINGVIEW_SCREENER,Producer Manufacturing,Trucks/Construction/Farm Machinery,MACHINERY,510454686.34057504,UNDEFINED,,JPY,,TRUE,PRESENT,2026-08-18,2026-08-18,Broad industry; review for shipbuilding/construction-equipment.
"Zhejiang XiaSha Precision Manufacturing Co., Ltd. Class A",001306,China,SZSE,CNY,TRADINGVIEW_SCREENER,Producer Manufacturing,Industrial Machinery,MACHINERY,509840917.67853993,UNDEFINED,,CNY,,TRUE,PRESENT,2026-08-18,2026-08-18,
"Shanghai Yongli Belting Co., Ltd. Class A",300230,China,SZSE,CNY,TRADINGVIEW_SCREENER,Producer Manufacturing,Industrial Machinery,MACHINERY,508552595.31174,UNDEFINED,,CNY,,TRUE,PRESENT,2026-08-18,2026-08-18,
"MH Robot & Automation Co., Ltd. Class A",301199,China,SZSE,CNY,TRADINGVIEW_SCREENER,Producer Manufacturing,Industrial Machinery,MACHINERY,507625523.26562995,UNDEFINED,,CNY,,TRUE,PRESENT,2026-08-18,2026-08-18,
Karnell Group AB Class B,KARNEL_B,Sweden,OMXSTO,SEK,TRADINGVIEW_SCREENER,Producer Manufacturing,Trucks/Construction/Farm Machinery,MACHINERY,505102909.143,UNDEFINED,,SEK,,TRUE,PRESENT,2026-08-18,2026-08-18,Broad industry; review for shipbuilding/construction-equipment.
Shen Mao Technology Inc.,3305,Taiwan,TWSE,TWD,TRADINGVIEW_SCREENER,Producer Manufacturing,Industrial Machinery,MACHINERY,504460622.273475,UNDEFINED,,TWD,,TRUE,PRESENT,2026-08-18,2026-08-18,
"Sichuan Etrol Technologies Co., Ltd. Class A",300370,China,SZSE,CNY,TRADINGVIEW_SCREENER,Producer Manufacturing,Industrial Machinery,MACHINERY,504077906.08755994,UNDEFINED,,CNY,,TRUE,PRESENT,2026-08-18,2026-08-18,
Heidelberger Druckmaschinen AG,HDD,Germany,VIE,EUR,TRADINGVIEW_SCREENER,Producer Manufacturing,Industrial Machinery,MACHINERY,503661871.35450006,UNDEFINED,,EUR,,TRUE,PRESENT,2026-08-18,2026-08-18,
"JPP Holding Co., Ltd.",5284,Taiwan,TWSE,TWD,TRADINGVIEW_SCREENER,Producer Manufacturing,Industrial Machinery,MACHINERY,501572495.842371,UNDEFINED,,TWD,,TRUE,PRESENT,2026-08-18,2026-08-18,
"Velo3D, Inc.",VELO,United States,NASDAQ,USD,TRADINGVIEW_SCREENER,Producer Manufacturing,Industrial Machinery,MACHINERY,501365467.3397277,UNDEFINED,,USD,,TRUE,PRESENT,2026-08-18,2026-08-18,
DEE Development Engineers Limited,DEEDEV,India,NSE,INR,TRADINGVIEW_SCREENER,Producer Manufacturing,Industrial Machinery,MACHINERY,499234682.299628,UNDEFINED,,INR,,TRUE,PRESENT,2026-08-18,2026-08-18,
Phoenix Mecano AG,0QKP,Switzerland,LSE,CHF,TRADINGVIEW_SCREENER,Producer Manufacturing,Industrial Machinery,MACHINERY,497225368.62880003,UNDEFINED,,CHF,,TRUE,PRESENT,2026-08-18,2026-08-18,
Yalian Machinery Co Ltd. Class A,001395,China,SZSE,CNY,TRADINGVIEW_SCREENER,Producer Manufacturing,Industrial Machinery,MACHINERY,496632780.76698995,UNDEFINED,,CNY,,TRUE,PRESENT,2026-08-18,2026-08-18,
Komax Holding AG,KR8,Switzerland,GETTEX,EUR,TRADINGVIEW_SCREENER,Producer Manufacturing,Industrial Machinery,MACHINERY,496014599.25360006,UNDEFINED,,EUR,,TRUE,PRESENT,2026-08-18,2026-08-18,
"Jiangxi Avonflow HVAC Tech Co., Ltd. Class A",301575,China,SZSE,CNY,TRADINGVIEW_SCREENER,Producer Manufacturing,Industrial Machinery,MACHINERY,495489819.74946994,UNDEFINED,,CNY,,TRUE,PRESENT,2026-08-18,2026-08-18,
Hosokawa Micron Corporation,6277,Japan,TSE,JPY,TRADINGVIEW_SCREENER,Producer Manufacturing,Industrial Machinery,MACHINERY,494040242.30545,UNDEFINED,,JPY,,TRUE,PRESENT,2026-08-18,2026-08-18,
"Shenzhen Keanda Electronic Technology Corp., Ltd. Class A",002972,China,SZSE,CNY,TRADINGVIEW_SCREENER,Producer Manufacturing,Trucks/Construction/Farm Machinery,MACHINERY,493748738.99603,UNDEFINED,,CNY,,TRUE,PRESENT,2026-08-18,2026-08-18,Broad industry; review for shipbuilding/construction-equipment.
Electra Consumer Products Ltd.,ECP,Israel,TASE,ILA,TRADINGVIEW_SCREENER,Producer Manufacturing,Industrial Machinery,MACHINERY,493514146.72105,UNDEFINED,,ILA,,TRUE,PRESENT,2026-08-18,2026-08-18,
"Natural Gas Services Group, Inc.",NGS,United States,NYSE,USD,TRADINGVIEW_SCREENER,Producer Manufacturing,Industrial Machinery,MACHINERY,493488396.745852,UNDEFINED,,USD,,TRUE,PRESENT,2026-08-18,2026-08-18,
GMM Pfaudler Limited,GMMPFAUDLR,India,NSE,INR,TRADINGVIEW_SCREENER,Producer Manufacturing,Industrial Machinery,MACHINERY,492189350.99672,UNDEFINED,,INR,,TRUE,PRESENT,2026-08-18,2026-08-18,
"SNT Holdings CO., LTD",036530,South Korea,KRX,KRW,TRADINGVIEW_SCREENER,Producer Manufacturing,Industrial Machinery,MACHINERY,491293058.70434403,UNDEFINED,,KRW,,TRUE,PRESENT,2026-08-18,2026-08-18,
"Philoptics Co., Ltd.",161580,South Korea,KRX,KRW,TRADINGVIEW_SCREENER,Producer Manufacturing,Industrial Machinery,MACHINERY,491225221.43065804,UNDEFINED,,KRW,,TRUE,PRESENT,2026-08-18,2026-08-18,
"Bingshan Refrigeration & Heat Transfer Technologies Co., Ltd. Class A",000530,China,SZSE,CNY,TRADINGVIEW_SCREENER,Producer Manufacturing,Industrial Machinery,MACHINERY,490852077.95742995,UNDEFINED,,CNY,,TRUE,PRESENT,2026-08-18,2026-08-18,
"Bingshan Refrigeration & Heat Transfer Technologies Co., Ltd. Class B",200530,China,SZSE,HKD,TRADINGVIEW_SCREENER,Producer Manufacturing,Industrial Machinery,MACHINERY,490852077.95742995,UNDEFINED,,HKD,,TRUE,PRESENT,2026-08-18,2026-08-18,
"Anhui Quanchai Engine Co., Ltd Class A",600218,China,SSE,CNY,TRADINGVIEW_SCREENER,Producer Manufacturing,Trucks/Construction/Farm Machinery,MACHINERY,489300754.20260996,UNDEFINED,,CNY,,TRUE,PRESENT,2026-08-18,2026-08-18,Broad industry; review for shipbuilding/construction-equipment.
ANEST IWATA Corp.,6381,Japan,TSE,JPY,TRADINGVIEW_SCREENER,Producer Manufacturing,Industrial Machinery,MACHINERY,488199380.270025,UNDEFINED,,JPY,,TRUE,PRESENT,2026-08-18,2026-08-18,
"Mestek, Inc.",MCCK,United States,OTC,USD,TRADINGVIEW_SCREENER,Producer Manufacturing,Industrial Machinery,MACHINERY,483869577.99074376,UNDEFINED,,USD,,TRUE,PRESENT,2026-08-18,2026-08-18,
Hangzhou Seck Intelligent Technology Co. Ltd. Class A,300897,China,SZSE,CNY,TRADINGVIEW_SCREENER,Producer Manufacturing,Industrial Machinery,MACHINERY,482353207.92693996,UNDEFINED,,CNY,,TRUE,PRESENT,2026-08-18,2026-08-18,
Nederman Holding AB,NMAN,Sweden,OMXSTO,SEK,TRADINGVIEW_SCREENER,Producer Manufacturing,Industrial Machinery,MACHINERY,481600816.7214,UNDEFINED,,SEK,,TRUE,PRESENT,2026-08-18,2026-08-18,
"Guang Zhou Huayan Precision Machinery Co., Ltd. Class A",301138,China,SZSE,CNY,TRADINGVIEW_SCREENER,Producer Manufacturing,Industrial Machinery,MACHINERY,479602103.84841996,UNDEFINED,,CNY,,TRUE,PRESENT,2026-08-18,2026-08-18,
Genbyte Technology Inc. Class A,003028,China,SZSE,CNY,TRADINGVIEW_SCREENER,Producer Manufacturing,Industrial Machinery,MACHINERY,478396555.52535,UNDEFINED,,CNY,,TRUE,PRESENT,2026-08-18,2026-08-18,
"Zoje Resources Investment Co., Ltd. Class A",002021,China,SZSE,CNY,TRADINGVIEW_SCREENER,Producer Manufacturing,Industrial Machinery,MACHINERY,478326064.20976996,UNDEFINED,,CNY,,TRUE,PRESENT,2026-08-18,2026-08-18,
"Deep Fission, Inc.",FISN,United States,NASDAQ,USD,TRADINGVIEW_SCREENER,Producer Manufacturing,Industrial Machinery,MACHINERY,478316229.41666657,UNDEFINED,,USD,,TRUE,PRESENT,2026-08-18,2026-08-18,
"Zhejiang Liming Intelligent Manufacturing Co., Ltd. Class A",603048,China,SSE,CNY,TRADINGVIEW_SCREENER,Producer Manufacturing,Industrial Machinery,MACHINERY,478202254.87314,UNDEFINED,,CNY,,TRUE,PRESENT,2026-08-18,2026-08-18,
Greaves Cotton Limited,GREAVESCOT,India,BSE,INR,TRADINGVIEW_SCREENER,Producer Manufacturing,Trucks/Construction/Farm Machinery,MACHINERY,474933000.236424,UNDEFINED,,INR,,TRUE,PRESENT,2026-08-18,2026-08-18,Broad industry; review for shipbuilding/construction-equipment.
Pengyao Environmental Protection Co. Ltd. Class A,300664,China,SZSE,CNY,TRADINGVIEW_SCREENER,Producer Manufacturing,Industrial Machinery,MACHINERY,474814513.66208994,UNDEFINED,,CNY,,TRUE,PRESENT,2026-08-18,2026-08-18,
"DAIHATSU INFINEARTH MFG.CO.,LTD.",6023,Japan,TSE,JPY,TRADINGVIEW_SCREENER,Producer Manufacturing,Trucks/Construction/Farm Machinery,MACHINERY,474598365.861625,UNDEFINED,,JPY,,TRUE,PRESENT,2026-08-18,2026-08-18,Broad industry; review for shipbuilding/construction-equipment.
"Shaoyang Victor Hydraulics Co., Ltd. Class A",301079,China,SZSE,CNY,TRADINGVIEW_SCREENER,Producer Manufacturing,Industrial Machinery,MACHINERY,474455822.87907994,UNDEFINED,,CNY,,TRUE,PRESENT,2026-08-18,2026-08-18,
"Zhejiang Extek Technology Co., Ltd. Class A",301399,China,SZSE,CNY,TRADINGVIEW_SCREENER,Producer Manufacturing,Industrial Machinery,MACHINERY,472139901.11225,UNDEFINED,,CNY,,TRUE,PRESENT,2026-08-18,2026-08-18,
Man Industries (India) Limited,MANINDS,India,BSE,INR,TRADINGVIEW_SCREENER,Producer Manufacturing,Industrial Machinery,MACHINERY,470958026.46874005,UNDEFINED,,INR,,TRUE,PRESENT,2026-08-18,2026-08-18,
Zhejiang Tongli Transmission Technology Co Ltd. Class A,301255,China,SZSE,CNY,TRADINGVIEW_SCREENER,Producer Manufacturing,Industrial Machinery,MACHINERY,470858214.10089,UNDEFINED,,CNY,,TRUE,PRESENT,2026-08-18,2026-08-18,
"Anhui Tuoshan Heavy Industries Co., Ltd. Class A",001226,China,SZSE,CNY,TRADINGVIEW_SCREENER,Producer Manufacturing,Trucks/Construction/Farm Machinery,MACHINERY,468928719.69118,UNDEFINED,,CNY,,TRUE,PRESENT,2026-08-18,2026-08-18,Broad industry; review for shipbuilding/construction-equipment.
Bluesword Intelligent Technology Co. Ltd. Class A,688557,China,SSE,CNY,TRADINGVIEW_SCREENER,Producer Manufacturing,Industrial Machinery,MACHINERY,468391976.54850996,UNDEFINED,,CNY,,TRUE,PRESENT,2026-08-18,2026-08-18,
"Yorhe Fluid Intelligent Control Co., Ltd. Class A",002795,China,SZSE,CNY,TRADINGVIEW_SCREENER,Producer Manufacturing,Industrial Machinery,MACHINERY,467339134.90844995,UNDEFINED,,CNY,,TRUE,PRESENT,2026-08-18,2026-08-18,
AIRMAN CORP,6364,Japan,TSE,JPY,TRADINGVIEW_SCREENER,Producer Manufacturing,Trucks/Construction/Farm Machinery,MACHINERY,463922187.662125,UNDEFINED,,JPY,,TRUE,PRESENT,2026-08-18,2026-08-18,Broad industry; review for shipbuilding/construction-equipment.
TECHNOFLEX CORPORATION,3449,Japan,TSE,JPY,TRADINGVIEW_SCREENER,Producer Manufacturing,Industrial Machinery,MACHINERY,463633221.3331,UNDEFINED,,JPY,,TRUE,PRESENT,2026-08-18,2026-08-18,
"Gltechno Holdings, Inc.",255A,Japan,TSE,JPY,TRADINGVIEW_SCREENER,Producer Manufacturing,Industrial Machinery,MACHINERY,462339180.3162,UNDEFINED,,JPY,,TRUE,PRESENT,2026-08-18,2026-08-18,
"Guoanda Co., Ltd. Class A",300902,China,SZSE,CNY,TRADINGVIEW_SCREENER,Producer Manufacturing,Industrial Machinery,MACHINERY,460968092.04159,UNDEFINED,,CNY,,TRUE,PRESENT,2026-08-18,2026-08-18,
"SEJIN HEAVY INDUSTRIES CO., LTD.",075580,South Korea,KRX,KRW,TRADINGVIEW_SCREENER,Producer Manufacturing,Trucks/Construction/Farm Machinery,MACHINERY,460270833.499854,UNDEFINED,,KRW,,TRUE,PRESENT,2026-08-18,2026-08-18,Broad industry; review for shipbuilding/construction-equipment.
"Hefei Taihe Intelligent Technology Group Co., Ltd. Class A",603656,China,SSE,CNY,TRADINGVIEW_SCREENER,Producer Manufacturing,Industrial Machinery,MACHINERY,460239665.72668,UNDEFINED,,CNY,,TRUE,PRESENT,2026-08-18,2026-08-18,
"SFA NEXEL Co., Ltd.",222080,South Korea,KRX,KRW,TRADINGVIEW_SCREENER,Producer Manufacturing,Industrial Machinery,MACHINERY,459695612.433798,UNDEFINED,,KRW,,TRUE,PRESENT,2026-08-18,2026-08-18,
"Suzhou YourBest New-type Materials Co., Ltd. Class A",301266,China,SZSE,CNY,TRADINGVIEW_SCREENER,Producer Manufacturing,Industrial Machinery,MACHINERY,458285392.17068994,UNDEFINED,,CNY,,TRUE,PRESENT,2026-08-18,2026-08-18,
Yantai Ishikawa Sealing Technology Co. Ltd. Class A,301020,China,SZSE,CNY,TRADINGVIEW_SCREENER,Producer Manufacturing,Industrial Machinery,MACHINERY,456680051.2344,UNDEFINED,,CNY,,TRUE,PRESENT,2026-08-18,2026-08-18,
"Jiangxi Huawu Brake Co., Ltd. Class A",300095,China,SZSE,CNY,TRADINGVIEW_SCREENER,Producer Manufacturing,Industrial Machinery,MACHINERY,456602069.06250995,UNDEFINED,,CNY,,TRUE,PRESENT,2026-08-18,2026-08-18,
"Shanghai CEO Technology Co., Ltd. Class A",688335,China,SSE,CNY,TRADINGVIEW_SCREENER,Producer Manufacturing,Industrial Machinery,MACHINERY,453662256.87419,UNDEFINED,,CNY,,TRUE,PRESENT,2026-08-18,2026-08-18,
Homag Group AG,HG1,Germany,GETTEX,EUR,TRADINGVIEW_SCREENER,Producer Manufacturing,Industrial Machinery,MACHINERY,453579291.9045,UNDEFINED,,EUR,,TRUE,PRESENT,2026-08-18,2026-08-18,
"Zhejiang Wandekai Fluid Equipment Technology Co., Ltd. Class A",301309,China,SZSE,CNY,TRADINGVIEW_SCREENER,Producer Manufacturing,Industrial Machinery,MACHINERY,451655456.18718,UNDEFINED,,CNY,,TRUE,PRESENT,2026-08-18,2026-08-18,
HUBEI DONPER ELECTROMECHANICAL GROU,601956,China,SSE,CNY,TRADINGVIEW_SCREENER,Producer Manufacturing,Industrial Machinery,MACHINERY,449532730.16792,UNDEFINED,,CNY,,TRUE,PRESENT,2026-08-18,2026-08-18,
Symphony Limited,SYMPHONY,India,NSE,INR,TRADINGVIEW_SCREENER,Producer Manufacturing,Industrial Machinery,MACHINERY,447094649.139882,UNDEFINED,,INR,,TRUE,PRESENT,2026-08-18,2026-08-18,
Texmaco Rail & Engineering Limited,TEXRAIL,India,NSE,INR,TRADINGVIEW_SCREENER,Producer Manufacturing,Trucks/Construction/Farm Machinery,MACHINERY,447031296.99377203,UNDEFINED,,INR,,TRUE,PRESENT,2026-08-18,2026-08-18,Broad industry; review for shipbuilding/construction-equipment.
"SUNIC SYSTEM Co., Ltd.",171090,South Korea,KRX,KRW,TRADINGVIEW_SCREENER,Producer Manufacturing,Industrial Machinery,MACHINERY,444879866.92453206,UNDEFINED,,KRW,,TRUE,PRESENT,2026-08-18,2026-08-18,
"Jiangsu Teeyer Intelligent Equipment Co., Ltd. Class A",603273,China,SSE,CNY,TRADINGVIEW_SCREENER,Producer Manufacturing,Industrial Machinery,MACHINERY,444744042.63464,UNDEFINED,,CNY,,TRUE,PRESENT,2026-08-18,2026-08-18,
"CEC Environmental Protection Co., Ltd. Class A",300172,China,SZSE,CNY,TRADINGVIEW_SCREENER,Producer Manufacturing,Industrial Machinery,MACHINERY,444477959.48737997,UNDEFINED,,CNY,,TRUE,PRESENT,2026-08-18,2026-08-18,
Traffic Control Technology Co. Ltd. Class A,688015,China,SSE,CNY,TRADINGVIEW_SCREENER,Producer Manufacturing,Trucks/Construction/Farm Machinery,MACHINERY,443734701.57632,UNDEFINED,,CNY,,TRUE,PRESENT,2026-08-18,2026-08-18,Broad industry; review for shipbuilding/construction-equipment.
"Guangdong Nedfon Air System Co., Ltd. Class A",301043,China,SZSE,CNY,TRADINGVIEW_SCREENER,Producer Manufacturing,Industrial Machinery,MACHINERY,443686775.30022997,UNDEFINED,,CNY,,TRUE,PRESENT,2026-08-18,2026-08-18,
Fujian South Highway Machinery Co. Ltd. Class A,603280,China,SSE,CNY,TRADINGVIEW_SCREENER,Producer Manufacturing,Trucks/Construction/Farm Machinery,MACHINERY,443388046.34054,UNDEFINED,,CNY,,TRUE,PRESENT,2026-08-18,2026-08-18,Broad industry; review for shipbuilding/construction-equipment.
"MAEZAWA Holdings Co., Ltd.",575A,Japan,TSE,JPY,TRADINGVIEW_SCREENER,Producer Manufacturing,Industrial Machinery,MACHINERY,443106693.07355,UNDEFINED,,JPY,,TRUE,PRESENT,2026-08-18,2026-08-18,
"Zhejiang Jindun Fans Co., Ltd. Class A",300411,China,SZSE,CNY,TRADINGVIEW_SCREENER,Producer Manufacturing,Industrial Machinery,MACHINERY,442274931.23358995,UNDEFINED,,CNY,,TRUE,PRESENT,2026-08-18,2026-08-18,
Hangzhou Zhongya Machinery Co. Ltd. Class A,300512,China,SZSE,CNY,TRADINGVIEW_SCREENER,Producer Manufacturing,Industrial Machinery,MACHINERY,439045112.99354994,UNDEFINED,,CNY,,TRUE,PRESENT,2026-08-18,2026-08-18,
KAMAZ,KMAZ,Russian Federation,RUS,RUB,TRADINGVIEW_SCREENER,Producer Manufacturing,Trucks/Construction/Farm Machinery,MACHINERY,438405945.787628,UNDEFINED,,RUB,,TRUE,PRESENT,2026-08-18,2026-08-18,Broad industry; review for shipbuilding/construction-equipment.
DOF Robotik Sanayi Anonim Sirketi,DOFRB,Turkey,BIST,TRY,TRADINGVIEW_SCREENER,Producer Manufacturing,Industrial Machinery,MACHINERY,437328315,UNDEFINED,,TRY,,TRUE,PRESENT,2026-08-18,2026-08-18,
"Sunyes Manufacturing (Zhejiang) Holding Co., Ltd. Class A",002388,China,SZSE,CNY,TRADINGVIEW_SCREENER,Producer Manufacturing,Industrial Machinery,MACHINERY,437254434.97357994,UNDEFINED,,CNY,,TRUE,PRESENT,2026-08-18,2026-08-18,
Arad Ltd.,ARD,Israel,TASE,ILA,TRADINGVIEW_SCREENER,Producer Manufacturing,Industrial Machinery,MACHINERY,436789722.6352,UNDEFINED,,ILA,,TRUE,PRESENT,2026-08-18,2026-08-18,
"Protec Co., Ltd.",053610,South Korea,KRX,KRW,TRADINGVIEW_SCREENER,Producer Manufacturing,Industrial Machinery,MACHINERY,436573800,UNDEFINED,,KRW,,TRUE,PRESENT,2026-08-18,2026-08-18,
Tianjin Jinrong Tianyu Precision Machinery Inc. Class A,300988,China,SZSE,CNY,TRADINGVIEW_SCREENER,Producer Manufacturing,Industrial Machinery,MACHINERY,434013969.13385,UNDEFINED,,CNY,,TRUE,PRESENT,2026-08-18,2026-08-18,
Advanced Building Industries Co.,2240,Saudi Arabia,TADAWUL,SAR,TRADINGVIEW_SCREENER,Producer Manufacturing,Industrial Machinery,MACHINERY,432385926.11616,UNDEFINED,,SAR,,TRUE,PRESENT,2026-08-18,2026-08-18,
Yanpai Filtration Technology Co. Ltd. Class A,301081,China,SZSE,CNY,TRADINGVIEW_SCREENER,Producer Manufacturing,Industrial Machinery,MACHINERY,431886007.26550996,UNDEFINED,,CNY,,TRUE,PRESENT,2026-08-18,2026-08-18,
Millat Tractors Limited,MTL,Pakistan,PSX,PKR,TRADINGVIEW_SCREENER,Producer Manufacturing,Trucks/Construction/Farm Machinery,MACHINERY,431750442.803328,UNDEFINED,,PKR,,TRUE,PRESENT,2026-08-18,2026-08-18,Broad industry; review for shipbuilding/construction-equipment.
"Qingdao Guolin Technology Group Co., Ltd.",300786,China,SZSE,CNY,TRADINGVIEW_SCREENER,Producer Manufacturing,Industrial Machinery,MACHINERY,431400502.00086,UNDEFINED,,CNY,,TRUE,PRESENT,2026-08-18,2026-08-18,
"Hangzhou Kaierda Welding Robot Co., Ltd. Class A",688255,China,SSE,CNY,TRADINGVIEW_SCREENER,Producer Manufacturing,Industrial Machinery,MACHINERY,429303218.87088996,UNDEFINED,,CNY,,TRUE,PRESENT,2026-08-18,2026-08-18,
"Shanghai Karon Eco-Valve Manufacturing Co., Ltd. Class A",301151,China,SZSE,CNY,TRADINGVIEW_SCREENER,Producer Manufacturing,Industrial Machinery,MACHINERY,428014242.54161996,UNDEFINED,,CNY,,TRUE,PRESENT,2026-08-18,2026-08-18,
"Hangzhou Hota M&E Holdings Co., Ltd. Class A",001225,China,SZSE,CNY,TRADINGVIEW_SCREENER,Producer Manufacturing,Trucks/Construction/Farm Machinery,MACHINERY,427975574.13939995,UNDEFINED,,CNY,,TRUE,PRESENT,2026-08-18,2026-08-18,Broad industry; review for shipbuilding/construction-equipment.
WPIL Limited,WPIL,India,BSE,INR,TRADINGVIEW_SCREENER,Producer Manufacturing,Industrial Machinery,MACHINERY,427717958.32661,UNDEFINED,,INR,,TRUE,PRESENT,2026-08-18,2026-08-18,
"Beijing Zhongkehaixun Digital S&T Co., Ltd. Class A",300810,China,SZSE,CNY,TRADINGVIEW_SCREENER,Producer Manufacturing,Trucks/Construction/Farm Machinery,MACHINERY,426849444.09751,UNDEFINED,,CNY,,TRUE,PRESENT,2026-08-18,2026-08-18,Broad industry; review for shipbuilding/construction-equipment.
LPKF Laser & Electronics SE,LPKG,Germany,VIE,EUR,TRADINGVIEW_SCREENER,Producer Manufacturing,Industrial Machinery,MACHINERY,426370380.012,UNDEFINED,,EUR,,TRUE,PRESENT,2026-08-18,2026-08-18,
"Energy Recovery, Inc.",A0NJUL,United States,LS,EUR,TRADINGVIEW_SCREENER,Producer Manufacturing,Industrial Machinery,MACHINERY,426224735,UNDEFINED,,EUR,,TRUE,PRESENT,2026-08-18,2026-08-18,
"Chofu Seisakusho Co., Ltd.",5946,Japan,TSE,JPY,TRADINGVIEW_SCREENER,Producer Manufacturing,Industrial Machinery,MACHINERY,425721986.249625,UNDEFINED,,JPY,,TRUE,PRESENT,2026-08-18,2026-08-18,
"Qinhuangdao Tianqin Equipment Manufacturing Co., Ltd. Class A",300922,China,SZSE,CNY,TRADINGVIEW_SCREENER,Producer Manufacturing,Industrial Machinery,MACHINERY,425485334.25271994,UNDEFINED,,CNY,,TRUE,PRESENT,2026-08-18,2026-08-18,
Serve Robotics Inc.,SERV,United States,NASDAQ,USD,TRADINGVIEW_SCREENER,Producer Manufacturing,Industrial Machinery,MACHINERY,424866750.98196393,UNDEFINED,,USD,,TRUE,PRESENT,2026-08-18,2026-08-18,
"Masterwork Group Co., Ltd. Class A",300195,China,SZSE,CNY,TRADINGVIEW_SCREENER,Producer Manufacturing,Industrial Machinery,MACHINERY,424634743.80656,UNDEFINED,,CNY,,TRUE,PRESENT,2026-08-18,2026-08-18,
NEL ASA,D7G,Norway,BX,CHF,TRADINGVIEW_SCREENER,Producer Manufacturing,Industrial Machinery,MACHINERY,424098153.9849601,UNDEFINED,,CHF,,TRUE,PRESENT,2026-08-18,2026-08-18,
"Guangdong Anda Automation Solutions Co., Ltd. Class A",688125,China,SSE,CNY,TRADINGVIEW_SCREENER,Producer Manufacturing,Industrial Machinery,MACHINERY,421519884.10721,UNDEFINED,,CNY,,TRUE,PRESENT,2026-08-18,2026-08-18,
"Guangdong Zhengye Technology Co., Ltd. Class A",300410,China,SZSE,CNY,TRADINGVIEW_SCREENER,Producer Manufacturing,Industrial Machinery,MACHINERY,418615291.79161996,UNDEFINED,,CNY,,TRUE,PRESENT,2026-08-18,2026-08-18,
Suregiant Technology Co. Ltd.,7669,Taiwan,TPEX,TWD,TRADINGVIEW_SCREENER,Producer Manufacturing,Industrial Machinery,MACHINERY,418610060,UNDEFINED,,TWD,,TRUE,PRESENT,2026-08-18,2026-08-18,
Lpkf Laser & Electronics AG,LPKFF,Germany,OTC,USD,TRADINGVIEW_SCREENER,Producer Manufacturing,Industrial Machinery,MACHINERY,418401040.5209302,UNDEFINED,,USD,,TRUE,PRESENT,2026-08-18,2026-08-18,
"Sintokogio,Ltd.",6339,Japan,TSE,JPY,TRADINGVIEW_SCREENER,Producer Manufacturing,Industrial Machinery,MACHINERY,417741357.42817503,UNDEFINED,,JPY,,TRUE,PRESENT,2026-08-18,2026-08-18,
Pitti Engineering Ltd.,PITTIENG,India,NSE,INR,TRADINGVIEW_SCREENER,Producer Manufacturing,Industrial Machinery,MACHINERY,417277707.607514,UNDEFINED,,INR,,TRUE,PRESENT,2026-08-18,2026-08-18,
Talgo SA,0R99,Spain,LSIN,EUR,TRADINGVIEW_SCREENER,Producer Manufacturing,Trucks/Construction/Farm Machinery,MACHINERY,411594939.4815,UNDEFINED,,EUR,,TRUE,PRESENT,2026-08-18,2026-08-18,Broad industry; review for shipbuilding/construction-equipment.
TK Corporation,023160,South Korea,KRX,KRW,TRADINGVIEW_SCREENER,Producer Manufacturing,Industrial Machinery,MACHINERY,410978895.63915604,UNDEFINED,,KRW,,TRUE,PRESENT,2026-08-18,2026-08-18,
"Yinchuan Weili Transmission Technology Co., Ltd. Class A",300904,China,SZSE,CNY,TRADINGVIEW_SCREENER,Producer Manufacturing,Industrial Machinery,MACHINERY,410870746.20501,UNDEFINED,,CNY,,TRUE,PRESENT,2026-08-18,2026-08-18,
Tan Chong International Limited,T15,Hong Kong,SGX,HKD,TRADINGVIEW_SCREENER,Producer Manufacturing,Trucks/Construction/Farm Machinery,MACHINERY,410392904.52160007,UNDEFINED,,HKD,,TRUE,PRESENT,2026-08-18,2026-08-18,Broad industry; review for shipbuilding/construction-equipment.
VST Tillers Tractors Limited,VSTTILLERS,India,NSE,INR,TRADINGVIEW_SCREENER,Producer Manufacturing,Trucks/Construction/Farm Machinery,MACHINERY,408772778.43422,UNDEFINED,,INR,,TRUE,PRESENT,2026-08-18,2026-08-18,Broad industry; review for shipbuilding/construction-equipment.
L. B. Foster Company,867748,United States,LSX,EUR,TRADINGVIEW_SCREENER,Producer Manufacturing,Trucks/Construction/Farm Machinery,MACHINERY,407535636,UNDEFINED,,EUR,,TRUE,PRESENT,2026-08-18,2026-08-18,Broad industry; review for shipbuilding/construction-equipment.
"Maruzen Co., Ltd.",5982,Japan,TSE,JPY,TRADINGVIEW_SCREENER,Producer Manufacturing,Industrial Machinery,MACHINERY,404339419.24590003,UNDEFINED,,JPY,,TRUE,PRESENT,2026-08-18,2026-08-18,
"Sichuan Kexin Mechanical & Electrical Equipment Co., Ltd. Class A",300092,China,SZSE,CNY,TRADINGVIEW_SCREENER,Producer Manufacturing,Industrial Machinery,MACHINERY,404310394.76246995,UNDEFINED,,CNY,,TRUE,PRESENT,2026-08-18,2026-08-18,
HANGZHOU INNOVER TECHNOLOGY CO LTD Class A,002767,China,SZSE,CNY,TRADINGVIEW_SCREENER,Producer Manufacturing,Industrial Machinery,MACHINERY,404114136.81674,UNDEFINED,,CNY,,TRUE,PRESENT,2026-08-18,2026-08-18,
"Cscec Scimee Sci. & Tech. Co., Ltd. Class A",300425,China,SZSE,CNY,TRADINGVIEW_SCREENER,Producer Manufacturing,Industrial Machinery,MACHINERY,402373628.0767,UNDEFINED,,CNY,,TRUE,PRESENT,2026-08-18,2026-08-18,
"Nanchang Mineral Systems Co., Ltd. Class A",001360,China,SZSE,CNY,TRADINGVIEW_SCREENER,Producer Manufacturing,Trucks/Construction/Farm Machinery,MACHINERY,402108912.87132996,UNDEFINED,,CNY,,TRUE,PRESENT,2026-08-18,2026-08-18,Broad industry; review for shipbuilding/construction-equipment.
ITAB Group AB (publ),0RGW,Sweden,LSE,SEK,TRADINGVIEW_SCREENER,Producer Manufacturing,Industrial Machinery,MACHINERY,400527279.374,UNDEFINED,,SEK,,TRUE,PRESENT,2026-08-18,2026-08-18,
"Tianjin Saixiang Technology Co., Ltd. Class A",002337,China,SZSE,CNY,TRADINGVIEW_SCREENER,Producer Manufacturing,Industrial Machinery,MACHINERY,398224277.40137,UNDEFINED,,CNY,,TRUE,PRESENT,2026-08-18,2026-08-18,
Dalian Haosen Intelligent Manufacturing Co. Ltd. Class A,688529,China,SSE,CNY,TRADINGVIEW_SCREENER,Producer Manufacturing,Industrial Machinery,MACHINERY,396508919.02356,UNDEFINED,,CNY,,TRUE,PRESENT,2026-08-18,2026-08-18,
"Junhe Pumps Holding Co., Ltd. Class A",603617,China,SSE,CNY,TRADINGVIEW_SCREENER,Producer Manufacturing,Industrial Machinery,MACHINERY,396275745.46693,UNDEFINED,,CNY,,TRUE,PRESENT,2026-08-18,2026-08-18,
Lanpec Technologies Limited Class A,601798,China,SSE,CNY,TRADINGVIEW_SCREENER,Producer Manufacturing,Industrial Machinery,MACHINERY,396133002.04218996,UNDEFINED,,CNY,,TRUE,PRESENT,2026-08-18,2026-08-18,
"Shenzhen Hekeda Precision Cleaning Equipment Co., Ltd. Class A",002816,China,SZSE,CNY,TRADINGVIEW_SCREENER,Producer Manufacturing,Industrial Machinery,MACHINERY,394481792.44795996,UNDEFINED,,CNY,,TRUE,PRESENT,2026-08-18,2026-08-18,
"Guangdong Jinming Machinery Co., Ltd. Class A",300281,China,SZSE,CNY,TRADINGVIEW_SCREENER,Producer Manufacturing,Industrial Machinery,MACHINERY,394209809.56042,UNDEFINED,,CNY,,TRUE,PRESENT,2026-08-18,2026-08-18,
ElringKlinger AG,ZIL2,Germany,VIE,EUR,TRADINGVIEW_SCREENER,Producer Manufacturing,Industrial Machinery,MACHINERY,393491208.75750005,UNDEFINED,,EUR,,TRUE,PRESENT,2026-08-18,2026-08-18,
Zhejiang Baida Precision Manufacturing Corp. Class A,603331,China,SSE,CNY,TRADINGVIEW_SCREENER,Producer Manufacturing,Industrial Machinery,MACHINERY,393170302.50113,UNDEFINED,,CNY,,TRUE,PRESENT,2026-08-18,2026-08-18,
Mega Fortris Berhad,MEGAFB,Malaysia,MYX,MYR,TRADINGVIEW_SCREENER,Producer Manufacturing,Industrial Machinery,MACHINERY,392210867.97969997,UNDEFINED,,MYR,,TRUE,PRESENT,2026-08-18,2026-08-18,
"Asahi Diamond Industrial Co., Ltd.",6140,Japan,TSE,JPY,TRADINGVIEW_SCREENER,Producer Manufacturing,Industrial Machinery,MACHINERY,391244862.1206,UNDEFINED,,JPY,,TRUE,PRESENT,2026-08-18,2026-08-18,
Anup Engineering Ltd.,ANUP,India,BSE,INR,TRADINGVIEW_SCREENER,Producer Manufacturing,Industrial Machinery,MACHINERY,388882074.960704,UNDEFINED,,INR,,TRUE,PRESENT,2026-08-18,2026-08-18,
"Tederic Machinery Co., Ltd. Class A",603289,China,SSE,CNY,TRADINGVIEW_SCREENER,Producer Manufacturing,Industrial Machinery,MACHINERY,388698961.18543,UNDEFINED,,CNY,,TRUE,PRESENT,2026-08-18,2026-08-18,
"SNTEnergy Co., Ltd.",100840,South Korea,KRX,KRW,TRADINGVIEW_SCREENER,Producer Manufacturing,Industrial Machinery,MACHINERY,388675287.966654,UNDEFINED,,KRW,,TRUE,PRESENT,2026-08-18,2026-08-18,
"Neuromeka Co., Ltd.",348340,South Korea,KRX,KRW,TRADINGVIEW_SCREENER,Producer Manufacturing,Industrial Machinery,MACHINERY,387812048.346216,UNDEFINED,,KRW,,TRUE,PRESENT,2026-08-18,2026-08-18,
"Nanjing Inform Storage Equipment (Group) Co., Ltd.",603066,China,SSE,CNY,TRADINGVIEW_SCREENER,Producer Manufacturing,Industrial Machinery,MACHINERY,387487880.48508996,UNDEFINED,,CNY,,TRUE,PRESENT,2026-08-18,2026-08-18,
"Ningbo Lehui International Engineering Equipment Co., Ltd. Class A",603076,China,SSE,CNY,TRADINGVIEW_SCREENER,Producer Manufacturing,Industrial Machinery,MACHINERY,385101366.48529,UNDEFINED,,CNY,,TRUE,PRESENT,2026-08-18,2026-08-18,
Wuxi Smart Auto-Control Engineering Co. Ltd. Class A,002877,China,SZSE,CNY,TRADINGVIEW_SCREENER,Producer Manufacturing,Industrial Machinery,MACHINERY,384049263.27599996,UNDEFINED,,CNY,,TRUE,PRESENT,2026-08-18,2026-08-18,
"Aida Engineering,Ltd.",6118,Japan,TSE,JPY,TRADINGVIEW_SCREENER,Producer Manufacturing,Industrial Machinery,MACHINERY,383640288.80325,UNDEFINED,,JPY,,TRUE,PRESENT,2026-08-18,2026-08-18,
Fine Semitech Corp,036810,South Korea,KRX,KRW,TRADINGVIEW_SCREENER,Producer Manufacturing,Industrial Machinery,MACHINERY,382555780.90119004,UNDEFINED,,KRW,,TRUE,PRESENT,2026-08-18,2026-08-18,
"Tianjin MOTIMO Membrane Technology Co., Ltd. Class A",300334,China,SZSE,CNY,TRADINGVIEW_SCREENER,Producer Manufacturing,Industrial Machinery,MACHINERY,381828910.87025994,UNDEFINED,,CNY,,TRUE,PRESENT,2026-08-18,2026-08-18,
Tupy S.A.,TUPY3,Brazil,BMFBOVESPA,BRL,TRADINGVIEW_SCREENER,Producer Manufacturing,Industrial Machinery,MACHINERY,381786239.1816,UNDEFINED,,BRL,,TRUE,PRESENT,2026-08-18,2026-08-18,
"Dalian Zhiyun Automation Co., Ltd Class A",300097,China,SZSE,CNY,TRADINGVIEW_SCREENER,Producer Manufacturing,Industrial Machinery,MACHINERY,380151811.74208,UNDEFINED,,CNY,,TRUE,PRESENT,2026-08-18,2026-08-18,
"Marumae Co., Ltd.",6264,Japan,TSE,JPY,TRADINGVIEW_SCREENER,Producer Manufacturing,Industrial Machinery,MACHINERY,379557914.545225,UNDEFINED,,JPY,,TRUE,PRESENT,2026-08-18,2026-08-18,
Feedback Technology Corp.,8091,Taiwan,TPEX,TWD,TRADINGVIEW_SCREENER,Producer Manufacturing,Industrial Machinery,MACHINERY,379349155.436198,UNDEFINED,,TWD,,TRUE,PRESENT,2026-08-18,2026-08-18,
Ningbo Heli Technology Co. Ltd. Class A,603917,China,SSE,CNY,TRADINGVIEW_SCREENER,Producer Manufacturing,Industrial Machinery,MACHINERY,377890190.64418995,UNDEFINED,,CNY,,TRUE,PRESENT,2026-08-18,2026-08-18,
Jiangsu Newamstar Packaging Machinery Co. Ltd. Class A,300509,China,SZSE,CNY,TRADINGVIEW_SCREENER,Producer Manufacturing,Industrial Machinery,MACHINERY,377742246.63958997,UNDEFINED,,CNY,,TRUE,PRESENT,2026-08-18,2026-08-18,
Altek Corporation,3059,Taiwan,TWSE,TWD,TRADINGVIEW_SCREENER,Producer Manufacturing,Industrial Machinery,MACHINERY,376658211.811434,UNDEFINED,,TWD,,TRUE,PRESENT,2026-08-18,2026-08-18,
"Dagang Holding Group Co., Ltd. Class A",300103,China,SZSE,CNY,TRADINGVIEW_SCREENER,Producer Manufacturing,Trucks/Construction/Farm Machinery,MACHINERY,370874523.20379996,UNDEFINED,,CNY,,TRUE,PRESENT,2026-08-18,2026-08-18,Broad industry; review for shipbuilding/construction-equipment.
"Symtek Automation Asia Co., Ltd.",6438,Taiwan,TWSE,TWD,TRADINGVIEW_SCREENER,Producer Manufacturing,Industrial Machinery,MACHINERY,370535863.50587,UNDEFINED,,TWD,,TRUE,PRESENT,2026-08-18,2026-08-18,
"Mimaki Engineering Co., Ltd.",6638,Japan,TSE,JPY,TRADINGVIEW_SCREENER,Producer Manufacturing,Industrial Machinery,MACHINERY,370522766.4455,UNDEFINED,,JPY,,TRUE,PRESENT,2026-08-18,2026-08-18,
"Xian Typical Industries Co., Ltd. Class A",600302,China,SSE,CNY,TRADINGVIEW_SCREENER,Producer Manufacturing,Industrial Machinery,MACHINERY,369181370.35653996,UNDEFINED,,CNY,,TRUE,PRESENT,2026-08-18,2026-08-18,
Sunpower Group Ltd.,5GD,China,SGX,SGD,TRADINGVIEW_SCREENER,Producer Manufacturing,Industrial Machinery,MACHINERY,369036001.9489,UNDEFINED,,SGD,,TRUE,PRESENT,2026-08-18,2026-08-18,
"Ebara Jitsugyo Co., Ltd.",6328,Japan,TSE,JPY,TRADINGVIEW_SCREENER,Producer Manufacturing,Industrial Machinery,MACHINERY,368334233.459325,UNDEFINED,,JPY,,TRUE,PRESENT,2026-08-18,2026-08-18,
"Tazmo Co., Ltd.",6266,Japan,TSE,JPY,TRADINGVIEW_SCREENER,Producer Manufacturing,Industrial Machinery,MACHINERY,367545751.49065,UNDEFINED,,JPY,,TRUE,PRESENT,2026-08-18,2026-08-18,
"Zhejiang Dibay Electric Co., Ltd. Class A",603320,China,SSE,CNY,TRADINGVIEW_SCREENER,Producer Manufacturing,Industrial Machinery,MACHINERY,367113848.37245995,UNDEFINED,,CNY,,TRUE,PRESENT,2026-08-18,2026-08-18,
Avingtrans plc,AVG,United Kingdom,LSE,GBX,TRADINGVIEW_SCREENER,Producer Manufacturing,Industrial Machinery,MACHINERY,363765125.658,UNDEFINED,,GBX,,TRUE,PRESENT,2026-08-18,2026-08-18,
GemVax & KAEL Co Ltd,082270,South Korea,KRX,KRW,TRADINGVIEW_SCREENER,Producer Manufacturing,Industrial Machinery,MACHINERY,363488051.754126,UNDEFINED,,KRW,,TRUE,PRESENT,2026-08-18,2026-08-18,
"Twin Disc, Incorporated",TWIN,United States,NASDAQ,USD,TRADINGVIEW_SCREENER,Producer Manufacturing,Trucks/Construction/Farm Machinery,MACHINERY,362878334.9274653,UNDEFINED,,USD,,TRUE,PRESENT,2026-08-18,2026-08-18,Broad industry; review for shipbuilding/construction-equipment.
"Asia Metal Industries, Inc.",6727,Taiwan,TPEX,TWD,TRADINGVIEW_SCREENER,Producer Manufacturing,Industrial Machinery,MACHINERY,362274409.184438,UNDEFINED,,TWD,,TRUE,PRESENT,2026-08-18,2026-08-18,
"Funeng Oriental Equipment Technology Co., Ltd. Class A",300173,China,SZSE,CNY,TRADINGVIEW_SCREENER,Producer Manufacturing,Industrial Machinery,MACHINERY,361478281.66337997,UNDEFINED,,CNY,,TRUE,PRESENT,2026-08-18,2026-08-18,
"Junjin Construction & Robot Co., Ltd.",079900,South Korea,KRX,KRW,TRADINGVIEW_SCREENER,Producer Manufacturing,Trucks/Construction/Farm Machinery,MACHINERY,360896217.939504,UNDEFINED,,KRW,,TRUE,PRESENT,2026-08-18,2026-08-18,Broad industry; review for shipbuilding/construction-equipment.
"Wave Cyber (Shanghai) Co., Ltd. Class A",688718,China,SSE,CNY,TRADINGVIEW_SCREENER,Producer Manufacturing,Industrial Machinery,MACHINERY,360738784.66633,UNDEFINED,,CNY,,TRUE,PRESENT,2026-08-18,2026-08-18,
Rechi Precision Co. Ltd.,4532,Taiwan,TWSE,TWD,TRADINGVIEW_SCREENER,Producer Manufacturing,Industrial Machinery,MACHINERY,359933318.698968,UNDEFINED,,TWD,,TRUE,PRESENT,2026-08-18,2026-08-18,
"Chengdu Dahongli Machinery Co., Ltd. Class A",300865,China,SZSE,CNY,TRADINGVIEW_SCREENER,Producer Manufacturing,Trucks/Construction/Farm Machinery,MACHINERY,359858420.47813,UNDEFINED,,CNY,,TRUE,PRESENT,2026-08-18,2026-08-18,Broad industry; review for shipbuilding/construction-equipment.
Shanghai Automobile Air-Conditioner Accessories Co. Ltd. Class A,603107,China,SSE,CNY,TRADINGVIEW_SCREENER,Producer Manufacturing,Industrial Machinery,MACHINERY,359467596.62008995,UNDEFINED,,CNY,,TRUE,PRESENT,2026-08-18,2026-08-18,
Bystronic AG,0QW1,Switzerland,LSE,CHF,TRADINGVIEW_SCREENER,Producer Manufacturing,Industrial Machinery,MACHINERY,358940699.28360003,UNDEFINED,,CHF,,TRUE,PRESENT,2026-08-18,2026-08-18,
Oswal Pumps Limited,OSWALPUMPS,India,BSE,INR,TRADINGVIEW_SCREENER,Producer Manufacturing,Industrial Machinery,MACHINERY,358703818.35469,UNDEFINED,,INR,,TRUE,PRESENT,2026-08-18,2026-08-18,
"Shandong Hongyu Precision Machinery Co., Ltd. Class A",002890,China,SZSE,CNY,TRADINGVIEW_SCREENER,Producer Manufacturing,Trucks/Construction/Farm Machinery,MACHINERY,357719682.82575,UNDEFINED,,CNY,,TRUE,PRESENT,2026-08-18,2026-08-18,Broad industry; review for shipbuilding/construction-equipment.
Randoncorp S.A.,RAPT4,Brazil,BMFBOVESPA,BRL,TRADINGVIEW_SCREENER,Producer Manufacturing,Trucks/Construction/Farm Machinery,MACHINERY,353759183.283,UNDEFINED,,BRL,,TRUE,PRESENT,2026-08-18,2026-08-18,Broad industry; review for shipbuilding/construction-equipment.
"Terasaki Electric Co., Ltd.",6637,Japan,TSE,JPY,TRADINGVIEW_SCREENER,Producer Manufacturing,Trucks/Construction/Farm Machinery,MACHINERY,351963192.46342504,UNDEFINED,,JPY,,TRUE,PRESENT,2026-08-18,2026-08-18,Broad industry; review for shipbuilding/construction-equipment.
"Weima Agricultural Machinery Co., Ltd. Class A",301533,China,SZSE,CNY,TRADINGVIEW_SCREENER,Producer Manufacturing,Trucks/Construction/Farm Machinery,MACHINERY,350700984.45528996,UNDEFINED,,CNY,,TRUE,PRESENT,2026-08-18,2026-08-18,Broad industry; review for shipbuilding/construction-equipment.
"Zhejiang Taifu Pump Co., Ltd. Class A",300992,China,SZSE,CNY,TRADINGVIEW_SCREENER,Producer Manufacturing,Industrial Machinery,MACHINERY,349533934.26413,UNDEFINED,,CNY,,TRUE,PRESENT,2026-08-18,2026-08-18,
"Guangzhou Tech-Long Packaging Machinery Co., Ltd Class A",002209,China,SZSE,CNY,TRADINGVIEW_SCREENER,Producer Manufacturing,Industrial Machinery,MACHINERY,348860134.0434,UNDEFINED,,CNY,,TRUE,PRESENT,2026-08-18,2026-08-18,
Nam Cheong Limited,1MZ,Singapore,SGX,SGD,TRADINGVIEW_SCREENER,Producer Manufacturing,Trucks/Construction/Farm Machinery,MACHINERY,346210188.0653,UNDEFINED,,SGD,,TRUE,PRESENT,2026-08-18,2026-08-18,Broad industry; review for shipbuilding/construction-equipment.
"Shenzhen Intelligent Precision Instrument Co., Ltd. Class A",301512,China,SZSE,CNY,TRADINGVIEW_SCREENER,Producer Manufacturing,Industrial Machinery,MACHINERY,345002561.92038,UNDEFINED,,CNY,,TRUE,PRESENT,2026-08-18,2026-08-18,
"Jiangsu Chunlan Refrigerating Equipment Stock Co., Ltd. Class A",600854,China,SSE,CNY,TRADINGVIEW_SCREENER,Producer Manufacturing,Industrial Machinery,MACHINERY,344863966.33374,UNDEFINED,,CNY,,TRUE,PRESENT,2026-08-18,2026-08-18,
"Jiangsu Liance Electromechanical Technology Co., Ltd. Class A",688113,China,SSE,CNY,TRADINGVIEW_SCREENER,Producer Manufacturing,Industrial Machinery,MACHINERY,343646094.38207996,UNDEFINED,,CNY,,TRUE,PRESENT,2026-08-18,2026-08-18,
"MNC Solution Co., Ltd.",484870,South Korea,KRX,KRW,TRADINGVIEW_SCREENER,Producer Manufacturing,Industrial Machinery,MACHINERY,343535962.425084,UNDEFINED,,KRW,,TRUE,PRESENT,2026-08-18,2026-08-18,
"Zhe Kuang Heavy Industry Co., Ltd. Class A",300837,China,SZSE,CNY,TRADINGVIEW_SCREENER,Producer Manufacturing,Trucks/Construction/Farm Machinery,MACHINERY,343379466.93294996,UNDEFINED,,CNY,,TRUE,PRESENT,2026-08-18,2026-08-18,Broad industry; review for shipbuilding/construction-equipment.
Mikron Holding AG,0QQF,Switzerland,LSE,CHF,TRADINGVIEW_SCREENER,Producer Manufacturing,Industrial Machinery,MACHINERY,342175800.2796,UNDEFINED,,CHF,,TRUE,PRESENT,2026-08-18,2026-08-18,
"Ningbo Water Meter Group Co., Ltd. Class A",603700,China,SSE,CNY,TRADINGVIEW_SCREENER,Producer Manufacturing,Industrial Machinery,MACHINERY,341612494.27452,UNDEFINED,,CNY,,TRUE,PRESENT,2026-08-18,2026-08-18,
"Trusval Technology Co., Ltd.",6667,Taiwan,TPEX,TWD,TRADINGVIEW_SCREENER,Producer Manufacturing,Industrial Machinery,MACHINERY,341248636.055943,UNDEFINED,,TWD,,TRUE,PRESENT,2026-08-18,2026-08-18,
"Qingdao Daneng Environmental Protection Equipment Co., Ltd. Class A",688501,China,SSE,CNY,TRADINGVIEW_SCREENER,Producer Manufacturing,Industrial Machinery,MACHINERY,340972453.95864,UNDEFINED,,CNY,,TRUE,PRESENT,2026-08-18,2026-08-18,
"Qingdao Hi-Tech Moulds & Plastics Technology Co., Ltd. Class A",301022,China,SZSE,CNY,TRADINGVIEW_SCREENER,Producer Manufacturing,Industrial Machinery,MACHINERY,340110675.31566995,UNDEFINED,,CNY,,TRUE,PRESENT,2026-08-18,2026-08-18,
"Zhuhai Kles Technology Co., Ltd. Class A",301314,China,SZSE,CNY,TRADINGVIEW_SCREENER,Producer Manufacturing,Industrial Machinery,MACHINERY,337860682.09432,UNDEFINED,,CNY,,TRUE,PRESENT,2026-08-18,2026-08-18,
"Tsubakimoto Kogyo Co., Ltd.",8052,Japan,TSE,JPY,TRADINGVIEW_SCREENER,Producer Manufacturing,Industrial Machinery,MACHINERY,337373274.362175,UNDEFINED,,JPY,,TRUE,PRESENT,2026-08-18,2026-08-18,
"Guangdong Jialong Food Co., Ltd. Class A",002495,China,SZSE,CNY,TRADINGVIEW_SCREENER,Producer Manufacturing,Industrial Machinery,MACHINERY,331374339.99796,UNDEFINED,,CNY,,TRUE,PRESENT,2026-08-18,2026-08-18,
"Zhejiang Double Arrow Rubber Co., Ltd. Class A",002381,China,SZSE,CNY,TRADINGVIEW_SCREENER,Producer Manufacturing,Industrial Machinery,MACHINERY,331184998.67228997,UNDEFINED,,CNY,,TRUE,PRESENT,2026-08-18,2026-08-18,
"Worldex Industry & Trading Co., Ltd.",101160,South Korea,KRX,KRW,TRADINGVIEW_SCREENER,Producer Manufacturing,Industrial Machinery,MACHINERY,329755882.126554,UNDEFINED,,KRW,,TRUE,PRESENT,2026-08-18,2026-08-18,
Prince Pipes And Fittings Ltd,PRINCEPIPE,India,NSE,INR,TRADINGVIEW_SCREENER,Producer Manufacturing,Industrial Machinery,MACHINERY,329282073.25401205,UNDEFINED,,INR,,TRUE,PRESENT,2026-08-18,2026-08-18,
"Nippon Sharyo,Ltd.",NIP,Japan,MUN,EUR,TRADINGVIEW_SCREENER,Producer Manufacturing,Trucks/Construction/Farm Machinery,MACHINERY,325579310.46445006,UNDEFINED,,EUR,,TRUE,PRESENT,2026-08-18,2026-08-18,Broad industry; review for shipbuilding/construction-equipment.
Jash Engineering Ltd.,JASH,India,NSE,INR,TRADINGVIEW_SCREENER,Producer Manufacturing,Industrial Machinery,MACHINERY,323664699.920394,UNDEFINED,,INR,,TRUE,PRESENT,2026-08-18,2026-08-18,
Guangdong Hongming Intelligent Joint Stock Co. Ltd. Class A,301105,China,SZSE,CNY,TRADINGVIEW_SCREENER,Producer Manufacturing,Industrial Machinery,MACHINERY,323484245.74991,UNDEFINED,,CNY,,TRUE,PRESENT,2026-08-18,2026-08-18,
"Hallacast Co., Ltd.",125490,South Korea,KRX,KRW,TRADINGVIEW_SCREENER,Producer Manufacturing,Industrial Machinery,MACHINERY,322614338.42851204,UNDEFINED,,KRW,,TRUE,PRESENT,2026-08-18,2026-08-18,
Windsor Machines Limited,WINDMACHIN,India,BSE,INR,TRADINGVIEW_SCREENER,Producer Manufacturing,Industrial Machinery,MACHINERY,321564485.805054,UNDEFINED,,INR,,TRUE,PRESENT,2026-08-18,2026-08-18,
Palladyne AI Corp.,PDYN,United States,NASDAQ,USD,TRADINGVIEW_SCREENER,Producer Manufacturing,Industrial Machinery,MACHINERY,319220182.11497724,UNDEFINED,,USD,,TRUE,PRESENT,2026-08-18,2026-08-18,
CerTone Heat Solution Co Ltd,7929,Taiwan,TPEX,TWD,TRADINGVIEW_SCREENER,Producer Manufacturing,Industrial Machinery,MACHINERY,318558512.5,UNDEFINED,,TWD,,TRUE,PRESENT,2026-08-18,2026-08-18,
"Ningbo Joy Intelligent Logistics Technology Co., Ltd. Class A",301198,China,SZSE,CNY,TRADINGVIEW_SCREENER,Producer Manufacturing,Industrial Machinery,MACHINERY,318060192.25791997,UNDEFINED,,CNY,,TRUE,PRESENT,2026-08-18,2026-08-18,
"Duksan Hi-Metal Co., Ltd.",077360,South Korea,KRX,KRW,TRADINGVIEW_SCREENER,Producer Manufacturing,Industrial Machinery,MACHINERY,316097058.78925204,UNDEFINED,,KRW,,TRUE,PRESENT,2026-08-18,2026-08-18,
"Kimura Kohki Co., Ltd.",6231,Japan,TSE,JPY,TRADINGVIEW_SCREENER,Producer Manufacturing,Industrial Machinery,MACHINERY,315585620.635875,UNDEFINED,,JPY,,TRUE,PRESENT,2026-08-18,2026-08-18,
"Key Ware Electronics Co., Ltd.",5498,Taiwan,TPEX,TWD,TRADINGVIEW_SCREENER,Producer Manufacturing,Industrial Machinery,MACHINERY,312735244.861946,UNDEFINED,,TWD,,TRUE,PRESENT,2026-08-18,2026-08-18,
"Zhejiang Tuna Environmental Science & Technology Co., Ltd. Class A",603177,China,SSE,CNY,TRADINGVIEW_SCREENER,Producer Manufacturing,Industrial Machinery,MACHINERY,309551731.8151999,UNDEFINED,,CNY,,TRUE,PRESENT,2026-08-18,2026-08-18,
"Shandong Zhangqiu Blower Co., Ltd. Class A",002598,China,SZSE,CNY,TRADINGVIEW_SCREENER,Producer Manufacturing,Industrial Machinery,MACHINERY,308904106.39417,UNDEFINED,,CNY,,TRUE,PRESENT,2026-08-18,2026-08-18,
STIF,ALSTI,France,EURONEXT,EUR,TRADINGVIEW_SCREENER,Producer Manufacturing,Industrial Machinery,MACHINERY,308539047.537,UNDEFINED,,EUR,,TRUE,PRESENT,2026-08-18,2026-08-18,
Giken Ltd.,6289,Japan,TSE,JPY,TRADINGVIEW_SCREENER,Producer Manufacturing,Trucks/Construction/Farm Machinery,MACHINERY,308458260.905375,UNDEFINED,,JPY,,TRUE,PRESENT,2026-08-18,2026-08-18,Broad industry; review for shipbuilding/construction-equipment.
"Hisaka Works,Ltd.",6247,Japan,TSE,JPY,TRADINGVIEW_SCREENER,Producer Manufacturing,Industrial Machinery,MACHINERY,307869645.850475,UNDEFINED,,JPY,,TRUE,PRESENT,2026-08-18,2026-08-18,
"VT Industrial Technology Co., Ltd. Class A",300707,China,SZSE,CNY,TRADINGVIEW_SCREENER,Producer Manufacturing,Industrial Machinery,MACHINERY,306831739.78261,UNDEFINED,,CNY,,TRUE,PRESENT,2026-08-18,2026-08-18,
"Beijing Jiaoda Signal Technology Co., Ltd. Class A",300851,China,SZSE,CNY,TRADINGVIEW_SCREENER,Producer Manufacturing,Trucks/Construction/Farm Machinery,MACHINERY,305319048.56802994,UNDEFINED,,CNY,,TRUE,PRESENT,2026-08-18,2026-08-18,Broad industry; review for shipbuilding/construction-equipment.
"HLB innoVation Co., Ltd.",024850,South Korea,KRX,KRW,TRADINGVIEW_SCREENER,Producer Manufacturing,Industrial Machinery,MACHINERY,305318972.684232,UNDEFINED,,KRW,,TRUE,PRESENT,2026-08-18,2026-08-18,
Micro-Mechanics (Holdings) Ltd,5DD,Singapore,SGX,SGD,TRADINGVIEW_SCREENER,Producer Manufacturing,Industrial Machinery,MACHINERY,304151720.7144,UNDEFINED,,SGD,,TRUE,PRESENT,2026-08-18,2026-08-18,
"Sansei Yusoki Co., Ltd.",SKUYF,Japan,OTC,USD,TRADINGVIEW_SCREENER,Producer Manufacturing,Industrial Machinery,MACHINERY,303389492.5139839,UNDEFINED,,USD,,TRUE,PRESENT,2026-08-18,2026-08-18,
Jiangsu Jingyuan Environmental Protection Co. Ltd. Class A,688096,China,SSE,CNY,TRADINGVIEW_SCREENER,Producer Manufacturing,Industrial Machinery,MACHINERY,303102377.79464996,UNDEFINED,,CNY,,TRUE,PRESENT,2026-08-18,2026-08-18,
"Sansei Technologies, Inc.",6357,Japan,TSE,JPY,TRADINGVIEW_SCREENER,Producer Manufacturing,Industrial Machinery,MACHINERY,302838043.48215,UNDEFINED,,JPY,,TRUE,PRESENT,2026-08-18,2026-08-18,
XANO Industri AB Class B,0RQ7,Sweden,LSE,SEK,TRADINGVIEW_SCREENER,Producer Manufacturing,Industrial Machinery,MACHINERY,301890923.1678,UNDEFINED,,SEK,,TRUE,PRESENT,2026-08-18,2026-08-18,
Envipco Holding N.V.,ENVIP,Netherlands,OSL,NOK,TRADINGVIEW_SCREENER,Producer Manufacturing,Industrial Machinery,MACHINERY,301484730.16872,UNDEFINED,,NOK,,TRUE,PRESENT,2026-08-18,2026-08-18,
Nak Sealing Technologies Corporation,9942,Taiwan,TWSE,TWD,TRADINGVIEW_SCREENER,Producer Manufacturing,Industrial Machinery,MACHINERY,299612909.61390996,UNDEFINED,,TWD,,TRUE,PRESENT,2026-08-18,2026-08-18,
"Seibu Electric & Machinery Co., Ltd.",6144,Japan,TSE,JPY,TRADINGVIEW_SCREENER,Producer Manufacturing,Industrial Machinery,MACHINERY,298402690.1643,UNDEFINED,,JPY,,TRUE,PRESENT,2026-08-18,2026-08-18,
Velan Inc.,VLN,Canada,TSX,CAD,TRADINGVIEW_SCREENER,Producer Manufacturing,Industrial Machinery,MACHINERY,297123894.06,UNDEFINED,,CAD,,TRUE,PRESENT,2026-08-18,2026-08-18,
"Shuz Tung Machinery Industrial Co., Ltd.",4537,Taiwan,TPEX,TWD,TRADINGVIEW_SCREENER,Producer Manufacturing,Industrial Machinery,MACHINERY,296340348.703887,UNDEFINED,,TWD,,TRUE,PRESENT,2026-08-18,2026-08-18,
Viborgskii sudostr. Zavod,VSYDP,Russian Federation,RUS,RUB,TRADINGVIEW_SCREENER,Producer Manufacturing,Trucks/Construction/Farm Machinery,MACHINERY,295292816.637,UNDEFINED,,RUB,,TRUE,PRESENT,2026-08-18,2026-08-18,Broad industry; review for shipbuilding/construction-equipment.
"Amtech Systems, Inc.",ASYS,United States,NASDAQ,USD,TRADINGVIEW_SCREENER,Producer Manufacturing,Industrial Machinery,MACHINERY,295186623.81172067,UNDEFINED,,USD,,TRUE,PRESENT,2026-08-18,2026-08-18,
"Linzhou Heavy Machinery Group Co., Ltd. Class A",002535,China,SZSE,CNY,TRADINGVIEW_SCREENER,Producer Manufacturing,Trucks/Construction/Farm Machinery,MACHINERY,294627499.87334996,UNDEFINED,,CNY,,TRUE,PRESENT,2026-08-18,2026-08-18,Broad industry; review for shipbuilding/construction-equipment.
"Asia Neo Tech Industrial Co., Ltd.",4542,Taiwan,TPEX,TWD,TRADINGVIEW_SCREENER,Producer Manufacturing,Industrial Machinery,MACHINERY,294166017.025786,UNDEFINED,,TWD,,TRUE,PRESENT,2026-08-18,2026-08-18,
"China Western Power Industrial Co., Ltd. Class A",002630,China,SZSE,CNY,TRADINGVIEW_SCREENER,Producer Manufacturing,Industrial Machinery,MACHINERY,293971047.21858996,UNDEFINED,,CNY,,TRUE,PRESENT,2026-08-18,2026-08-18,
"Gencor Industries, Inc.",GENC,United States,AMEX,USD,TRADINGVIEW_SCREENER,Producer Manufacturing,Trucks/Construction/Farm Machinery,MACHINERY,293154025.5555556,UNDEFINED,,USD,,TRUE,PRESENT,2026-08-18,2026-08-18,Broad industry; review for shipbuilding/construction-equipment.
Jiangsu Daybright Intelligent Electric Co. Ltd. Class A,300670,China,SZSE,CNY,TRADINGVIEW_SCREENER,Producer Manufacturing,Industrial Machinery,MACHINERY,292588490.97898,UNDEFINED,,CNY,,TRUE,PRESENT,2026-08-18,2026-08-18,
"Suzhou Invotech Scroll Technologies Co., Ltd. Class A",301272,China,SZSE,CNY,TRADINGVIEW_SCREENER,Producer Manufacturing,Industrial Machinery,MACHINERY,292240234.10568,UNDEFINED,,CNY,,TRUE,PRESENT,2026-08-18,2026-08-18,
TEIKOKU Corp.,6333,Japan,TSE,JPY,TRADINGVIEW_SCREENER,Producer Manufacturing,Industrial Machinery,MACHINERY,292093291.53045,UNDEFINED,,JPY,,TRUE,PRESENT,2026-08-18,2026-08-18,
"USUN Technology Co.,Ltd",3498,Taiwan,TPEX,TWD,TRADINGVIEW_SCREENER,Producer Manufacturing,Industrial Machinery,MACHINERY,291140972.8515,UNDEFINED,,TWD,,TRUE,PRESENT,2026-08-18,2026-08-18,
"Linhai Co., Ltd. Class A",600099,China,SSE,CNY,TRADINGVIEW_SCREENER,Producer Manufacturing,Trucks/Construction/Farm Machinery,MACHINERY,290943674.30135,UNDEFINED,,CNY,,TRUE,PRESENT,2026-08-18,2026-08-18,Broad industry; review for shipbuilding/construction-equipment.
"Xinjiang Guotong Pipeline Co., Ltd. Class A",002205,China,SZSE,CNY,TRADINGVIEW_SCREENER,Producer Manufacturing,Industrial Machinery,MACHINERY,289997334.44325,UNDEFINED,,CNY,,TRUE,PRESENT,2026-08-18,2026-08-18,
"TJK Intelligent Equipment Manufacturing (Tianjin) Co., Ltd Class A",300823,China,SZSE,CNY,TRADINGVIEW_SCREENER,Producer Manufacturing,Industrial Machinery,MACHINERY,286884676.99548995,UNDEFINED,,CNY,,TRUE,PRESENT,2026-08-18,2026-08-18,
TESMEC S P A,TSMCF,Italy,OTC,USD,TRADINGVIEW_SCREENER,Producer Manufacturing,Trucks/Construction/Farm Machinery,MACHINERY,283363269.59051186,UNDEFINED,,USD,,TRUE,PRESENT,2026-08-18,2026-08-18,Broad industry; review for shipbuilding/construction-equipment.
Voneseals Technology (Shanghai) Inc. Class A,301161,China,SZSE,CNY,TRADINGVIEW_SCREENER,Producer Manufacturing,Industrial Machinery,MACHINERY,282792560.41015,UNDEFINED,,CNY,,TRUE,PRESENT,2026-08-18,2026-08-18,
"Harbin Air Conditioning Co., Ltd. Class A",600202,China,SSE,CNY,TRADINGVIEW_SCREENER,Producer Manufacturing,Industrial Machinery,MACHINERY,281195916.59677,UNDEFINED,,CNY,,TRUE,PRESENT,2026-08-18,2026-08-18,
"Zhejiang Linuo Flow Control Technology Co., Ltd. Class A",300838,China,SZSE,CNY,TRADINGVIEW_SCREENER,Producer Manufacturing,Industrial Machinery,MACHINERY,281145691.00464,UNDEFINED,,CNY,,TRUE,PRESENT,2026-08-18,2026-08-18,
"MECARO Co., Ltd.",241770,South Korea,KRX,KRW,TRADINGVIEW_SCREENER,Producer Manufacturing,Industrial Machinery,MACHINERY,280893999.25524604,UNDEFINED,,KRW,,TRUE,PRESENT,2026-08-18,2026-08-18,
"New Universal Science Technology Co., Ltd. Class A",300472,China,SZSE,CNY,TRADINGVIEW_SCREENER,Producer Manufacturing,Industrial Machinery,MACHINERY,280724144.69218,UNDEFINED,,CNY,,TRUE,PRESENT,2026-08-18,2026-08-18,
"Zhejiang Weigang Technology Co., Ltd.",001256,China,SZSE,CNY,TRADINGVIEW_SCREENER,Producer Manufacturing,Industrial Machinery,MACHINERY,280503461.03331995,UNDEFINED,,CNY,,TRUE,PRESENT,2026-08-18,2026-08-18,
"Jouder Precision Industry (Kunshan) Co., Ltd. Class A",300549,China,SZSE,CNY,TRADINGVIEW_SCREENER,Producer Manufacturing,Industrial Machinery,MACHINERY,279994299.45802,UNDEFINED,,CNY,,TRUE,PRESENT,2026-08-18,2026-08-18,
"Meter Instruments Co., Ltd. Class A",301006,China,SZSE,CNY,TRADINGVIEW_SCREENER,Producer Manufacturing,Industrial Machinery,MACHINERY,279877093.61597997,UNDEFINED,,CNY,,TRUE,PRESENT,2026-08-18,2026-08-18,
Shandong Swan Cotton Industrial Machinery Stock Co. Ltd. Class A,603029,China,SSE,CNY,TRADINGVIEW_SCREENER,Producer Manufacturing,Industrial Machinery,MACHINERY,279614993.81592,UNDEFINED,,CNY,,TRUE,PRESENT,2026-08-18,2026-08-18,
"Hangzhou Chuhuan Science & Technology Co., Ltd. Class A",001336,China,SZSE,CNY,TRADINGVIEW_SCREENER,Producer Manufacturing,Industrial Machinery,MACHINERY,279057362.10723,UNDEFINED,,CNY,,TRUE,PRESENT,2026-08-18,2026-08-18,
Desiccant Technology Corporation,5292,Taiwan,TWSE,TWD,TRADINGVIEW_SCREENER,Producer Manufacturing,Industrial Machinery,MACHINERY,278850720.704259,UNDEFINED,,TWD,,TRUE,PRESENT,2026-08-18,2026-08-18,
"Yeal Electric Co., Ltd. Class A",300923,China,SZSE,CNY,TRADINGVIEW_SCREENER,Producer Manufacturing,Trucks/Construction/Farm Machinery,MACHINERY,277216054.97375995,UNDEFINED,,CNY,,TRUE,PRESENT,2026-08-18,2026-08-18,Broad industry; review for shipbuilding/construction-equipment.
"Hangzhou IECHO Science & Technology Co., Ltd. Class A",688092,China,SSE,CNY,TRADINGVIEW_SCREENER,Producer Manufacturing,Industrial Machinery,MACHINERY,276726145.05774,UNDEFINED,,CNY,,TRUE,PRESENT,2026-08-18,2026-08-18,
"Nittoku Co., Ltd.",6145,Japan,TSE,JPY,TRADINGVIEW_SCREENER,Producer Manufacturing,Industrial Machinery,MACHINERY,276624412.423775,UNDEFINED,,JPY,,TRUE,PRESENT,2026-08-18,2026-08-18,
"Suzuki Co., Ltd.",6785,Japan,TSE,JPY,TRADINGVIEW_SCREENER,Producer Manufacturing,Industrial Machinery,MACHINERY,276180721.832175,UNDEFINED,,JPY,,TRUE,PRESENT,2026-08-18,2026-08-18,
Cica-Huntek Chemical Technology Taiwan Co,6725,Taiwan,TPEX,TWD,TRADINGVIEW_SCREENER,Producer Manufacturing,Industrial Machinery,MACHINERY,275650669.41999996,UNDEFINED,,TWD,,TRUE,PRESENT,2026-08-18,2026-08-18,
"Anhui Shunyu Water Co., Ltd.",301519,China,SZSE,CNY,TRADINGVIEW_SCREENER,Producer Manufacturing,Industrial Machinery,MACHINERY,274088209.5329,UNDEFINED,,CNY,,TRUE,PRESENT,2026-08-18,2026-08-18,
"Langfang Development Co., Ltd. Class A",600149,China,SSE,CNY,TRADINGVIEW_SCREENER,Producer Manufacturing,Industrial Machinery,MACHINERY,273792534.76910996,UNDEFINED,,CNY,,TRUE,PRESENT,2026-08-18,2026-08-18,
Khgears International Ltd.,4571,Taiwan,TWSE,TWD,TRADINGVIEW_SCREENER,Producer Manufacturing,Industrial Machinery,MACHINERY,272869159.415176,UNDEFINED,,TWD,,TRUE,PRESENT,2026-08-18,2026-08-18,
Jiangxi Haiyuan Composites Technology Co. Ltd. Class A,002529,China,SZSE,CNY,TRADINGVIEW_SCREENER,Producer Manufacturing,Industrial Machinery,MACHINERY,272017561.77715,UNDEFINED,,CNY,,TRUE,PRESENT,2026-08-18,2026-08-18,
Talbros Automotive Components Limited,TALBROAUTO,India,NSE,INR,TRADINGVIEW_SCREENER,Producer Manufacturing,Industrial Machinery,MACHINERY,271676383.540938,UNDEFINED,,INR,,TRUE,PRESENT,2026-08-18,2026-08-18,
"Zhejiang Hengda New Material Co., Ltd. Class A",301469,China,SZSE,CNY,TRADINGVIEW_SCREENER,Producer Manufacturing,Industrial Machinery,MACHINERY,268506388.6694,UNDEFINED,,CNY,,TRUE,PRESENT,2026-08-18,2026-08-18,
"Tangshan Jidong Equipment Engineering Co., Ltd. Class A",000856,China,SZSE,CNY,TRADINGVIEW_SCREENER,Producer Manufacturing,Industrial Machinery,MACHINERY,268103875.13958997,UNDEFINED,,CNY,,TRUE,PRESENT,2026-08-18,2026-08-18,
Hy-Lok Corp.,013030,South Korea,KRX,KRW,TRADINGVIEW_SCREENER,Producer Manufacturing,Industrial Machinery,MACHINERY,268004191.22404203,UNDEFINED,,KRW,,TRUE,PRESENT,2026-08-18,2026-08-18,
"Suzhou Shijing Environmental Technology Co., Ltd. Class A",301030,China,SZSE,CNY,TRADINGVIEW_SCREENER,Producer Manufacturing,Industrial Machinery,MACHINERY,267221461.48369,UNDEFINED,,CNY,,TRUE,PRESENT,2026-08-18,2026-08-18,
"KOSES Co., Ltd.",089890,South Korea,KRX,KRW,TRADINGVIEW_SCREENER,Producer Manufacturing,Industrial Machinery,MACHINERY,266836182.60124803,UNDEFINED,,KRW,,TRUE,PRESENT,2026-08-18,2026-08-18,
Federal-Mogul Goetze (India) Limited,FMGOETZE,India,BSE,INR,TRADINGVIEW_SCREENER,Producer Manufacturing,Industrial Machinery,MACHINERY,266551971.279704,UNDEFINED,,INR,,TRUE,PRESENT,2026-08-18,2026-08-18,
"Shenzhen UTIMES Intelligent Equipment Co., Ltd. Class A",688638,China,SSE,CNY,TRADINGVIEW_SCREENER,Producer Manufacturing,Industrial Machinery,MACHINERY,263531251.29373,UNDEFINED,,CNY,,TRUE,PRESENT,2026-08-18,2026-08-18,
Penguin International Limited,BTM,Singapore,SGX,SGD,TRADINGVIEW_SCREENER,Producer Manufacturing,Trucks/Construction/Farm Machinery,MACHINERY,263273469.51749998,UNDEFINED,,SGD,,TRUE,PRESENT,2026-08-18,2026-08-18,Broad industry; review for shipbuilding/construction-equipment.
"KC CO., LTD.",029460,South Korea,KRX,KRW,TRADINGVIEW_SCREENER,Producer Manufacturing,Industrial Machinery,MACHINERY,261664822.24576202,UNDEFINED,,KRW,,TRUE,PRESENT,2026-08-18,2026-08-18,
L.K. Technology Holdings Limited,L5D,Hong Kong,TRADEGATE,EUR,TRADINGVIEW_SCREENER,Producer Manufacturing,Industrial Machinery,MACHINERY,258996978.58580005,UNDEFINED,,EUR,,TRUE,PRESENT,2026-08-18,2026-08-18,
"Rheon Automatic Machinery Co., Ltd.",6272,Japan,TSE,JPY,TRADINGVIEW_SCREENER,Producer Manufacturing,Industrial Machinery,MACHINERY,257852325.507875,UNDEFINED,,JPY,,TRUE,PRESENT,2026-08-18,2026-08-18,
CYMECHS INC.,160980,South Korea,KRX,KRW,TRADINGVIEW_SCREENER,Producer Manufacturing,Industrial Machinery,MACHINERY,257672303.860608,UNDEFINED,,KRW,,TRUE,PRESENT,2026-08-18,2026-08-18,
"Thinker Agricultural Machinery Co., Ltd. Class A",603789,China,SSE,CNY,TRADINGVIEW_SCREENER,Producer Manufacturing,Trucks/Construction/Farm Machinery,MACHINERY,255857015.34175998,UNDEFINED,,CNY,,TRUE,PRESENT,2026-08-18,2026-08-18,Broad industry; review for shipbuilding/construction-equipment.
"MK Electron Co., Ltd.",033160,South Korea,KRX,KRW,TRADINGVIEW_SCREENER,Producer Manufacturing,Industrial Machinery,MACHINERY,255455803.07676002,UNDEFINED,,KRW,,TRUE,PRESENT,2026-08-18,2026-08-18,
"Qinghai Huading Industrial Co., Ltd. Class A",600243,China,SSE,CNY,TRADINGVIEW_SCREENER,Producer Manufacturing,Industrial Machinery,MACHINERY,254279731.06997997,UNDEFINED,,CNY,,TRUE,PRESENT,2026-08-18,2026-08-18,
"Seibu Giken Co., Ltd.",6223,Japan,TSE,JPY,TRADINGVIEW_SCREENER,Producer Manufacturing,Industrial Machinery,MACHINERY,254187700,UNDEFINED,,JPY,,TRUE,PRESENT,2026-08-18,2026-08-18,
"Iseki & Co., Ltd.",6310,Japan,TSE,JPY,TRADINGVIEW_SCREENER,Producer Manufacturing,Trucks/Construction/Farm Machinery,MACHINERY,253241792.249475,UNDEFINED,,JPY,,TRUE,PRESENT,2026-08-18,2026-08-18,Broad industry; review for shipbuilding/construction-equipment.
"Shinwa Co., Ltd.",7607,Japan,TSE,JPY,TRADINGVIEW_SCREENER,Producer Manufacturing,Industrial Machinery,MACHINERY,252821300.6529,UNDEFINED,,JPY,,TRUE,PRESENT,2026-08-18,2026-08-18,
"Patec Precision Industry Co., Ltd.",2236,Taiwan,TWSE,TWD,TRADINGVIEW_SCREENER,Producer Manufacturing,Industrial Machinery,MACHINERY,251078502.54652297,UNDEFINED,,TWD,,TRUE,PRESENT,2026-08-18,2026-08-18,
NEPES ARK CORP.,330860,South Korea,KRX,KRW,TRADINGVIEW_SCREENER,Producer Manufacturing,Industrial Machinery,MACHINERY,250608744.65390402,UNDEFINED,,KRW,,TRUE,PRESENT,2026-08-18,2026-08-18,
Metalfrio Solutions S.A.,FRIO3F,Brazil,BMFBOVESPA,BRL,TRADINGVIEW_SCREENER,Producer Manufacturing,Industrial Machinery,MACHINERY,250425332.091,UNDEFINED,,BRL,,TRUE,PRESENT,2026-08-18,2026-08-18,
"Amax Holding Co., Ltd.",6933,Taiwan,TWSE,TWD,TRADINGVIEW_SCREENER,Producer Manufacturing,Industrial Machinery,MACHINERY,249558606.371794,UNDEFINED,,TWD,,TRUE,PRESENT,2026-08-18,2026-08-18,
Tianjin Meiteng Technology Co. Ltd. Class A,688420,China,SSE,CNY,TRADINGVIEW_SCREENER,Producer Manufacturing,Trucks/Construction/Farm Machinery,MACHINERY,249343506.61002997,UNDEFINED,,CNY,,TRUE,PRESENT,2026-08-18,2026-08-18,Broad industry; review for shipbuilding/construction-equipment.
Beijing UBOX Online Technology Corp. Class H,2429,China,HKEX,HKD,TRADINGVIEW_SCREENER,Producer Manufacturing,Industrial Machinery,MACHINERY,248839929.6292,UNDEFINED,,HKD,,TRUE,PRESENT,2026-08-18,2026-08-18,
"Okabe Co., Ltd.",5959,Japan,TSE,JPY,TRADINGVIEW_SCREENER,Producer Manufacturing,Trucks/Construction/Farm Machinery,MACHINERY,248487363.075575,UNDEFINED,,JPY,,TRUE,PRESENT,2026-08-18,2026-08-18,Broad industry; review for shipbuilding/construction-equipment.
OTEC Corporation,1736,Japan,TSE,JPY,TRADINGVIEW_SCREENER,Producer Manufacturing,Industrial Machinery,MACHINERY,246566793.792625,UNDEFINED,,JPY,,TRUE,PRESENT,2026-08-18,2026-08-18,
"Anhui Yuanchen Environmental Protection Science & Technology Co., Ltd. Class A",688659,China,SSE,CNY,TRADINGVIEW_SCREENER,Producer Manufacturing,Industrial Machinery,MACHINERY,245402649.03958997,UNDEFINED,,CNY,,TRUE,PRESENT,2026-08-18,2026-08-18,
"Eclat Forever Machinery Co., Ltd.",3485,Taiwan,TPEX,TWD,TRADINGVIEW_SCREENER,Producer Manufacturing,Industrial Machinery,MACHINERY,244723945.532358,UNDEFINED,,TWD,,TRUE,PRESENT,2026-08-18,2026-08-18,
Zhejiang Haiyan Power System Resources Environmental Technology Co. Ltd. Class A,688565,China,SSE,CNY,TRADINGVIEW_SCREENER,Producer Manufacturing,Industrial Machinery,MACHINERY,244517148.58598998,UNDEFINED,,CNY,,TRUE,PRESENT,2026-08-18,2026-08-18,
"Tongtai Machine & Tool Co., Ltd",4526,Taiwan,TWSE,TWD,TRADINGVIEW_SCREENER,Producer Manufacturing,Industrial Machinery,MACHINERY,244425656.0441,UNDEFINED,,TWD,,TRUE,PRESENT,2026-08-18,2026-08-18,
Toyo Kanetsu K.K,6369,Japan,TSE,JPY,TRADINGVIEW_SCREENER,Producer Manufacturing,Industrial Machinery,MACHINERY,244189322.99115002,UNDEFINED,,JPY,,TRUE,PRESENT,2026-08-18,2026-08-18,
"Nihon Trim Co., Ltd.",6788,Japan,TSE,JPY,TRADINGVIEW_SCREENER,Producer Manufacturing,Industrial Machinery,MACHINERY,243947031.1977,UNDEFINED,,JPY,,TRUE,PRESENT,2026-08-18,2026-08-18,
"Freightcar America, Inc.",RAIL,United States,NASDAQ,USD,TRADINGVIEW_SCREENER,Producer Manufacturing,Trucks/Construction/Farm Machinery,MACHINERY,243311323.34699455,UNDEFINED,,USD,,TRUE,PRESENT,2026-08-18,2026-08-18,Broad industry; review for shipbuilding/construction-equipment.
"Nikko Co., Ltd.",6306,Japan,TSE,JPY,TRADINGVIEW_SCREENER,Producer Manufacturing,Trucks/Construction/Farm Machinery,MACHINERY,243242456.2763,UNDEFINED,,JPY,,TRUE,PRESENT,2026-08-18,2026-08-18,Broad industry; review for shipbuilding/construction-equipment.
Highlight Tech Corp.,6208,Taiwan,TPEX,TWD,TRADINGVIEW_SCREENER,Producer Manufacturing,Industrial Machinery,MACHINERY,241618232.61049098,UNDEFINED,,TWD,,TRUE,PRESENT,2026-08-18,2026-08-18,
"Zhejiang Xinchai Co., Ltd. Class A",301032,China,SZSE,CNY,TRADINGVIEW_SCREENER,Producer Manufacturing,Trucks/Construction/Farm Machinery,MACHINERY,241591983.94184,UNDEFINED,,CNY,,TRUE,PRESENT,2026-08-18,2026-08-18,Broad industry; review for shipbuilding/construction-equipment.
Yamashin-Filter Corp.,6240,Japan,TSE,JPY,TRADINGVIEW_SCREENER,Producer Manufacturing,Industrial Machinery,MACHINERY,239619188.68475002,UNDEFINED,,JPY,,TRUE,PRESENT,2026-08-18,2026-08-18,
Absolent Air Care Group AB,ABSO,Sweden,OMXSTO,SEK,TRADINGVIEW_SCREENER,Producer Manufacturing,Industrial Machinery,MACHINERY,239202990.162,UNDEFINED,,SEK,,TRUE,PRESENT,2026-08-18,2026-08-18,
HLE Glascoat Ltd,HLEGLAS,India,BSE,INR,TRADINGVIEW_SCREENER,Producer Manufacturing,Industrial Machinery,MACHINERY,238427955.648368,UNDEFINED,,INR,,TRUE,PRESENT,2026-08-18,2026-08-18,
StarragTornos Group AG,0QQA,Switzerland,LSE,CHF,TRADINGVIEW_SCREENER,Producer Manufacturing,Industrial Machinery,MACHINERY,237213837.01400003,UNDEFINED,,CHF,,TRUE,PRESENT,2026-08-18,2026-08-18,
Chengdu Qinchuan Iot Technology Co. Ltd. Class A,688528,China,SSE,CNY,TRADINGVIEW_SCREENER,Producer Manufacturing,Industrial Machinery,MACHINERY,236760204.83121997,UNDEFINED,,CNY,,TRUE,PRESENT,2026-08-18,2026-08-18,
T-ROBOTICS Co. Ltd.,117730,South Korea,KRX,KRW,TRADINGVIEW_SCREENER,Producer Manufacturing,Industrial Machinery,MACHINERY,236586043.05008402,UNDEFINED,,KRW,,TRUE,PRESENT,2026-08-18,2026-08-18,
technotrans SE,TTR1,Germany,VIE,EUR,TRADINGVIEW_SCREENER,Producer Manufacturing,Industrial Machinery,MACHINERY,236066518.2195,UNDEFINED,,EUR,,TRUE,PRESENT,2026-08-18,2026-08-18,
"Suzhou Iron Technology Co., Ltd. Class A",688329,China,SSE,CNY,TRADINGVIEW_SCREENER,Producer Manufacturing,Industrial Machinery,MACHINERY,232580638.36308,UNDEFINED,,CNY,,TRUE,PRESENT,2026-08-18,2026-08-18,
Core Molding Technologies Inc,CMT,United States,AMEX,USD,TRADINGVIEW_SCREENER,Producer Manufacturing,Industrial Machinery,MACHINERY,232552617.11260372,UNDEFINED,,USD,,TRUE,PRESENT,2026-08-18,2026-08-18,
Beijing Jingpin Tezhuang Technology Co. Ltd. Class A,688084,China,SSE,CNY,TRADINGVIEW_SCREENER,Producer Manufacturing,Industrial Machinery,MACHINERY,232129653.95893,UNDEFINED,,CNY,,TRUE,PRESENT,2026-08-18,2026-08-18,
Hat-San Gemi Insaa Bakim Onarim Deniz Nakliyat Sanayi ve Ticaret A.S.,HATSN,Turkey,BIST,TRY,TRADINGVIEW_SCREENER,Producer Manufacturing,Trucks/Construction/Farm Machinery,MACHINERY,229422940.78719002,UNDEFINED,,TRY,,TRUE,PRESENT,2026-08-18,2026-08-18,Broad industry; review for shipbuilding/construction-equipment.
TIL Ltd.,TIL,India,NSE,INR,TRADINGVIEW_SCREENER,Producer Manufacturing,Trucks/Construction/Farm Machinery,MACHINERY,229215981.87021002,UNDEFINED,,INR,,TRUE,PRESENT,2026-08-18,2026-08-18,Broad industry; review for shipbuilding/construction-equipment.
Manas Enerji Yonetimi Sanayi ve Ticaret A.S.,MANAS,Turkey,BIST,TRY,TRADINGVIEW_SCREENER,Producer Manufacturing,Industrial Machinery,MACHINERY,228462806.88477,UNDEFINED,,TRY,,TRUE,PRESENT,2026-08-18,2026-08-18,
NX Filtration N.V.,NXFIL,Netherlands,EURONEXT,EUR,TRADINGVIEW_SCREENER,Producer Manufacturing,Industrial Machinery,MACHINERY,228274413.273,UNDEFINED,,EUR,,TRUE,PRESENT,2026-08-18,2026-08-18,
Bell Equipment Limited,BEL,South Africa,JSE,ZAC,TRADINGVIEW_SCREENER,Producer Manufacturing,Trucks/Construction/Farm Machinery,MACHINERY,226880316.2398,UNDEFINED,,ZAC,,TRUE,PRESENT,2026-08-18,2026-08-18,Broad industry; review for shipbuilding/construction-equipment.
"Vitzro Nextech Co., Ltd.",488900,South Korea,KRX,KRW,TRADINGVIEW_SCREENER,Producer Manufacturing,Industrial Machinery,MACHINERY,226400492.75688002,UNDEFINED,,KRW,,TRUE,PRESENT,2026-08-18,2026-08-18,
"Zhejiang Yaguang Technology Co., Ltd. Class A",603282,China,SSE,CNY,TRADINGVIEW_SCREENER,Producer Manufacturing,Industrial Machinery,MACHINERY,225897482.75667998,UNDEFINED,,CNY,,TRUE,PRESENT,2026-08-18,2026-08-18,
"Tian Zheng International Precision Machinery Co., Ltd.",6654,Taiwan,TPEX,TWD,TRADINGVIEW_SCREENER,Producer Manufacturing,Industrial Machinery,MACHINERY,224884016.315834,UNDEFINED,,TWD,,TRUE,PRESENT,2026-08-18,2026-08-18,
"Hansol IONES Co., Ltd.",114810,South Korea,KRX,KRW,TRADINGVIEW_SCREENER,Producer Manufacturing,Industrial Machinery,MACHINERY,224854861.34358,UNDEFINED,,KRW,,TRUE,PRESENT,2026-08-18,2026-08-18,
"Hantech, Ltd.",098070,South Korea,KRX,KRW,TRADINGVIEW_SCREENER,Producer Manufacturing,Industrial Machinery,MACHINERY,223281361.645758,UNDEFINED,,KRW,,TRUE,PRESENT,2026-08-18,2026-08-18,
"Hanla IMS Co., Ltd.",092460,South Korea,KRX,KRW,TRADINGVIEW_SCREENER,Producer Manufacturing,Trucks/Construction/Farm Machinery,MACHINERY,222203416.44290403,UNDEFINED,,KRW,,TRUE,PRESENT,2026-08-18,2026-08-18,Broad industry; review for shipbuilding/construction-equipment.
"Suzhou Harmontronics Automation Technology Co., Ltd. Class A",688022,China,SSE,CNY,TRADINGVIEW_SCREENER,Producer Manufacturing,Industrial Machinery,MACHINERY,218932627.29625,UNDEFINED,,CNY,,TRUE,PRESENT,2026-08-18,2026-08-18,
Epack Durable Limited,EPACK,India,NSE,INR,TRADINGVIEW_SCREENER,Producer Manufacturing,Industrial Machinery,MACHINERY,217252217.183036,UNDEFINED,,INR,,TRUE,PRESENT,2026-08-18,2026-08-18,
"Perma-Pipe International Holdings, Inc.",PPIH,United States,NASDAQ,USD,TRADINGVIEW_SCREENER,Producer Manufacturing,Industrial Machinery,MACHINERY,216225230.21252796,UNDEFINED,,USD,,TRUE,PRESENT,2026-08-18,2026-08-18,
SHINSUNG E&G Co.LTD.,011930,South Korea,KRX,KRW,TRADINGVIEW_SCREENER,Producer Manufacturing,Industrial Machinery,MACHINERY,213706943.93552402,UNDEFINED,,KRW,,TRUE,PRESENT,2026-08-18,2026-08-18,
Taiwan Kong King Co. Ltd.,3093,Taiwan,TPEX,TWD,TRADINGVIEW_SCREENER,Producer Manufacturing,Industrial Machinery,MACHINERY,212808384.29863498,UNDEFINED,,TWD,,TRUE,PRESENT,2026-08-18,2026-08-18,
PT Multikarya Asia Pasifik Raya Tbk,MKAP,Indonesia,IDX,IDR,TRADINGVIEW_SCREENER,Producer Manufacturing,Industrial Machinery,MACHINERY,212030000,UNDEFINED,,IDR,,TRUE,PRESENT,2026-08-18,2026-08-18,
"ASFLOW CO.,LTD",159010,South Korea,KRX,KRW,TRADINGVIEW_SCREENER,Producer Manufacturing,Industrial Machinery,MACHINERY,211405626.36882,UNDEFINED,,KRW,,TRUE,PRESENT,2026-08-18,2026-08-18,
Kilburn Engineering Ltd,KLBRENG_B,India,BSE,INR,TRADINGVIEW_SCREENER,Producer Manufacturing,Industrial Machinery,MACHINERY,209984096.56832802,UNDEFINED,,INR,,TRUE,PRESENT,2026-08-18,2026-08-18,
Northeast Group Bhd,NE,Malaysia,MYX,MYR,TRADINGVIEW_SCREENER,Producer Manufacturing,Industrial Machinery,MACHINERY,209707113.89249998,UNDEFINED,,MYR,,TRUE,PRESENT,2026-08-18,2026-08-18,
"Okamoto Machine Tool Works,Ltd.",6125,Japan,TSE,JPY,TRADINGVIEW_SCREENER,Producer Manufacturing,Industrial Machinery,MACHINERY,209046779.04340002,UNDEFINED,,JPY,,TRUE,PRESENT,2026-08-18,2026-08-18,
"Gudeng Equipment Co., Ltd.",6953,Taiwan,TPEX,TWD,TRADINGVIEW_SCREENER,Producer Manufacturing,Industrial Machinery,MACHINERY,207846482.7516,UNDEFINED,,TWD,,TRUE,PRESENT,2026-08-18,2026-08-18,
"Koike Sanso Kogyo Co., Ltd.",6137,Japan,TSE,JPY,TRADINGVIEW_SCREENER,Producer Manufacturing,Industrial Machinery,MACHINERY,206537234.313475,UNDEFINED,,JPY,,TRUE,PRESENT,2026-08-18,2026-08-18,
Avantium N.V.,0RNP,Netherlands,LSE,EUR,TRADINGVIEW_SCREENER,Producer Manufacturing,Industrial Machinery,MACHINERY,206101604.37600002,UNDEFINED,,EUR,,TRUE,PRESENT,2026-08-18,2026-08-18,
"Nitto Kohki Co., Ltd.",6151,Japan,TSE,JPY,TRADINGVIEW_SCREENER,Producer Manufacturing,Industrial Machinery,MACHINERY,206093884.8246,UNDEFINED,,JPY,,TRUE,PRESENT,2026-08-18,2026-08-18,
Metal Powder Works Limited,MPW,Australia,ASX,AUD,TRADINGVIEW_SCREENER,Producer Manufacturing,Industrial Machinery,MACHINERY,204119763.1835,UNDEFINED,,AUD,,TRUE,PRESENT,2026-08-18,2026-08-18,
Jain Irrigation Systems Limited,JISLDVREQS,India,BSE,INR,TRADINGVIEW_SCREENER,Producer Manufacturing,Trucks/Construction/Farm Machinery,MACHINERY,202975998.512944,UNDEFINED,,INR,,TRUE,PRESENT,2026-08-18,2026-08-18,Broad industry; review for shipbuilding/construction-equipment.
"Chugai Ro Co., Ltd.",1964,Japan,TSE,JPY,TRADINGVIEW_SCREENER,Producer Manufacturing,Industrial Machinery,MACHINERY,202308938.0554,UNDEFINED,,JPY,,TRUE,PRESENT,2026-08-18,2026-08-18,
Steyr Motors AG,4X0,Austria,VIE,EUR,TRADINGVIEW_SCREENER,Producer Manufacturing,Trucks/Construction/Farm Machinery,MACHINERY,200776153.17600003,UNDEFINED,,EUR,,TRUE,PRESENT,2026-08-18,2026-08-18,Broad industry; review for shipbuilding/construction-equipment.
Shima Seiki Mfg. Ltd.,6222,Japan,TSE,JPY,TRADINGVIEW_SCREENER,Producer Manufacturing,Industrial Machinery,MACHINERY,199580029.40312502,UNDEFINED,,JPY,,TRUE,PRESENT,2026-08-18,2026-08-18,
"Hoden Seimitsu Kako Kenkyusho Co., Ltd.",6469,Japan,TSE,JPY,TRADINGVIEW_SCREENER,Producer Manufacturing,Industrial Machinery,MACHINERY,199438178.7674,UNDEFINED,,JPY,,TRUE,PRESENT,2026-08-18,2026-08-18,
"Shandong Longertek Technology Co., Ltd. Class A",300594,China,SZSE,CNY,TRADINGVIEW_SCREENER,Producer Manufacturing,Trucks/Construction/Farm Machinery,MACHINERY,198736602.93809,UNDEFINED,,CNY,,TRUE,PRESENT,2026-08-18,2026-08-18,Broad industry; review for shipbuilding/construction-equipment.
"Jinsung T.E.C. Co., Ltd.",036890,South Korea,KRX,KRW,TRADINGVIEW_SCREENER,Producer Manufacturing,Industrial Machinery,MACHINERY,198718242.019362,UNDEFINED,,KRW,,TRUE,PRESENT,2026-08-18,2026-08-18,
Mirae Corp,025560,South Korea,KRX,KRW,TRADINGVIEW_SCREENER,Producer Manufacturing,Industrial Machinery,MACHINERY,198400129.791318,UNDEFINED,,KRW,,TRUE,PRESENT,2026-08-18,2026-08-18,
Coastal Contracts Bhd.,COASTAL,Malaysia,MYX,MYR,TRADINGVIEW_SCREENER,Producer Manufacturing,Trucks/Construction/Farm Machinery,MACHINERY,196172360.8299,UNDEFINED,,MYR,,TRUE,PRESENT,2026-08-18,2026-08-18,Broad industry; review for shipbuilding/construction-equipment.
TYM CORPORATION,002900,South Korea,KRX,KRW,TRADINGVIEW_SCREENER,Producer Manufacturing,Trucks/Construction/Farm Machinery,MACHINERY,195568729.479162,UNDEFINED,,KRW,,TRUE,PRESENT,2026-08-18,2026-08-18,Broad industry; review for shipbuilding/construction-equipment.
"Hefei Jingsong Intelligent Technology Co., Ltd. Class A",688251,China,SSE,CNY,TRADINGVIEW_SCREENER,Producer Manufacturing,Trucks/Construction/Farm Machinery,MACHINERY,194985881.28809997,UNDEFINED,,CNY,,TRUE,PRESENT,2026-08-18,2026-08-18,Broad industry; review for shipbuilding/construction-equipment.
"Seiko Electric Co., Ltd.",6653,Japan,TSE,JPY,TRADINGVIEW_SCREENER,Producer Manufacturing,Industrial Machinery,MACHINERY,191814350.81962502,UNDEFINED,,JPY,,TRUE,PRESENT,2026-08-18,2026-08-18,
Ag Growth International Inc.,AFN,Canada,TSX,CAD,TRADINGVIEW_SCREENER,Producer Manufacturing,Industrial Machinery,MACHINERY,190802615.89830002,UNDEFINED,,CAD,,TRUE,PRESENT,2026-08-18,2026-08-18,
"Lemtech Holdings Co., Limited",4912,Taiwan,TWSE,TWD,TRADINGVIEW_SCREENER,Producer Manufacturing,Industrial Machinery,MACHINERY,190791064.64962298,UNDEFINED,,TWD,,TRUE,PRESENT,2026-08-18,2026-08-18,
RIX Corporation,7525,Japan,TSE,JPY,TRADINGVIEW_SCREENER,Producer Manufacturing,Industrial Machinery,MACHINERY,190725268.044425,UNDEFINED,,JPY,,TRUE,PRESENT,2026-08-18,2026-08-18,
"Bin Chuan Enterprise Co., Ltd.",1569,Taiwan,TPEX,TWD,TRADINGVIEW_SCREENER,Producer Manufacturing,Industrial Machinery,MACHINERY,190554253.819381,UNDEFINED,,TWD,,TRUE,PRESENT,2026-08-18,2026-08-18,
Haina Intelligent Equipment International Holdings Limited,1645,China,HKEX,HKD,TRADINGVIEW_SCREENER,Producer Manufacturing,Industrial Machinery,MACHINERY,190403948.69860002,UNDEFINED,,HKD,,TRUE,PRESENT,2026-08-18,2026-08-18,
Kabra ExtrusionTechnik Ltd.,KABRAEXTRU,India,BSE,INR,TRADINGVIEW_SCREENER,Producer Manufacturing,Industrial Machinery,MACHINERY,189801193.119186,UNDEFINED,,INR,,TRUE,PRESENT,2026-08-18,2026-08-18,
"TXR Robotics Co., Ltd.",484810,South Korea,KRX,KRW,TRADINGVIEW_SCREENER,Producer Manufacturing,Industrial Machinery,MACHINERY,189706029.48437405,UNDEFINED,,KRW,,TRUE,PRESENT,2026-08-18,2026-08-18,
"Beijing Sys Science & Technology Co., Ltd. Class A",301372,China,SZSE,CNY,TRADINGVIEW_SCREENER,Producer Manufacturing,Industrial Machinery,MACHINERY,189565558.18297997,UNDEFINED,,CNY,,TRUE,PRESENT,2026-08-18,2026-08-18,
"Beijing Chieftain Control Technology Group Co., Ltd. Class A",300430,China,SZSE,CNY,TRADINGVIEW_SCREENER,Producer Manufacturing,Industrial Machinery,MACHINERY,188847837.55824,UNDEFINED,,CNY,,TRUE,PRESENT,2026-08-18,2026-08-18,
Aumann AG,AAGG,Germany,VIE,EUR,TRADINGVIEW_SCREENER,Producer Manufacturing,Industrial Machinery,MACHINERY,188574038.48250002,UNDEFINED,,EUR,,TRUE,PRESENT,2026-08-18,2026-08-18,
"Qingyan Environmental Technology Co., Ltd. Class A",301288,China,SZSE,CNY,TRADINGVIEW_SCREENER,Producer Manufacturing,Industrial Machinery,MACHINERY,188501095.77949998,UNDEFINED,,CNY,,TRUE,PRESENT,2026-08-18,2026-08-18,
XRF Scientific Limited,XRF,Australia,ASX,AUD,TRADINGVIEW_SCREENER,Producer Manufacturing,Industrial Machinery,MACHINERY,188393233.93599996,UNDEFINED,,AUD,,TRUE,PRESENT,2026-08-18,2026-08-18,
Titomic Ltd,TTT,Australia,ASX,AUD,TRADINGVIEW_SCREENER,Producer Manufacturing,Industrial Machinery,MACHINERY,187818232.66059998,UNDEFINED,,AUD,,TRUE,PRESENT,2026-08-18,2026-08-18,
Karsan Otomotiv Sanayii ve Ticaret A.S.,KARSN,Turkey,BIST,TRY,TRADINGVIEW_SCREENER,Producer Manufacturing,Trucks/Construction/Farm Machinery,MACHINERY,186807332.11047,UNDEFINED,,TRY,,TRUE,PRESENT,2026-08-18,2026-08-18,Broad industry; review for shipbuilding/construction-equipment.
Cape Industries Ltd.,064820,South Korea,KRX,KRW,TRADINGVIEW_SCREENER,Producer Manufacturing,Trucks/Construction/Farm Machinery,MACHINERY,186491354.97072598,UNDEFINED,,KRW,,TRUE,PRESENT,2026-08-18,2026-08-18,Broad industry; review for shipbuilding/construction-equipment.
Chyi Ding Technologies Co. Ltd.,6849,Taiwan,TPEX,TWD,TRADINGVIEW_SCREENER,Producer Manufacturing,Industrial Machinery,MACHINERY,185019223.039089,UNDEFINED,,TWD,,TRUE,PRESENT,2026-08-18,2026-08-18,
"KH Vatec Co., Ltd",060720,South Korea,KRX,KRW,TRADINGVIEW_SCREENER,Producer Manufacturing,Industrial Machinery,MACHINERY,184715188.095438,UNDEFINED,,KRW,,TRUE,PRESENT,2026-08-18,2026-08-18,
Macpower CNC Machines Limited,MACPOWER,India,NSE,INR,TRADINGVIEW_SCREENER,Producer Manufacturing,Industrial Machinery,MACHINERY,183298635.10644,UNDEFINED,,INR,,TRUE,PRESENT,2026-08-18,2026-08-18,
Tumosan Motor Ve Traktor Sanayi AS,TMSN,Turkey,BIST,TRY,TRADINGVIEW_SCREENER,Producer Manufacturing,Trucks/Construction/Farm Machinery,MACHINERY,182734949.69199002,UNDEFINED,,TRY,,TRUE,PRESENT,2026-08-18,2026-08-18,Broad industry; review for shipbuilding/construction-equipment.
"SynPower Co., Ltd.",6658,Taiwan,TWSE,TWD,TRADINGVIEW_SCREENER,Producer Manufacturing,Industrial Machinery,MACHINERY,182652789.644804,UNDEFINED,,TWD,,TRUE,PRESENT,2026-08-18,2026-08-18,
JEP Holdings Ltd.,1J4,Singapore,SGX,SGD,TRADINGVIEW_SCREENER,Producer Manufacturing,Industrial Machinery,MACHINERY,182505063.1703,UNDEFINED,,SGD,,TRUE,PRESENT,2026-08-18,2026-08-18,
"Union Semiconductor Equipment Co., Ltd.",036200,South Korea,KRX,KRW,TRADINGVIEW_SCREENER,Producer Manufacturing,Industrial Machinery,MACHINERY,180894610.99148402,UNDEFINED,,KRW,,TRUE,PRESENT,2026-08-18,2026-08-18,
SAR Auto Products Ltd,SAPL,India,BSE,INR,TRADINGVIEW_SCREENER,Producer Manufacturing,Industrial Machinery,MACHINERY,180552034.98613602,UNDEFINED,,INR,,TRUE,PRESENT,2026-08-18,2026-08-18,
"Nitto Seiko Co., Ltd.",5957,Japan,TSE,JPY,TRADINGVIEW_SCREENER,Producer Manufacturing,Industrial Machinery,MACHINERY,180307846.26575,UNDEFINED,,JPY,,TRUE,PRESENT,2026-08-18,2026-08-18,
Corona Corporation,5909,Japan,TSE,JPY,TRADINGVIEW_SCREENER,Producer Manufacturing,Industrial Machinery,MACHINERY,179502121.51322502,UNDEFINED,,JPY,,TRUE,PRESENT,2026-08-18,2026-08-18,
"KANGWON ENERGY Co., Ltd.",114190,South Korea,KRX,KRW,TRADINGVIEW_SCREENER,Producer Manufacturing,Industrial Machinery,MACHINERY,179165896.50609002,UNDEFINED,,KRW,,TRUE,PRESENT,2026-08-18,2026-08-18,
DISA India Limited,DISAQ,India,NSE,INR,TRADINGVIEW_SCREENER,Producer Manufacturing,Industrial Machinery,MACHINERY,178663645.182424,UNDEFINED,,INR,,TRUE,PRESENT,2026-08-18,2026-08-18,
CMES Robotics Inc.,475400,South Korea,KRX,KRW,TRADINGVIEW_SCREENER,Producer Manufacturing,Industrial Machinery,MACHINERY,178615863.268128,UNDEFINED,,KRW,,TRUE,PRESENT,2026-08-18,2026-08-18,
"Taylor Devices, Inc.",TAYD,United States,NASDAQ,USD,TRADINGVIEW_SCREENER,Producer Manufacturing,Industrial Machinery,MACHINERY,178161764.31710622,UNDEFINED,,USD,,TRUE,PRESENT,2026-08-18,2026-08-18,
Futaba Corp.,6986,Japan,TSE,JPY,TRADINGVIEW_SCREENER,Producer Manufacturing,Industrial Machinery,MACHINERY,177268965.67175,UNDEFINED,,JPY,,TRUE,PRESENT,2026-08-18,2026-08-18,
"Hirano Tecseed Co., Ltd.",6245,Japan,TSE,JPY,TRADINGVIEW_SCREENER,Producer Manufacturing,Industrial Machinery,MACHINERY,176656884.79627502,UNDEFINED,,JPY,,TRUE,PRESENT,2026-08-18,2026-08-18,
"Kitagawa Seiki Co., Ltd.",6327,Japan,TSE,JPY,TRADINGVIEW_SCREENER,Producer Manufacturing,Industrial Machinery,MACHINERY,176452156.5145,UNDEFINED,,JPY,,TRUE,PRESENT,2026-08-18,2026-08-18,
MAX Automation SE,MXHN,Germany,VIE,EUR,TRADINGVIEW_SCREENER,Producer Manufacturing,Industrial Machinery,MACHINERY,175527675.3195,UNDEFINED,,EUR,,TRUE,PRESENT,2026-08-18,2026-08-18,
"Sukegawa Electric Co., Ltd.",7711,Japan,TSE,JPY,TRADINGVIEW_SCREENER,Producer Manufacturing,Industrial Machinery,MACHINERY,172764364.7922,UNDEFINED,,JPY,,TRUE,PRESENT,2026-08-18,2026-08-18,
Consolidated Grunenfelder Saady Holding Co.,4147,Saudi Arabia,TADAWUL,SAR,TRADINGVIEW_SCREENER,Producer Manufacturing,Industrial Machinery,MACHINERY,172050240,UNDEFINED,,SAR,,TRUE,PRESENT,2026-08-18,2026-08-18,
Mincon Group Plc,MCON,Ireland,LSE,GBX,TRADINGVIEW_SCREENER,Producer Manufacturing,Trucks/Construction/Farm Machinery,MACHINERY,172007038.35900003,UNDEFINED,,GBX,,TRUE,PRESENT,2026-08-18,2026-08-18,Broad industry; review for shipbuilding/construction-equipment.
Koenig & Bauer AG,SKB,Germany,VIE,EUR,TRADINGVIEW_SCREENER,Producer Manufacturing,Industrial Machinery,MACHINERY,171998215.4205,UNDEFINED,,EUR,,TRUE,PRESENT,2026-08-18,2026-08-18,
Precia SA,ALPM,France,EURONEXT,EUR,TRADINGVIEW_SCREENER,Producer Manufacturing,Industrial Machinery,MACHINERY,170068369.65300003,UNDEFINED,,EUR,,TRUE,PRESENT,2026-08-18,2026-08-18,
Hextar Industries Bhd,HEXIND,Malaysia,MYX,MYR,TRADINGVIEW_SCREENER,Producer Manufacturing,Industrial Machinery,MACHINERY,169659456.09829998,UNDEFINED,,MYR,,TRUE,PRESENT,2026-08-18,2026-08-18,
Gevelot SA,ALGEV,France,EURONEXT,EUR,TRADINGVIEW_SCREENER,Producer Manufacturing,Industrial Machinery,MACHINERY,169605849.4515,UNDEFINED,,EUR,,TRUE,PRESENT,2026-08-18,2026-08-18,
TOYOKOH Inc.,341A,Japan,TSE,JPY,TRADINGVIEW_SCREENER,Producer Manufacturing,Industrial Machinery,MACHINERY,169238954.3322,UNDEFINED,,JPY,,TRUE,PRESENT,2026-08-18,2026-08-18,
Mv Electrosystems Limited,MVELECTRO,India,BSE,INR,TRADINGVIEW_SCREENER,Producer Manufacturing,Trucks/Construction/Farm Machinery,MACHINERY,168655139.46763602,UNDEFINED,,INR,,TRUE,PRESENT,2026-08-18,2026-08-18,Broad industry; review for shipbuilding/construction-equipment.
IFGL Refractories Ltd.,IFGLEXPOR,India,BSE,INR,TRADINGVIEW_SCREENER,Producer Manufacturing,Industrial Machinery,MACHINERY,168127709.068744,UNDEFINED,,INR,,TRUE,PRESENT,2026-08-18,2026-08-18,
Biesse S.p.A.,0DUK,Italy,LSIN,EUR,TRADINGVIEW_SCREENER,Producer Manufacturing,Industrial Machinery,MACHINERY,167645915.02350003,UNDEFINED,,EUR,,TRUE,PRESENT,2026-08-18,2026-08-18,
Goodway Machine Corp.,1583,Taiwan,TWSE,TWD,TRADINGVIEW_SCREENER,Producer Manufacturing,Industrial Machinery,MACHINERY,167555016.92895198,UNDEFINED,,TWD,,TRUE,PRESENT,2026-08-18,2026-08-18,
WENDT India Limited,WENDT,India,NSE,INR,TRADINGVIEW_SCREENER,Producer Manufacturing,Industrial Machinery,MACHINERY,166343874.304666,UNDEFINED,,INR,,TRUE,PRESENT,2026-08-18,2026-08-18,
"HanSun Engineering Co., Ltd.",452280,South Korea,KRX,KRW,TRADINGVIEW_SCREENER,Producer Manufacturing,Industrial Machinery,MACHINERY,165520331.45739,UNDEFINED,,KRW,,TRUE,PRESENT,2026-08-18,2026-08-18,
Sinmag Equipment Corporation,1580,Taiwan,TPEX,TWD,TRADINGVIEW_SCREENER,Producer Manufacturing,Industrial Machinery,MACHINERY,165446686.61313,UNDEFINED,,TWD,,TRUE,PRESENT,2026-08-18,2026-08-18,
"Jiangsu Guofu Hydrogen Energy Equipment Co., Ltd. Class H",C7Z,China,GETTEX,EUR,TRADINGVIEW_SCREENER,Producer Manufacturing,Industrial Machinery,MACHINERY,165414160.83920005,UNDEFINED,,EUR,,TRUE,PRESENT,2026-08-18,2026-08-18,
Airtificial Intelligence Structures SA,0EVB,Spain,LSE,EUR,TRADINGVIEW_SCREENER,Producer Manufacturing,Industrial Machinery,MACHINERY,165358441.2915,UNDEFINED,,EUR,,TRUE,PRESENT,2026-08-18,2026-08-18,
"Meiji Electric Industries Co., Ltd.",3388,Japan,TSE,JPY,TRADINGVIEW_SCREENER,Producer Manufacturing,Industrial Machinery,MACHINERY,164440792.995325,UNDEFINED,,JPY,,TRUE,PRESENT,2026-08-18,2026-08-18,
"S&SYS Co., Ltd.",0008Z0,South Korea,KRX,KRW,TRADINGVIEW_SCREENER,Producer Manufacturing,Industrial Machinery,MACHINERY,163624365.546408,UNDEFINED,,KRW,,TRUE,PRESENT,2026-08-18,2026-08-18,
"Okano Valve Mfg. Co., Ltd.",6492,Japan,TSE,JPY,TRADINGVIEW_SCREENER,Producer Manufacturing,Industrial Machinery,MACHINERY,162765874.626275,UNDEFINED,,JPY,,TRUE,PRESENT,2026-08-18,2026-08-18,
"Oriental Precision & Engineering Co., Ltd",014940,South Korea,KRX,KRW,TRADINGVIEW_SCREENER,Producer Manufacturing,Trucks/Construction/Farm Machinery,MACHINERY,161789442.603516,UNDEFINED,,KRW,,TRUE,PRESENT,2026-08-18,2026-08-18,Broad industry; review for shipbuilding/construction-equipment.
Zhejiang Zone-King Environmental Sci & Tech Co. Ltd. Class A,688701,China,SSE,CNY,TRADINGVIEW_SCREENER,Producer Manufacturing,Industrial Machinery,MACHINERY,161178376.77277,UNDEFINED,,CNY,,TRUE,PRESENT,2026-08-18,2026-08-18,
"Somero Enterprises, Inc.",SOM,United States,LSE,GBX,TRADINGVIEW_SCREENER,Producer Manufacturing,Trucks/Construction/Farm Machinery,MACHINERY,161121781.755,UNDEFINED,,GBX,,TRUE,PRESENT,2026-08-18,2026-08-18,Broad industry; review for shipbuilding/construction-equipment.
Duratek Inc,8098,Taiwan,TPEX,TWD,TRADINGVIEW_SCREENER,Producer Manufacturing,Industrial Machinery,MACHINERY,161009478.994286,UNDEFINED,,TWD,,TRUE,PRESENT,2026-08-18,2026-08-18,
"Kimura Chemical Plants Co., Ltd.",6378,Japan,TSE,JPY,TRADINGVIEW_SCREENER,Producer Manufacturing,Industrial Machinery,MACHINERY,160991335.4679,UNDEFINED,,JPY,,TRUE,PRESENT,2026-08-18,2026-08-18,
"Chialin Precision Industrial Co., Ltd.",3310,Taiwan,TPEX,TWD,TRADINGVIEW_SCREENER,Producer Manufacturing,Industrial Machinery,MACHINERY,160845138.268277,UNDEFINED,,TWD,,TRUE,PRESENT,2026-08-18,2026-08-18,
"Naurobotics Co., Ltd.",459510,South Korea,KRX,KRW,TRADINGVIEW_SCREENER,Producer Manufacturing,Industrial Machinery,MACHINERY,160350506.65249202,UNDEFINED,,KRW,,TRUE,PRESENT,2026-08-18,2026-08-18,
Walchandnagar Industries Limited,WALCHANNAG,India,NSE,INR,TRADINGVIEW_SCREENER,Producer Manufacturing,Industrial Machinery,MACHINERY,159702355.45058802,UNDEFINED,,INR,,TRUE,PRESENT,2026-08-18,2026-08-18,
"Shieh Yih Machinery Industry Co., Ltd.",4533,Taiwan,TPEX,TWD,TRADINGVIEW_SCREENER,Producer Manufacturing,Industrial Machinery,MACHINERY,158071423.612504,UNDEFINED,,TWD,,TRUE,PRESENT,2026-08-18,2026-08-18,
"Kao Fong Machinery Co., Ltd.",4510,Taiwan,TPEX,TWD,TRADINGVIEW_SCREENER,Producer Manufacturing,Industrial Machinery,MACHINERY,157899453.608976,UNDEFINED,,TWD,,TRUE,PRESENT,2026-08-18,2026-08-18,
Zuiko Corporation,44N,Japan,FWB,EUR,TRADINGVIEW_SCREENER,Producer Manufacturing,Industrial Machinery,MACHINERY,156702859.63180003,UNDEFINED,,EUR,,TRUE,PRESENT,2026-08-18,2026-08-18,
"Y.A.C.HOLDINGS CO.,LTD.",6298,Japan,TSE,JPY,TRADINGVIEW_SCREENER,Producer Manufacturing,Industrial Machinery,MACHINERY,156216838.27925,UNDEFINED,,JPY,,TRUE,PRESENT,2026-08-18,2026-08-18,
EXEL Industries SA,0NA0,France,LSE,EUR,TRADINGVIEW_SCREENER,Producer Manufacturing,Trucks/Construction/Farm Machinery,MACHINERY,156184995.3975,UNDEFINED,,EUR,,TRUE,PRESENT,2026-08-18,2026-08-18,Broad industry; review for shipbuilding/construction-equipment.
Spectrum Electrics Corporation,5381,Taiwan,TPEX,TWD,TRADINGVIEW_SCREENER,Producer Manufacturing,Industrial Machinery,MACHINERY,155807724.207754,UNDEFINED,,TWD,,TRUE,PRESENT,2026-08-18,2026-08-18,
Stark Power Ltd,STRK,Israel,TASE,ILA,TRADINGVIEW_SCREENER,Producer Manufacturing,Industrial Machinery,MACHINERY,155771779.98748,UNDEFINED,,ILA,,TRUE,PRESENT,2026-08-18,2026-08-18,
"GMS Group Co., Ltd.",544A,Japan,TSE,JPY,TRADINGVIEW_SCREENER,Producer Manufacturing,Industrial Machinery,MACHINERY,155344167.04517502,UNDEFINED,,JPY,,TRUE,PRESENT,2026-08-18,2026-08-18,
Yushin Company,6482,Japan,TSE,JPY,TRADINGVIEW_SCREENER,Producer Manufacturing,Industrial Machinery,MACHINERY,155267030.93625,UNDEFINED,,JPY,,TRUE,PRESENT,2026-08-18,2026-08-18,
Diffusion Engineers Limited,DIFFNKG,India,BSE,INR,TRADINGVIEW_SCREENER,Producer Manufacturing,Industrial Machinery,MACHINERY,153567029.21124402,UNDEFINED,,INR,,TRUE,PRESENT,2026-08-18,2026-08-18,
Onix Solar Energy Ltd.,ONIXSOLAR,India,BSE,INR,TRADINGVIEW_SCREENER,Producer Manufacturing,Industrial Machinery,MACHINERY,152588905.07469,UNDEFINED,,INR,,TRUE,PRESENT,2026-08-18,2026-08-18,
Aeroflex Enterprises Ltd,AEROENTER,India,BSE,INR,TRADINGVIEW_SCREENER,Producer Manufacturing,Industrial Machinery,MACHINERY,151775341.81704202,UNDEFINED,,INR,,TRUE,PRESENT,2026-08-18,2026-08-18,
Nekkar ASA,NKRO,Norway,OMXSTO,NOK,TRADINGVIEW_SCREENER,Producer Manufacturing,Trucks/Construction/Farm Machinery,MACHINERY,151704449.36136,UNDEFINED,,NOK,,TRUE,PRESENT,2026-08-18,2026-08-18,Broad industry; review for shipbuilding/construction-equipment.
Shangshui Smartech Ltd. Class A,301513,China,SZSE,CNY,TRADINGVIEW_SCREENER,Producer Manufacturing,Industrial Machinery,MACHINERY,151384049.32336,UNDEFINED,,CNY,,TRUE,PRESENT,2026-08-18,2026-08-18,
Raba Automotive Group Nyrt.,RMV1,Hungary,GETTEX,EUR,TRADINGVIEW_SCREENER,Producer Manufacturing,Trucks/Construction/Farm Machinery,MACHINERY,150593552.83209598,UNDEFINED,,EUR,,TRUE,PRESENT,2026-08-18,2026-08-18,Broad industry; review for shipbuilding/construction-equipment.
DAEDONG CORPORATION,000490,South Korea,KRX,KRW,TRADINGVIEW_SCREENER,Producer Manufacturing,Trucks/Construction/Farm Machinery,MACHINERY,150482818.30888802,UNDEFINED,,KRW,,TRUE,PRESENT,2026-08-18,2026-08-18,Broad industry; review for shipbuilding/construction-equipment.
"Hurco Companies, Inc.",HURC,United States,NASDAQ,USD,TRADINGVIEW_SCREENER,Producer Manufacturing,Industrial Machinery,MACHINERY,146364873.74777976,UNDEFINED,,USD,,TRUE,PRESENT,2026-08-18,2026-08-18,
DMW Corporation,6365,Japan,TSE,JPY,TRADINGVIEW_SCREENER,Producer Manufacturing,Industrial Machinery,MACHINERY,146344793.2099,UNDEFINED,,JPY,,TRUE,PRESENT,2026-08-18,2026-08-18,
Aval Data Corporation,6918,Japan,TSE,JPY,TRADINGVIEW_SCREENER,Producer Manufacturing,Industrial Machinery,MACHINERY,145404789.14252502,UNDEFINED,,JPY,,TRUE,PRESENT,2026-08-18,2026-08-18,
"Shenzhen Xinyuren Technology Co., Ltd. Class A",688573,China,SSE,CNY,TRADINGVIEW_SCREENER,Producer Manufacturing,Industrial Machinery,MACHINERY,145209290.48367,UNDEFINED,,CNY,,TRUE,PRESENT,2026-08-18,2026-08-18,
"KnJ Co., Ltd.",272110,South Korea,KRX,KRW,TRADINGVIEW_SCREENER,Producer Manufacturing,Industrial Machinery,MACHINERY,144294428.6784,UNDEFINED,,KRW,,TRUE,PRESENT,2026-08-18,2026-08-18,
"Fu Chun Shin Machinery Manufacture Co., Ltd.",6603,Taiwan,TPEX,TWD,TRADINGVIEW_SCREENER,Producer Manufacturing,Industrial Machinery,MACHINERY,143913979.322187,UNDEFINED,,TWD,,TRUE,PRESENT,2026-08-18,2026-08-18,
SANDEN CORPORATION,6444,Japan,TSE,JPY,TRADINGVIEW_SCREENER,Producer Manufacturing,Industrial Machinery,MACHINERY,143526758.548925,UNDEFINED,,JPY,,TRUE,PRESENT,2026-08-18,2026-08-18,
Techno Smart Corp.,6246,Japan,TSE,JPY,TRADINGVIEW_SCREENER,Producer Manufacturing,Industrial Machinery,MACHINERY,142101225.120375,UNDEFINED,,JPY,,TRUE,PRESENT,2026-08-18,2026-08-18,
CRCC High-Tech Equipment Corporation Limited Class H,1786,China,HKEX,HKD,TRADINGVIEW_SCREENER,Producer Manufacturing,Industrial Machinery,MACHINERY,141352257.7558,UNDEFINED,,HKD,,TRUE,PRESENT,2026-08-18,2026-08-18,
"GnBS eco Co.,Ltd",382800,South Korea,KRX,KRW,TRADINGVIEW_SCREENER,Producer Manufacturing,Industrial Machinery,MACHINERY,140329055.59218,UNDEFINED,,KRW,,TRUE,PRESENT,2026-08-18,2026-08-18,
Scott Technology Limited,SCT,New Zealand,NZX,NZD,TRADINGVIEW_SCREENER,Producer Manufacturing,Industrial Machinery,MACHINERY,138981316.3284,UNDEFINED,,NZD,,TRUE,PRESENT,2026-08-18,2026-08-18,
Ambest Group Berhad,AMBEST,Malaysia,MYX,MYR,TRADINGVIEW_SCREENER,Producer Manufacturing,Industrial Machinery,MACHINERY,138298230,UNDEFINED,,MYR,,TRUE,PRESENT,2026-08-18,2026-08-18,
"Commercial Vehicle Group, Inc.",CVGI,United States,NASDAQ,USD,TRADINGVIEW_SCREENER,Producer Manufacturing,Trucks/Construction/Farm Machinery,MACHINERY,137744794.76687115,UNDEFINED,,USD,,TRUE,PRESENT,2026-08-18,2026-08-18,Broad industry; review for shipbuilding/construction-equipment.
KZ Precision Corporation,036560,South Korea,KRX,KRW,TRADINGVIEW_SCREENER,Producer Manufacturing,Industrial Machinery,MACHINERY,137653425,UNDEFINED,,KRW,,TRUE,PRESENT,2026-08-18,2026-08-18,
Alinco Incorporated,5933,Japan,TSE,JPY,TRADINGVIEW_SCREENER,Producer Manufacturing,Trucks/Construction/Farm Machinery,MACHINERY,137645381.794025,UNDEFINED,,JPY,,TRUE,PRESENT,2026-08-18,2026-08-18,Broad industry; review for shipbuilding/construction-equipment.
"Nicolas Correa, S.A.",0FDN,Spain,LSE,EUR,TRADINGVIEW_SCREENER,Producer Manufacturing,Industrial Machinery,MACHINERY,136777605.831,UNDEFINED,,EUR,,TRUE,PRESENT,2026-08-18,2026-08-18,
Toyo Denki Seizo K.K.,6505,Japan,TSE,JPY,TRADINGVIEW_SCREENER,Producer Manufacturing,Trucks/Construction/Farm Machinery,MACHINERY,136216319.970625,UNDEFINED,,JPY,,TRUE,PRESENT,2026-08-18,2026-08-18,Broad industry; review for shipbuilding/construction-equipment.
Fabryka Obrabiarek RAFAMET SA,RAF,Poland,GPW,PLN,TRADINGVIEW_SCREENER,Producer Manufacturing,Industrial Machinery,MACHINERY,135343038.17785,UNDEFINED,,PLN,,TRUE,PRESENT,2026-08-18,2026-08-18,
Singamas Container Holdings Limited,716,Hong Kong,HKEX,HKD,TRADINGVIEW_SCREENER,Producer Manufacturing,Trucks/Construction/Farm Machinery,MACHINERY,135054405.6498,UNDEFINED,,HKD,,TRUE,PRESENT,2026-08-18,2026-08-18,Broad industry; review for shipbuilding/construction-equipment.
Mpac Group PLC,MPAC,United Kingdom,LSE,GBX,TRADINGVIEW_SCREENER,Producer Manufacturing,Industrial Machinery,MACHINERY,134274152.694,UNDEFINED,,GBX,,TRUE,PRESENT,2026-08-18,2026-08-18,
"NS Tool Co., Ltd.",6157,Japan,TSE,JPY,TRADINGVIEW_SCREENER,Producer Manufacturing,Industrial Machinery,MACHINERY,134065672.20282501,UNDEFINED,,JPY,,TRUE,PRESENT,2026-08-18,2026-08-18,
Andrew Yule & Co. Ltd.,ANDREWYU,India,NSE,INR,TRADINGVIEW_SCREENER,Producer Manufacturing,Industrial Machinery,MACHINERY,133665209.943378,UNDEFINED,,INR,,TRUE,PRESENT,2026-08-18,2026-08-18,
"HB Technology Co., Ltd.",078150,South Korea,KRX,KRW,TRADINGVIEW_SCREENER,Producer Manufacturing,Industrial Machinery,MACHINERY,133484509.907424,UNDEFINED,,KRW,,TRUE,PRESENT,2026-08-18,2026-08-18,
"ILJIN POWER CO., LTD",094820,South Korea,KRX,KRW,TRADINGVIEW_SCREENER,Producer Manufacturing,Industrial Machinery,MACHINERY,132885680.88252601,UNDEFINED,,KRW,,TRUE,PRESENT,2026-08-18,2026-08-18,
Indel B S.p.A.,INDB,Italy,MIL,EUR,TRADINGVIEW_SCREENER,Producer Manufacturing,Industrial Machinery,MACHINERY,131750496.936,UNDEFINED,,EUR,,TRUE,PRESENT,2026-08-18,2026-08-18,
Ghandhara Automobiles Limited,GAL,Pakistan,PSX,PKR,TRADINGVIEW_SCREENER,Producer Manufacturing,Trucks/Construction/Farm Machinery,MACHINERY,131286082.817736,UNDEFINED,,PKR,,TRUE,PRESENT,2026-08-18,2026-08-18,Broad industry; review for shipbuilding/construction-equipment.
"DAEA TI Co., Ltd.",045390,South Korea,KRX,KRW,TRADINGVIEW_SCREENER,Producer Manufacturing,Trucks/Construction/Farm Machinery,MACHINERY,130854255.01995601,UNDEFINED,,KRW,,TRUE,PRESENT,2026-08-18,2026-08-18,Broad industry; review for shipbuilding/construction-equipment.
Roto Pumps Limited,ROTO,India,BSE,INR,TRADINGVIEW_SCREENER,Producer Manufacturing,Industrial Machinery,MACHINERY,130545799.995284,UNDEFINED,,INR,,TRUE,PRESENT,2026-08-18,2026-08-18,
"YUNSUNG F&C Co.,Ltd",372170,South Korea,KRX,KRW,TRADINGVIEW_SCREENER,Producer Manufacturing,Industrial Machinery,MACHINERY,130510092.841128,UNDEFINED,,KRW,,TRUE,PRESENT,2026-08-18,2026-08-18,
"Hadron Energy, Inc.",HDRN,United States,NASDAQ,USD,TRADINGVIEW_SCREENER,Producer Manufacturing,Industrial Machinery,MACHINERY,130127888.22222225,UNDEFINED,,USD,,TRUE,PRESENT,2026-08-18,2026-08-18,
Everest Kanto Cylinder Limited,EKC,India,NSE,INR,TRADINGVIEW_SCREENER,Producer Manufacturing,Industrial Machinery,MACHINERY,129690296.484986,UNDEFINED,,INR,,TRUE,PRESENT,2026-08-18,2026-08-18,
Klingelnberg AG,KLIN,Switzerland,SIX,CHF,TRADINGVIEW_SCREENER,Producer Manufacturing,Industrial Machinery,MACHINERY,128763622.94600001,UNDEFINED,,CHF,,TRUE,PRESENT,2026-08-18,2026-08-18,
"Samik THK Co., Ltd.",004380,South Korea,KRX,KRW,TRADINGVIEW_SCREENER,Producer Manufacturing,Industrial Machinery,MACHINERY,128743989.59284201,UNDEFINED,,KRW,,TRUE,PRESENT,2026-08-18,2026-08-18,
Novamarine S.P.A.,NOVA,Italy,MIL,EUR,TRADINGVIEW_SCREENER,Producer Manufacturing,Trucks/Construction/Farm Machinery,MACHINERY,127932703.083,UNDEFINED,,EUR,,TRUE,PRESENT,2026-08-18,2026-08-18,Broad industry; review for shipbuilding/construction-equipment.
Xaar plc,XAR,United Kingdom,LSE,GBX,TRADINGVIEW_SCREENER,Producer Manufacturing,Industrial Machinery,MACHINERY,127160927.02499999,UNDEFINED,,GBX,,TRUE,PRESENT,2026-08-18,2026-08-18,
Trinity Industrial Corporation,6382,Japan,TSE,JPY,TRADINGVIEW_SCREENER,Producer Manufacturing,Industrial Machinery,MACHINERY,127148655.71195,UNDEFINED,,JPY,,TRUE,PRESENT,2026-08-18,2026-08-18,
Ice Make Refrigeration Ltd.,ICEMAKE,India,NSE,INR,TRADINGVIEW_SCREENER,Producer Manufacturing,Industrial Machinery,MACHINERY,124230423.737302,UNDEFINED,,INR,,TRUE,PRESENT,2026-08-18,2026-08-18,
"DEVICE CO.,Ltd",187870,South Korea,KRX,KRW,TRADINGVIEW_SCREENER,Producer Manufacturing,Industrial Machinery,MACHINERY,123300693.478404,UNDEFINED,,KRW,,TRUE,PRESENT,2026-08-18,2026-08-18,
"Nakakita Seisakusho Co., Ltd.",6496,Japan,TSE,JPY,TRADINGVIEW_SCREENER,Producer Manufacturing,Industrial Machinery,MACHINERY,123248798.212325,UNDEFINED,,JPY,,TRUE,PRESENT,2026-08-18,2026-08-18,
Chen Hsong Holdings Limited,57,Hong Kong,HKEX,HKD,TRADINGVIEW_SCREENER,Producer Manufacturing,Industrial Machinery,MACHINERY,122910334.82000001,UNDEFINED,,HKD,,TRUE,PRESENT,2026-08-18,2026-08-18,
KULR Technology Group Inc,A41B50,United States,LSX,EUR,TRADINGVIEW_SCREENER,Producer Manufacturing,Industrial Machinery,MACHINERY,122180048,UNDEFINED,,EUR,,TRUE,PRESENT,2026-08-18,2026-08-18,
Burcelik Vana Sanayi ve Ticaret A.S.,BURVA,Turkey,BIST,TRY,TRADINGVIEW_SCREENER,Producer Manufacturing,Industrial Machinery,MACHINERY,122023854.07056001,UNDEFINED,,TRY,,TRUE,PRESENT,2026-08-18,2026-08-18,
"Hanshin Diesel Works, Ltd.",6018,Japan,TSE,JPY,TRADINGVIEW_SCREENER,Producer Manufacturing,Trucks/Construction/Farm Machinery,MACHINERY,121936154.079425,UNDEFINED,,JPY,,TRUE,PRESENT,2026-08-18,2026-08-18,Broad industry; review for shipbuilding/construction-equipment.
"Dainichi Co., Ltd.",5951,Japan,TSE,JPY,TRADINGVIEW_SCREENER,Producer Manufacturing,Industrial Machinery,MACHINERY,121774025.122325,UNDEFINED,,JPY,,TRUE,PRESENT,2026-08-18,2026-08-18,
CB Industrial Product Holding Bhd.,CBIP,Malaysia,MYX,MYR,TRADINGVIEW_SCREENER,Producer Manufacturing,Industrial Machinery,MACHINERY,121735991.8747,UNDEFINED,,MYR,,TRUE,PRESENT,2026-08-18,2026-08-18,
Eimco Elecon (India) Ltd.,EIMCOELECO,India,BSE,INR,TRADINGVIEW_SCREENER,Producer Manufacturing,Trucks/Construction/Farm Machinery,MACHINERY,121482597.918096,UNDEFINED,,INR,,TRUE,PRESENT,2026-08-18,2026-08-18,Broad industry; review for shipbuilding/construction-equipment.
"Sakai Heavy Industries, Ltd.",6358,Japan,TSE,JPY,TRADINGVIEW_SCREENER,Producer Manufacturing,Trucks/Construction/Farm Machinery,MACHINERY,121144432.37845,UNDEFINED,,JPY,,TRUE,PRESENT,2026-08-18,2026-08-18,Broad industry; review for shipbuilding/construction-equipment.
Yuken India Limited,YUKEN,India,BSE,INR,TRADINGVIEW_SCREENER,Producer Manufacturing,Industrial Machinery,MACHINERY,121072156.945996,UNDEFINED,,INR,,TRUE,PRESENT,2026-08-18,2026-08-18,
Shree Refrigerations Limited,SHREEREF,India,BSE,INR,TRADINGVIEW_SCREENER,Producer Manufacturing,Industrial Machinery,MACHINERY,118215843.7903926,UNDEFINED,,INR,,TRUE,PRESENT,2026-08-18,2026-08-18,
Juki Corporation,6440,Japan,TSE,JPY,TRADINGVIEW_SCREENER,Producer Manufacturing,Industrial Machinery,MACHINERY,118199536.83940001,UNDEFINED,,JPY,,TRUE,PRESENT,2026-08-18,2026-08-18,
Oval Corporation,7727,Japan,TSE,JPY,TRADINGVIEW_SCREENER,Producer Manufacturing,Industrial Machinery,MACHINERY,118179857.353825,UNDEFINED,,JPY,,TRUE,PRESENT,2026-08-18,2026-08-18,
"Howa Machinery, Ltd.",6203,Japan,TSE,JPY,TRADINGVIEW_SCREENER,Producer Manufacturing,Industrial Machinery,MACHINERY,117351978.218075,UNDEFINED,,JPY,,TRUE,PRESENT,2026-08-18,2026-08-18,
Trio-Tech International,TRT,United States,AMEX,USD,TRADINGVIEW_SCREENER,Producer Manufacturing,Industrial Machinery,MACHINERY,117306141.7801047,UNDEFINED,,USD,,TRUE,PRESENT,2026-08-18,2026-08-18,
Lung Kee Group Holdings Limited,255,Hong Kong,HKEX,HKD,TRADINGVIEW_SCREENER,Producer Manufacturing,Industrial Machinery,MACHINERY,117120176.81000002,UNDEFINED,,HKD,,TRUE,PRESENT,2026-08-18,2026-08-18,
Tera Autotech Corporation,6234,Taiwan,TPEX,TWD,TRADINGVIEW_SCREENER,Producer Manufacturing,Industrial Machinery,MACHINERY,117112604.07984999,UNDEFINED,,TWD,,TRUE,PRESENT,2026-08-18,2026-08-18,
"Value Valves Co., Ltd.",4580,Taiwan,TPEX,TWD,TRADINGVIEW_SCREENER,Producer Manufacturing,Industrial Machinery,MACHINERY,114604454.336035,UNDEFINED,,TWD,,TRUE,PRESENT,2026-08-18,2026-08-18,
Yamada Corporation,6392,Japan,TSE,JPY,TRADINGVIEW_SCREENER,Producer Manufacturing,Industrial Machinery,MACHINERY,113722227.21495001,UNDEFINED,,JPY,,TRUE,PRESENT,2026-08-18,2026-08-18,
SANTA PHOENIX TECHNOLOGY CO LTD,7880,Taiwan,TPEX,TWD,TRADINGVIEW_SCREENER,Producer Manufacturing,Industrial Machinery,MACHINERY,113659493.75,UNDEFINED,,TWD,,TRUE,PRESENT,2026-08-18,2026-08-18,
"Innotech Co., Ltd.",469610,South Korea,KRX,KRW,TRADINGVIEW_SCREENER,Producer Manufacturing,Industrial Machinery,MACHINERY,112876934.38515,UNDEFINED,,KRW,,TRUE,PRESENT,2026-08-18,2026-08-18,
Bright Sheland International Co Ltd,4556,Taiwan,TPEX,TWD,TRADINGVIEW_SCREENER,Producer Manufacturing,Industrial Machinery,MACHINERY,112689787.66348599,UNDEFINED,,TWD,,TRUE,PRESENT,2026-08-18,2026-08-18,
"BMT Co., Ltd.",086670,South Korea,KRX,KRW,TRADINGVIEW_SCREENER,Producer Manufacturing,Industrial Machinery,MACHINERY,112064868.80971201,UNDEFINED,,KRW,,TRUE,PRESENT,2026-08-18,2026-08-18,
Anderson Industrial Corp.,1528,Taiwan,TWSE,TWD,TRADINGVIEW_SCREENER,Producer Manufacturing,Industrial Machinery,MACHINERY,110941685.30995099,UNDEFINED,,TWD,,TRUE,PRESENT,2026-08-18,2026-08-18,
Kitagawa Corporation,6317,Japan,TSE,JPY,TRADINGVIEW_SCREENER,Producer Manufacturing,Industrial Machinery,MACHINERY,110144456.95015,UNDEFINED,,JPY,,TRUE,PRESENT,2026-08-18,2026-08-18,
Mamata Machinery Ltd.,MAMATA,India,NSE,INR,TRADINGVIEW_SCREENER,Producer Manufacturing,Industrial Machinery,MACHINERY,109862575.352062,UNDEFINED,,INR,,TRUE,PRESENT,2026-08-18,2026-08-18,
"Chime Ball Technology Co., Ltd.",1595,Taiwan,TPEX,TWD,TRADINGVIEW_SCREENER,Producer Manufacturing,Industrial Machinery,MACHINERY,109610142.825298,UNDEFINED,,TWD,,TRUE,PRESENT,2026-08-18,2026-08-18,
OMER S.p.a.,9WR,Italy,GETTEX,EUR,TRADINGVIEW_SCREENER,Producer Manufacturing,Trucks/Construction/Farm Machinery,MACHINERY,109390442.5935,UNDEFINED,,EUR,,TRUE,PRESENT,2026-08-18,2026-08-18,Broad industry; review for shipbuilding/construction-equipment.
Keyang Electric Machinery Co Ltd Pfd Non-Voting,012205,South Korea,KRX,KRW,TRADINGVIEW_SCREENER,Producer Manufacturing,Industrial Machinery,MACHINERY,108405655.502274,UNDEFINED,,KRW,,TRUE,PRESENT,2026-08-18,2026-08-18,
"Keyang Electric Machinery Co., Ltd",012200,South Korea,KRX,KRW,TRADINGVIEW_SCREENER,Producer Manufacturing,Industrial Machinery,MACHINERY,108405655.502274,UNDEFINED,,KRW,,TRUE,PRESENT,2026-08-18,2026-08-18,
"Nakanishi Mfg. Co., Ltd.",5941,Japan,TSE,JPY,TRADINGVIEW_SCREENER,Producer Manufacturing,Industrial Machinery,MACHINERY,107569430.22327502,UNDEFINED,,JPY,,TRUE,PRESENT,2026-08-18,2026-08-18,
Wielton S.A.,2W1,Poland,GETTEX,EUR,TRADINGVIEW_SCREENER,Producer Manufacturing,Trucks/Construction/Farm Machinery,MACHINERY,107335437.29875,UNDEFINED,,EUR,,TRUE,PRESENT,2026-08-18,2026-08-18,Broad industry; review for shipbuilding/construction-equipment.
Ahresty Corporation,5852,Japan,TSE,JPY,TRADINGVIEW_SCREENER,Producer Manufacturing,Trucks/Construction/Farm Machinery,MACHINERY,106986418.08449998,UNDEFINED,,JPY,,TRUE,PRESENT,2026-08-18,2026-08-18,Broad industry; review for shipbuilding/construction-equipment.
Taiwan Chelic Corp. Ltd.,4555,Taiwan,TWSE,TWD,TRADINGVIEW_SCREENER,Producer Manufacturing,Industrial Machinery,MACHINERY,106099868.85870099,UNDEFINED,,TWD,,TRUE,PRESENT,2026-08-18,2026-08-18,
CEA Industries Inc.,BNC,United States,NASDAQ,USD,TRADINGVIEW_SCREENER,Producer Manufacturing,Trucks/Construction/Farm Machinery,MACHINERY,104581577.0610687,UNDEFINED,,USD,,TRUE,PRESENT,2026-08-18,2026-08-18,Broad industry; review for shipbuilding/construction-equipment.
ILPRA SpA,ILP,Italy,MIL,EUR,TRADINGVIEW_SCREENER,Producer Manufacturing,Industrial Machinery,MACHINERY,104170002.75000001,UNDEFINED,,EUR,,TRUE,PRESENT,2026-08-18,2026-08-18,
AUROS TECHNOLOGY INC.,322310,South Korea,KRX,KRW,TRADINGVIEW_SCREENER,Producer Manufacturing,Industrial Machinery,MACHINERY,102932198.80725601,UNDEFINED,,KRW,,TRUE,PRESENT,2026-08-18,2026-08-18,
"UVAT Technology Co., Ltd.",3580,Taiwan,TPEX,TWD,TRADINGVIEW_SCREENER,Producer Manufacturing,Industrial Machinery,MACHINERY,102841300.22388099,UNDEFINED,,TWD,,TRUE,PRESENT,2026-08-18,2026-08-18,
Raute Oyj Class A,0FUW,Finland,LSE,EUR,TRADINGVIEW_SCREENER,Producer Manufacturing,Industrial Machinery,MACHINERY,101605733.46450001,UNDEFINED,,EUR,,TRUE,PRESENT,2026-08-18,2026-08-18,
Katmerciler Arac Ustu Ekipman Sanayi ve Ticaret A.S.,KATMR,Turkey,BIST,TRY,TRADINGVIEW_SCREENER,Producer Manufacturing,Trucks/Construction/Farm Machinery,MACHINERY,101476210.63953,UNDEFINED,,TRY,,TRUE,PRESENT,2026-08-18,2026-08-18,Broad industry; review for shipbuilding/construction-equipment.
"Ichikawa Co., Ltd.",3513,Japan,TSE,JPY,TRADINGVIEW_SCREENER,Producer Manufacturing,Industrial Machinery,MACHINERY,101124026.37975,UNDEFINED,,JPY,,TRUE,PRESENT,2026-08-18,2026-08-18,
"Eco&Dream Co., Ltd.",101360,South Korea,KRX,KRW,TRADINGVIEW_SCREENER,Producer Manufacturing,Industrial Machinery,MACHINERY,101011266.95283,UNDEFINED,,KRW,,TRUE,PRESENT,2026-08-18,2026-08-18,
"Kinki Sharyo Co., Ltd.",7122,Japan,TSE,JPY,TRADINGVIEW_SCREENER,Producer Manufacturing,Trucks/Construction/Farm Machinery,MACHINERY,100957026.7049,UNDEFINED,,JPY,,TRUE,PRESENT,2026-08-18,2026-08-18,Broad industry; review for shipbuilding/construction-equipment.
"Wooyang HC Co., Ltd.",101970,South Korea,KRX,KRW,TRADINGVIEW_SCREENER,Producer Manufacturing,Industrial Machinery,MACHINERY,100031994.037404,UNDEFINED,,KRW,,TRUE,PRESENT,2026-08-18,2026-08-18,
Favelle Favco Bhd.,FAVCO,Malaysia,MYX,MYR,TRADINGVIEW_SCREENER,Producer Manufacturing,Trucks/Construction/Farm Machinery,MACHINERY,99758482.9297,UNDEFINED,,MYR,,TRUE,PRESENT,2026-08-18,2026-08-18,Broad industry; review for shipbuilding/construction-equipment.
"KATO WORKS CO., LTD.",6390,Japan,TSE,JPY,TRADINGVIEW_SCREENER,Producer Manufacturing,Trucks/Construction/Farm Machinery,MACHINERY,99406974.35377501,UNDEFINED,,JPY,,TRUE,PRESENT,2026-08-18,2026-08-18,Broad industry; review for shipbuilding/construction-equipment.
Romi SA,ROMI3,Brazil,BMFBOVESPA,BRL,TRADINGVIEW_SCREENER,Producer Manufacturing,Industrial Machinery,MACHINERY,99150824.0976,UNDEFINED,,BRL,,TRUE,PRESENT,2026-08-18,2026-08-18,
"Burnham Holdings, Inc.",BURCA,United States,OTC,USD,TRADINGVIEW_SCREENER,Producer Manufacturing,Industrial Machinery,MACHINERY,99041793.40314138,UNDEFINED,,USD,,TRUE,PRESENT,2026-08-18,2026-08-18,
Fujimak Corporation,5965,Japan,TSE,JPY,TRADINGVIEW_SCREENER,Producer Manufacturing,Industrial Machinery,MACHINERY,98689960.524975,UNDEFINED,,JPY,,TRUE,PRESENT,2026-08-18,2026-08-18,
"Kuen Ling Machinery Refrigerating Co.,Ltd.",4527,Taiwan,TPEX,TWD,TRADINGVIEW_SCREENER,Producer Manufacturing,Industrial Machinery,MACHINERY,97986106.872932,UNDEFINED,,TWD,,TRUE,PRESENT,2026-08-18,2026-08-18,
NPC Incorporated,6255,Japan,TSE,JPY,TRADINGVIEW_SCREENER,Producer Manufacturing,Industrial Machinery,MACHINERY,97661784.58775,UNDEFINED,,JPY,,TRUE,PRESENT,2026-08-18,2026-08-18,
"RS Automation Co., Ltd.",140670,South Korea,KRX,KRW,TRADINGVIEW_SCREENER,Producer Manufacturing,Industrial Machinery,MACHINERY,97215059.72833201,UNDEFINED,,KRW,,TRUE,PRESENT,2026-08-18,2026-08-18,
Nikkato Corporation,5367,Japan,TSE,JPY,TRADINGVIEW_SCREENER,Producer Manufacturing,Industrial Machinery,MACHINERY,96240067.4385,UNDEFINED,,JPY,,TRUE,PRESENT,2026-08-18,2026-08-18,
Rajoo Engineers Limited,RAJOOENG,India,NSE,INR,TRADINGVIEW_SCREENER,Producer Manufacturing,Industrial Machinery,MACHINERY,95518555.463458,UNDEFINED,,INR,,TRUE,PRESENT,2026-08-18,2026-08-18,
Gaz,GAZA,Russian Federation,RUS,RUB,TRADINGVIEW_SCREENER,Producer Manufacturing,Trucks/Construction/Farm Machinery,MACHINERY,94824217.7064,UNDEFINED,,RUB,,TRUE,PRESENT,2026-08-18,2026-08-18,Broad industry; review for shipbuilding/construction-equipment.
Gaz (pref),GAZAP,Russian Federation,RUS,RUB,TRADINGVIEW_SCREENER,Producer Manufacturing,Trucks/Construction/Farm Machinery,MACHINERY,94824217.7064,UNDEFINED,,RUB,,TRUE,PRESENT,2026-08-18,2026-08-18,Broad industry; review for shipbuilding/construction-equipment.
InnoTek Limited,M14,Singapore,SGX,SGD,TRADINGVIEW_SCREENER,Producer Manufacturing,Industrial Machinery,MACHINERY,94696374.2426,UNDEFINED,,SGD,,TRUE,PRESENT,2026-08-18,2026-08-18,
Engtex Group Bhd.,ENGTEX,Malaysia,MYX,MYR,TRADINGVIEW_SCREENER,Producer Manufacturing,Industrial Machinery,MACHINERY,93687977.0344,UNDEFINED,,MYR,,TRUE,PRESENT,2026-08-18,2026-08-18,
Awea Mechantronic Co. Ltd.,1530,Taiwan,TWSE,TWD,TRADINGVIEW_SCREENER,Producer Manufacturing,Industrial Machinery,MACHINERY,93592496.462468,UNDEFINED,,TWD,,TRUE,PRESENT,2026-08-18,2026-08-18,
"JRC Co.,Ltd.",6224,Japan,TSE,JPY,TRADINGVIEW_SCREENER,Producer Manufacturing,Industrial Machinery,MACHINERY,93332509.05932501,UNDEFINED,,JPY,,TRUE,PRESENT,2026-08-18,2026-08-18,
"Kent Industrial Co., Ltd.",6606,Taiwan,TWSE,TWD,TRADINGVIEW_SCREENER,Producer Manufacturing,Industrial Machinery,MACHINERY,93243128.405517,UNDEFINED,,TWD,,TRUE,PRESENT,2026-08-18,2026-08-18,
DY POWER Corporation,210540,South Korea,KRX,KRW,TRADINGVIEW_SCREENER,Producer Manufacturing,Industrial Machinery,MACHINERY,92966004.82189801,UNDEFINED,,KRW,,TRUE,PRESENT,2026-08-18,2026-08-18,
RAON ROBOTICS Inc.,232680,South Korea,KRX,KRW,TRADINGVIEW_SCREENER,Producer Manufacturing,Industrial Machinery,MACHINERY,92673124.816428,UNDEFINED,,KRW,,TRUE,PRESENT,2026-08-18,2026-08-18,
Chernan Metal Industrial Corp.,3631,Taiwan,TPEX,TWD,TRADINGVIEW_SCREENER,Producer Manufacturing,Industrial Machinery,MACHINERY,92646294.457419,UNDEFINED,,TWD,,TRUE,PRESENT,2026-08-18,2026-08-18,
Easy Field Corp.,6425,Taiwan,TPEX,TWD,TRADINGVIEW_SCREENER,Producer Manufacturing,Industrial Machinery,MACHINERY,91635662.312694,UNDEFINED,,TWD,,TRUE,PRESENT,2026-08-18,2026-08-18,
"GENII IDEAS Co., Ltd.",7631,Taiwan,TWSE,TWD,TRADINGVIEW_SCREENER,Producer Manufacturing,Industrial Machinery,MACHINERY,91101964.77459699,UNDEFINED,,TWD,,TRUE,PRESENT,2026-08-18,2026-08-18,
United Purification Technology Co Ltd,6977,Taiwan,TPEX,TWD,TRADINGVIEW_SCREENER,Producer Manufacturing,Industrial Machinery,MACHINERY,91068618.55299999,UNDEFINED,,TWD,,TRUE,PRESENT,2026-08-18,2026-08-18,
"Punch Industry Co., Ltd.",6165,Japan,TSE,JPY,TRADINGVIEW_SCREENER,Producer Manufacturing,Industrial Machinery,MACHINERY,90595584.2326,UNDEFINED,,JPY,,TRUE,PRESENT,2026-08-18,2026-08-18,
SHINHWAPRITECH CO. LTD.,095190,South Korea,KRX,KRW,TRADINGVIEW_SCREENER,Producer Manufacturing,Industrial Machinery,MACHINERY,90526177.470924,UNDEFINED,,KRW,,TRUE,PRESENT,2026-08-18,2026-08-18,
IL SEUNG Co. LTD,333430,South Korea,KRX,KRW,TRADINGVIEW_SCREENER,Producer Manufacturing,Industrial Machinery,MACHINERY,90243536.541912,UNDEFINED,,KRW,,TRUE,PRESENT,2026-08-18,2026-08-18,
"Japan Ecosystem Co.,Ltd.",9249,Japan,TSE,JPY,TRADINGVIEW_SCREENER,Producer Manufacturing,Industrial Machinery,MACHINERY,90101192.249675,UNDEFINED,,JPY,,TRUE,PRESENT,2026-08-18,2026-08-18,
"Naintech Co., Ltd.",267320,South Korea,KRX,KRW,TRADINGVIEW_SCREENER,Producer Manufacturing,Industrial Machinery,MACHINERY,89872669.072134,UNDEFINED,,KRW,,TRUE,PRESENT,2026-08-18,2026-08-18,
Ringmetall SE,HP3A,Germany,HAM,EUR,TRADINGVIEW_SCREENER,Producer Manufacturing,Industrial Machinery,MACHINERY,89424795.44250001,UNDEFINED,,EUR,,TRUE,PRESENT,2026-08-18,2026-08-18,
"KSP Co., Ltd.",073010,South Korea,KRX,KRW,TRADINGVIEW_SCREENER,Producer Manufacturing,Trucks/Construction/Farm Machinery,MACHINERY,89027379.80019,UNDEFINED,,KRW,,TRUE,PRESENT,2026-08-18,2026-08-18,Broad industry; review for shipbuilding/construction-equipment.
"Ying Han Technology Co., Ltd.",4562,Taiwan,TWSE,TWD,TRADINGVIEW_SCREENER,Producer Manufacturing,Industrial Machinery,MACHINERY,89024802.941077,UNDEFINED,,TWD,,TRUE,PRESENT,2026-08-18,2026-08-18,
"Trinity Precision Technology Co., Ltd.",4534,Taiwan,TPEX,TWD,TRADINGVIEW_SCREENER,Producer Manufacturing,Industrial Machinery,MACHINERY,87915092.96954,UNDEFINED,,TWD,,TRUE,PRESENT,2026-08-18,2026-08-18,
"Abist Co., Ltd.",6087,Japan,TSE,JPY,TRADINGVIEW_SCREENER,Producer Manufacturing,Industrial Machinery,MACHINERY,87528056.19285001,UNDEFINED,,JPY,,TRUE,PRESENT,2026-08-18,2026-08-18,
China PengFei Group Limited,3348,China,HKEX,HKD,TRADINGVIEW_SCREENER,Producer Manufacturing,Industrial Machinery,MACHINERY,87269000.2548,UNDEFINED,,HKD,,TRUE,PRESENT,2026-08-18,2026-08-18,
COWINTECH CO. LTD,282880,South Korea,KRX,KRW,TRADINGVIEW_SCREENER,Producer Manufacturing,Industrial Machinery,MACHINERY,87209444.066706,UNDEFINED,,KRW,,TRUE,PRESENT,2026-08-18,2026-08-18,
Honor Seiki Co. Ltd.,7709,Taiwan,TPEX,TWD,TRADINGVIEW_SCREENER,Producer Manufacturing,Industrial Machinery,MACHINERY,87088844.425816,UNDEFINED,,TWD,,TRUE,PRESENT,2026-08-18,2026-08-18,
Airfloa Rail Technology Limited,AIRFLOA,India,BSE,INR,TRADINGVIEW_SCREENER,Producer Manufacturing,Trucks/Construction/Farm Machinery,MACHINERY,86879762.2407258,UNDEFINED,,INR,,TRUE,PRESENT,2026-08-18,2026-08-18,Broad industry; review for shipbuilding/construction-equipment.
Midsummer AB,MIDS,Sweden,OMXSTO,SEK,TRADINGVIEW_SCREENER,Producer Manufacturing,Industrial Machinery,MACHINERY,86478545.804,UNDEFINED,,SEK,,TRUE,PRESENT,2026-08-18,2026-08-18,
Veljan Denison Limited,VELJAN,India,NSE,INR,TRADINGVIEW_SCREENER,Producer Manufacturing,Industrial Machinery,MACHINERY,86253390,UNDEFINED,,INR,,TRUE,PRESENT,2026-08-18,2026-08-18,
BULBULOGLU VINC SANAYI VE TICARET A.S.,BVSAN,Turkey,BIST,TRY,TRADINGVIEW_SCREENER,Producer Manufacturing,Trucks/Construction/Farm Machinery,MACHINERY,86133402.05256002,UNDEFINED,,TRY,,TRUE,PRESENT,2026-08-18,2026-08-18,Broad industry; review for shipbuilding/construction-equipment.
Railcare Group AB,RAIL,Sweden,OMXSTO,SEK,TRADINGVIEW_SCREENER,Producer Manufacturing,Trucks/Construction/Farm Machinery,MACHINERY,86125271.22839999,UNDEFINED,,SEK,,TRUE,PRESENT,2026-08-18,2026-08-18,Broad industry; review for shipbuilding/construction-equipment.
mPlus Corp.,259630,South Korea,KRX,KRW,TRADINGVIEW_SCREENER,Producer Manufacturing,Industrial Machinery,MACHINERY,85758426.730782,UNDEFINED,,KRW,,TRUE,PRESENT,2026-08-18,2026-08-18,
Sono-Tek Corporation,SOTK,United States,NASDAQ,USD,TRADINGVIEW_SCREENER,Producer Manufacturing,Industrial Machinery,MACHINERY,84870298.71595332,UNDEFINED,,USD,,TRUE,PRESENT,2026-08-18,2026-08-18,
PEGASUS CO. LTD,6262,Japan,TSE,JPY,TRADINGVIEW_SCREENER,Producer Manufacturing,Industrial Machinery,MACHINERY,84382169.93145001,UNDEFINED,,JPY,,TRUE,PRESENT,2026-08-18,2026-08-18,
Gadwa For Industrial Development,GDWA,Egypt,EGX,EGP,TRADINGVIEW_SCREENER,Producer Manufacturing,Industrial Machinery,MACHINERY,84190497.65513,UNDEFINED,,EGP,,TRUE,PRESENT,2026-08-18,2026-08-18,
"Kenturn Nano Tec Co., Ltd.",4561,Taiwan,TPEX,TWD,TRADINGVIEW_SCREENER,Producer Manufacturing,Industrial Machinery,MACHINERY,84153931.208503,UNDEFINED,,TWD,,TRUE,PRESENT,2026-08-18,2026-08-18,
Safkar Ege Cooling Air Conditioning Cold Air Tes.Ihr.Ith.A.S,SAFKR,Turkey,BIST,TRY,TRADINGVIEW_SCREENER,Producer Manufacturing,Industrial Machinery,MACHINERY,84009000,UNDEFINED,,TRY,,TRUE,PRESENT,2026-08-18,2026-08-18,
K-ENSOL CO. LTD.,053080,South Korea,KRX,KRW,TRADINGVIEW_SCREENER,Producer Manufacturing,Industrial Machinery,MACHINERY,82781464.74600601,UNDEFINED,,KRW,,TRUE,PRESENT,2026-08-18,2026-08-18,
"SDR Drone, Inc.",SDCO,United States,OTC,USD,TRADINGVIEW_SCREENER,Producer Manufacturing,Trucks/Construction/Farm Machinery,MACHINERY,82721281,UNDEFINED,,USD,,TRUE,PRESENT,2026-08-18,2026-08-18,Broad industry; review for shipbuilding/construction-equipment.
SOOSAN CEBOTICS,017550,South Korea,KRX,KRW,TRADINGVIEW_SCREENER,Producer Manufacturing,Trucks/Construction/Farm Machinery,MACHINERY,82089047.98949401,UNDEFINED,,KRW,,TRUE,PRESENT,2026-08-18,2026-08-18,Broad industry; review for shipbuilding/construction-equipment.
"Odawara Engineering Co., Ltd.",6149,Japan,TSE,JPY,TRADINGVIEW_SCREENER,Producer Manufacturing,Industrial Machinery,MACHINERY,82083052.2877,UNDEFINED,,JPY,,TRUE,PRESENT,2026-08-18,2026-08-18,
"NanoTIM Co., Ltd.",417010,South Korea,KRX,KRW,TRADINGVIEW_SCREENER,Producer Manufacturing,Industrial Machinery,MACHINERY,81993665.086632,UNDEFINED,,KRW,,TRUE,PRESENT,2026-08-18,2026-08-18,
"Daesung Hi-Tech Co., Ltd.",129920,South Korea,KRX,KRW,TRADINGVIEW_SCREENER,Producer Manufacturing,Industrial Machinery,MACHINERY,81785208.37125601,UNDEFINED,,KRW,,TRUE,PRESENT,2026-08-18,2026-08-18,
"Suzumo Machinery Co., Ltd.",6405,Japan,TSE,JPY,TRADINGVIEW_SCREENER,Producer Manufacturing,Industrial Machinery,MACHINERY,81706934.378725,UNDEFINED,,JPY,,TRUE,PRESENT,2026-08-18,2026-08-18,
"Lemo Services Co., Ltd. Class H",2539,China,HKEX,HKD,TRADINGVIEW_SCREENER,Producer Manufacturing,Industrial Machinery,MACHINERY,81606839.6234,UNDEFINED,,HKD,,TRUE,PRESENT,2026-08-18,2026-08-18,
"Maruyama Mfg.Co., Inc.",6316,Japan,TSE,JPY,TRADINGVIEW_SCREENER,Producer Manufacturing,Trucks/Construction/Farm Machinery,MACHINERY,81597151.71635,UNDEFINED,,JPY,,TRUE,PRESENT,2026-08-18,2026-08-18,Broad industry; review for shipbuilding/construction-equipment.
HYUNDAI EVERDIGM Corp.,041440,South Korea,KRX,KRW,TRADINGVIEW_SCREENER,Producer Manufacturing,Trucks/Construction/Farm Machinery,MACHINERY,81073015.11925201,UNDEFINED,,KRW,,TRUE,PRESENT,2026-08-18,2026-08-18,Broad industry; review for shipbuilding/construction-equipment.
WOORIM POWER TRAIN SOLUTION Co. Ltd.,101170,South Korea,KRX,KRW,TRADINGVIEW_SCREENER,Producer Manufacturing,Trucks/Construction/Farm Machinery,MACHINERY,80813694.407706,UNDEFINED,,KRW,,TRUE,PRESENT,2026-08-18,2026-08-18,Broad industry; review for shipbuilding/construction-equipment.
Yoshitake Inc.,6488,Japan,TSE,JPY,TRADINGVIEW_SCREENER,Producer Manufacturing,Industrial Machinery,MACHINERY,80475042.21682501,UNDEFINED,,JPY,,TRUE,PRESENT,2026-08-18,2026-08-18,
Forbes Precision Tools and Machine Parts Limited,TOTEM,India,BSE,INR,TRADINGVIEW_SCREENER,Producer Manufacturing,Industrial Machinery,MACHINERY,79952238.87943001,UNDEFINED,,INR,,TRUE,PRESENT,2026-08-18,2026-08-18,
Amiad Water Systems Ltd,AMD,Israel,TASE,ILA,TRADINGVIEW_SCREENER,Producer Manufacturing,Industrial Machinery,MACHINERY,79577009.41194,UNDEFINED,,ILA,,TRUE,PRESENT,2026-08-18,2026-08-18,
"Sanno Co., Ltd.",3441,Japan,TSE,JPY,TRADINGVIEW_SCREENER,Producer Manufacturing,Industrial Machinery,MACHINERY,79332668.57115,UNDEFINED,,JPY,,TRUE,PRESENT,2026-08-18,2026-08-18,
R M Drip And Sprinklers Systems Limited,RMDRIP,India,NSE,INR,TRADINGVIEW_SCREENER,Producer Manufacturing,Industrial Machinery,MACHINERY,79164945.16791001,UNDEFINED,,INR,,TRUE,PRESENT,2026-08-18,2026-08-18,
"Yuken Kogyo Co., Ltd.",6393,Japan,TSE,JPY,TRADINGVIEW_SCREENER,Producer Manufacturing,Industrial Machinery,MACHINERY,79158313.435425,UNDEFINED,,JPY,,TRUE,PRESENT,2026-08-18,2026-08-18,
"Ching Chan Optical Technology Co., Ltd.",2070,Taiwan,TPEX,TWD,TRADINGVIEW_SCREENER,Producer Manufacturing,Trucks/Construction/Farm Machinery,MACHINERY,78851523.130308,UNDEFINED,,TWD,,TRUE,PRESENT,2026-08-18,2026-08-18,Broad industry; review for shipbuilding/construction-equipment.
Genetec Technology Bhd.,GENETEC,Malaysia,MYX,MYR,TRADINGVIEW_SCREENER,Producer Manufacturing,Industrial Machinery,MACHINERY,78293102.5177,UNDEFINED,,MYR,,TRUE,PRESENT,2026-08-18,2026-08-18,
DY Corporation,013570,South Korea,KRX,KRW,TRADINGVIEW_SCREENER,Producer Manufacturing,Industrial Machinery,MACHINERY,78103153.23127201,UNDEFINED,,KRW,,TRUE,PRESENT,2026-08-18,2026-08-18,
Toptec Corp.,108230,South Korea,KRX,KRW,TRADINGVIEW_SCREENER,Producer Manufacturing,Industrial Machinery,MACHINERY,77628564.380484,UNDEFINED,,KRW,,TRUE,PRESENT,2026-08-18,2026-08-18,
Top High Image Corp.,3284,Taiwan,TPEX,TWD,TRADINGVIEW_SCREENER,Producer Manufacturing,Industrial Machinery,MACHINERY,77491167.92109899,UNDEFINED,,TWD,,TRUE,PRESENT,2026-08-18,2026-08-18,
"Rapid Micro Biosystems, Inc.",RPID,United States,NASDAQ,USD,TRADINGVIEW_SCREENER,Producer Manufacturing,Industrial Machinery,MACHINERY,77223802.91666667,UNDEFINED,,USD,,TRUE,PRESENT,2026-08-18,2026-08-18,
FlexQube AB,FLEXQ,Sweden,OMXSTO,SEK,TRADINGVIEW_SCREENER,Producer Manufacturing,Industrial Machinery,MACHINERY,76553109.5432,UNDEFINED,,SEK,,TRUE,PRESENT,2026-08-18,2026-08-18,
O-WELL CORPORATION,7670,Japan,TSE,JPY,TRADINGVIEW_SCREENER,Producer Manufacturing,Industrial Machinery,MACHINERY,76471656.72382501,UNDEFINED,,JPY,,TRUE,PRESENT,2026-08-18,2026-08-18,
"Falcon Machine Tools Co., Ltd.",4513,Taiwan,TPEX,TWD,TRADINGVIEW_SCREENER,Producer Manufacturing,Industrial Machinery,MACHINERY,76458428.018361,UNDEFINED,,TWD,,TRUE,PRESENT,2026-08-18,2026-08-18,
Permanent Magnets Limited,PERMAGN,India,NSE,INR,TRADINGVIEW_SCREENER,Producer Manufacturing,Industrial Machinery,MACHINERY,74966114.494554,UNDEFINED,,INR,,TRUE,PRESENT,2026-08-18,2026-08-18,
Al-Ghazi Tractors Ltd.,AGTL,Pakistan,PSX,PKR,TRADINGVIEW_SCREENER,Producer Manufacturing,Trucks/Construction/Farm Machinery,MACHINERY,74667868.018128,UNDEFINED,,PKR,,TRUE,PRESENT,2026-08-18,2026-08-18,Broad industry; review for shipbuilding/construction-equipment.
Erredue S.P.A.,RDUE,Italy,MIL,EUR,TRADINGVIEW_SCREENER,Producer Manufacturing,Industrial Machinery,MACHINERY,74449688.65650001,UNDEFINED,,EUR,,TRUE,PRESENT,2026-08-18,2026-08-18,
Sino ICT Holdings Limited,365,Hong Kong,HKEX,HKD,TRADINGVIEW_SCREENER,Producer Manufacturing,Industrial Machinery,MACHINERY,74146801.14660001,UNDEFINED,,HKD,,TRUE,PRESENT,2026-08-18,2026-08-18,
"YJ Link Co., Ltd",209640,South Korea,KRX,KRW,TRADINGVIEW_SCREENER,Producer Manufacturing,Industrial Machinery,MACHINERY,73978062.217722,UNDEFINED,,KRW,,TRUE,PRESENT,2026-08-18,2026-08-18,
GEE Limited,GEE,India,BSE,INR,TRADINGVIEW_SCREENER,Producer Manufacturing,Industrial Machinery,MACHINERY,73930389.60050401,UNDEFINED,,INR,,TRUE,PRESENT,2026-08-18,2026-08-18,
Notion VTec Bhd.,NOTION,Malaysia,MYX,MYR,TRADINGVIEW_SCREENER,Producer Manufacturing,Industrial Machinery,MACHINERY,73888019.0384,UNDEFINED,,MYR,,TRUE,PRESENT,2026-08-18,2026-08-18,
Indo Farm Equipment Ltd.,INDOFARM,India,NSE,INR,TRADINGVIEW_SCREENER,Producer Manufacturing,Trucks/Construction/Farm Machinery,MACHINERY,73631690.36124201,UNDEFINED,,INR,,TRUE,PRESENT,2026-08-18,2026-08-18,Broad industry; review for shipbuilding/construction-equipment.
MGI Digital Graphic Technology,ALMDG,France,EURONEXT,EUR,TRADINGVIEW_SCREENER,Producer Manufacturing,Industrial Machinery,MACHINERY,73509267.96000001,UNDEFINED,,EUR,,TRUE,PRESENT,2026-08-18,2026-08-18,
SIT S.p.A.,SIT,Italy,MIL,EUR,TRADINGVIEW_SCREENER,Producer Manufacturing,Industrial Machinery,MACHINERY,73117841.283,UNDEFINED,,EUR,,TRUE,PRESENT,2026-08-18,2026-08-18,
Indef Manufacturing Limited,BAJAJINDEF,India,NSE,INR,TRADINGVIEW_SCREENER,Producer Manufacturing,Trucks/Construction/Farm Machinery,MACHINERY,72982832,UNDEFINED,,INR,,TRUE,PRESENT,2026-08-18,2026-08-18,Broad industry; review for shipbuilding/construction-equipment.
Kaulin Manufacturing Co. Ltd.,1531,Taiwan,TWSE,TWD,TRADINGVIEW_SCREENER,Producer Manufacturing,Industrial Machinery,MACHINERY,72956514.649168,UNDEFINED,,TWD,,TRUE,PRESENT,2026-08-18,2026-08-18,
"China Fineblanking Technology Co., Ltd.",1586,Taiwan,TPEX,TWD,TRADINGVIEW_SCREENER,Producer Manufacturing,Industrial Machinery,MACHINERY,72644539.824827,UNDEFINED,,TWD,,TRUE,PRESENT,2026-08-18,2026-08-18,
Concepcion Industrial Corp.,CIC,Philippines,PSE,PHP,TRADINGVIEW_SCREENER,Producer Manufacturing,Industrial Machinery,MACHINERY,72496315.2368,UNDEFINED,,PHP,,TRUE,PRESENT,2026-08-18,2026-08-18,
"Micron Machinery Co., Ltd.",6159,Japan,TSE,JPY,TRADINGVIEW_SCREENER,Producer Manufacturing,Industrial Machinery,MACHINERY,71770372.758825,UNDEFINED,,JPY,,TRUE,PRESENT,2026-08-18,2026-08-18,
Tacmina Corporation,6322,Japan,TSE,JPY,TRADINGVIEW_SCREENER,Producer Manufacturing,Industrial Machinery,MACHINERY,71606891.43255,UNDEFINED,,JPY,,TRUE,PRESENT,2026-08-18,2026-08-18,
Scana ASA,SCANAO,Norway,OMXSTO,NOK,TRADINGVIEW_SCREENER,Producer Manufacturing,Trucks/Construction/Farm Machinery,MACHINERY,71373651.27984,UNDEFINED,,NOK,,TRUE,PRESENT,2026-08-18,2026-08-18,Broad industry; review for shipbuilding/construction-equipment.
ODESSOS Shiprepair Yard S.A.,ODES,Bulgaria,BSESOF,EUR,TRADINGVIEW_SCREENER,Producer Manufacturing,Trucks/Construction/Farm Machinery,MACHINERY,71237408.13450001,UNDEFINED,,EUR,,TRUE,PRESENT,2026-08-18,2026-08-18,Broad industry; review for shipbuilding/construction-equipment.
"Young Shine Electric Co., Ltd.",2249,Taiwan,TPEX,TWD,TRADINGVIEW_SCREENER,Producer Manufacturing,Industrial Machinery,MACHINERY,70977392.321069,UNDEFINED,,TWD,,TRUE,PRESENT,2026-08-18,2026-08-18,
Axtel Industries Limited,AXTEL,India,NSE,INR,TRADINGVIEW_SCREENER,Producer Manufacturing,Industrial Machinery,MACHINERY,70270992.05871001,UNDEFINED,,INR,,TRUE,PRESENT,2026-08-18,2026-08-18,
3Ren Bhd,3REN,Malaysia,MYX,MYR,TRADINGVIEW_SCREENER,Producer Manufacturing,Industrial Machinery,MACHINERY,69247892.33039999,UNDEFINED,,MYR,,TRUE,PRESENT,2026-08-18,2026-08-18,
"FNS TECH Co., Ltd.",083500,South Korea,KRX,KRW,TRADINGVIEW_SCREENER,Producer Manufacturing,Industrial Machinery,MACHINERY,68995146.479688,UNDEFINED,,KRW,,TRUE,PRESENT,2026-08-18,2026-08-18,
Tankup Engineers Limited,TANKUP,India,NSE,INR,TRADINGVIEW_SCREENER,Producer Manufacturing,Industrial Machinery,MACHINERY,68770189.2,UNDEFINED,,INR,,TRUE,PRESENT,2026-08-18,2026-08-18,
"MK Seiko Co., Ltd.",5906,Japan,TSE,JPY,TRADINGVIEW_SCREENER,Producer Manufacturing,Industrial Machinery,MACHINERY,68432923.623725,UNDEFINED,,JPY,,TRUE,PRESENT,2026-08-18,2026-08-18,
Austin Engineering Limited,ANG,Australia,ASX,AUD,TRADINGVIEW_SCREENER,Producer Manufacturing,Industrial Machinery,MACHINERY,68389848.739,UNDEFINED,,AUD,,TRUE,PRESENT,2026-08-18,2026-08-18,
Hancom WITH Inc,054920,South Korea,KRX,KRW,TRADINGVIEW_SCREENER,Producer Manufacturing,Industrial Machinery,MACHINERY,68230442.57328,UNDEFINED,,KRW,,TRUE,PRESENT,2026-08-18,2026-08-18,
Single Well Industrial Co. Ltd.,3490,Taiwan,TPEX,TWD,TRADINGVIEW_SCREENER,Producer Manufacturing,Industrial Machinery,MACHINERY,68032096.669671,UNDEFINED,,TWD,,TRUE,PRESENT,2026-08-18,2026-08-18,
"Quaser Machine Tools, Inc.",4563,Taiwan,TPEX,TWD,TRADINGVIEW_SCREENER,Producer Manufacturing,Industrial Machinery,MACHINERY,67876590.175578,UNDEFINED,,TWD,,TRUE,PRESENT,2026-08-18,2026-08-18,
Austin Engineering Ltd.,AUSTF,Australia,OTC,USD,TRADINGVIEW_SCREENER,Producer Manufacturing,Industrial Machinery,MACHINERY,67844315.1432258,UNDEFINED,,USD,,TRUE,PRESENT,2026-08-18,2026-08-18,
"Ishikawa Seisakusho,Ltd.",6208,Japan,TSE,JPY,TRADINGVIEW_SCREENER,Producer Manufacturing,Industrial Machinery,MACHINERY,67367927.65565,UNDEFINED,,JPY,,TRUE,PRESENT,2026-08-18,2026-08-18,
Sanoyas Holdings Corporation,7022,Japan,TSE,JPY,TRADINGVIEW_SCREENER,Producer Manufacturing,Trucks/Construction/Farm Machinery,MACHINERY,67067015.038100004,UNDEFINED,,JPY,,TRUE,PRESENT,2026-08-18,2026-08-18,Broad industry; review for shipbuilding/construction-equipment.
Catana Group SA,0OGG,France,LSE,EUR,TRADINGVIEW_SCREENER,Producer Manufacturing,Trucks/Construction/Farm Machinery,MACHINERY,66680662.82400001,UNDEFINED,,EUR,,TRUE,PRESENT,2026-08-18,2026-08-18,Broad industry; review for shipbuilding/construction-equipment.
"Stormtec Co., Ltd.",352090,South Korea,KRX,KRW,TRADINGVIEW_SCREENER,Producer Manufacturing,Industrial Machinery,MACHINERY,66498575.429052,UNDEFINED,,KRW,,TRUE,PRESENT,2026-08-18,2026-08-18,
Meere Company Incorporated,049950,South Korea,KRX,KRW,TRADINGVIEW_SCREENER,Producer Manufacturing,Industrial Machinery,MACHINERY,66384408.70362601,UNDEFINED,,KRW,,TRUE,PRESENT,2026-08-18,2026-08-18,
Kanefusa Corporation,5984,Japan,TSE,JPY,TRADINGVIEW_SCREENER,Producer Manufacturing,Industrial Machinery,MACHINERY,66028703.65185,UNDEFINED,,JPY,,TRUE,PRESENT,2026-08-18,2026-08-18,
"Viatron Technologies, Inc.",141000,South Korea,KRX,KRW,TRADINGVIEW_SCREENER,Producer Manufacturing,Industrial Machinery,MACHINERY,65971563.578388005,UNDEFINED,,KRW,,TRUE,PRESENT,2026-08-18,2026-08-18,
Autris,AUTR,Panama,OTC,USD,TRADINGVIEW_SCREENER,Producer Manufacturing,Industrial Machinery,MACHINERY,65823173.999999985,UNDEFINED,,USD,,TRUE,PRESENT,2026-08-18,2026-08-18,
"Seiwa Electric Mfg. Co., Ltd.",6748,Japan,TSE,JPY,TRADINGVIEW_SCREENER,Producer Manufacturing,Industrial Machinery,MACHINERY,65755462.0273,UNDEFINED,,JPY,,TRUE,PRESENT,2026-08-18,2026-08-18,
Boustead Heavy Industries Corporation Bhd.,BHIC,Malaysia,MYX,MYR,TRADINGVIEW_SCREENER,Producer Manufacturing,Trucks/Construction/Farm Machinery,MACHINERY,65480407.9097,UNDEFINED,,MYR,,TRUE,PRESENT,2026-08-18,2026-08-18,Broad industry; review for shipbuilding/construction-equipment.
Sunita Tools Limted,SUNITATOOL,India,BSE,INR,TRADINGVIEW_SCREENER,Producer Manufacturing,Industrial Machinery,MACHINERY,65011901.879484005,UNDEFINED,,INR,,TRUE,PRESENT,2026-08-18,2026-08-18,
"SHOWA SHINKU CO., LTD.",6384,Japan,TSE,JPY,TRADINGVIEW_SCREENER,Producer Manufacturing,Industrial Machinery,MACHINERY,64845102.729075,UNDEFINED,,JPY,,TRUE,PRESENT,2026-08-18,2026-08-18,
MaxiPARTS Limited,MXI,Australia,ASX,AUD,TRADINGVIEW_SCREENER,Producer Manufacturing,Trucks/Construction/Farm Machinery,MACHINERY,64724586.4757,UNDEFINED,,AUD,,TRUE,PRESENT,2026-08-18,2026-08-18,Broad industry; review for shipbuilding/construction-equipment.
Bumech S.A.,O1O,Poland,GETTEX,EUR,TRADINGVIEW_SCREENER,Producer Manufacturing,Trucks/Construction/Farm Machinery,MACHINERY,64516893.7541,UNDEFINED,,EUR,,TRUE,PRESENT,2026-08-18,2026-08-18,Broad industry; review for shipbuilding/construction-equipment.
Al-Omran Industrial & Trading Co.,4141,Saudi Arabia,TADAWUL,SAR,TRADINGVIEW_SCREENER,Producer Manufacturing,Industrial Machinery,MACHINERY,63948444.52512,UNDEFINED,,SAR,,TRUE,PRESENT,2026-08-18,2026-08-18,
Gold Rain Enterprises Corp.,4503,Taiwan,TPEX,TWD,TRADINGVIEW_SCREENER,Producer Manufacturing,Industrial Machinery,MACHINERY,63879944.815256,UNDEFINED,,TWD,,TRUE,PRESENT,2026-08-18,2026-08-18,
Lida Holdings Ltd.,4552,Taiwan,TWSE,TWD,TRADINGVIEW_SCREENER,Producer Manufacturing,Industrial Machinery,MACHINERY,63864546.827507995,UNDEFINED,,TWD,,TRUE,PRESENT,2026-08-18,2026-08-18,
TechPrecision Corporation,TPCS,United States,NASDAQ,USD,TRADINGVIEW_SCREENER,Producer Manufacturing,Industrial Machinery,MACHINERY,62924931.40400669,UNDEFINED,,USD,,TRUE,PRESENT,2026-08-18,2026-08-18,
WONIK PNE CO. LTD.,217820,South Korea,KRX,KRW,TRADINGVIEW_SCREENER,Producer Manufacturing,Industrial Machinery,MACHINERY,62871553.568538,UNDEFINED,,KRW,,TRUE,PRESENT,2026-08-18,2026-08-18,
Artson Ltd,ARTSON,India,BSE,INR,TRADINGVIEW_SCREENER,Producer Manufacturing,Industrial Machinery,MACHINERY,62606737.484572,UNDEFINED,,INR,,TRUE,PRESENT,2026-08-18,2026-08-18,
Pelican Aqua Holding Plc,PLCAN,Cyprus,OSL,NOK,TRADINGVIEW_SCREENER,Producer Manufacturing,Trucks/Construction/Farm Machinery,MACHINERY,62411729.6124,UNDEFINED,,NOK,,TRUE,PRESENT,2026-08-18,2026-08-18,Broad industry; review for shipbuilding/construction-equipment.
SLP Resources Bhd.,SLP,Malaysia,MYX,MYR,TRADINGVIEW_SCREENER,Producer Manufacturing,Industrial Machinery,MACHINERY,61946661.6671,UNDEFINED,,MYR,,TRUE,PRESENT,2026-08-18,2026-08-18,
Walrus Pump Co Ltd,6982,Taiwan,TPEX,TWD,TRADINGVIEW_SCREENER,Producer Manufacturing,Industrial Machinery,MACHINERY,61838437.797263,UNDEFINED,,TWD,,TRUE,PRESENT,2026-08-18,2026-08-18,
SMC Electric Limited,2381,Hong Kong,HKEX,HKD,TRADINGVIEW_SCREENER,Producer Manufacturing,Industrial Machinery,MACHINERY,61661599.617800005,UNDEFINED,,HKD,,TRUE,PRESENT,2026-08-18,2026-08-18,
MX Robotics Inc.,007820,South Korea,KRX,KRW,TRADINGVIEW_SCREENER,Producer Manufacturing,Industrial Machinery,MACHINERY,61594153.804170005,UNDEFINED,,KRW,,TRUE,PRESENT,2026-08-18,2026-08-18,
"DKME Co., Ltd.",015590,South Korea,KRX,KRW,TRADINGVIEW_SCREENER,Producer Manufacturing,Industrial Machinery,MACHINERY,61024287.643254004,UNDEFINED,,KRW,,TRUE,PRESENT,2026-08-18,2026-08-18,
Baso Precision Optics Ltd.,6517,Taiwan,TPEX,TWD,TRADINGVIEW_SCREENER,Producer Manufacturing,Industrial Machinery,MACHINERY,60855780.345956,UNDEFINED,,TWD,,TRUE,PRESENT,2026-08-18,2026-08-18,
Hamai Industries Ltd.,6497,Japan,TSE,JPY,TRADINGVIEW_SCREENER,Producer Manufacturing,Industrial Machinery,MACHINERY,60710807.520925,UNDEFINED,,JPY,,TRUE,PRESENT,2026-08-18,2026-08-18,
"Teco Image Systems Co., Ltd.",5438,Taiwan,TPEX,TWD,TRADINGVIEW_SCREENER,Producer Manufacturing,Industrial Machinery,MACHINERY,60202555.286948994,UNDEFINED,,TWD,,TRUE,PRESENT,2026-08-18,2026-08-18,
SunScout Holding Limited,SNSC,New Zealand,AMEX,USD,TRADINGVIEW_SCREENER,Producer Manufacturing,Trucks/Construction/Farm Machinery,MACHINERY,59999999.02280131,UNDEFINED,,USD,,TRUE,PRESENT,2026-08-18,2026-08-18,Broad industry; review for shipbuilding/construction-equipment.
Huazhang Technology Holding Ltd.,1673,China,HKEX,HKD,TRADINGVIEW_SCREENER,Producer Manufacturing,Industrial Machinery,MACHINERY,59987507.307000004,UNDEFINED,,HKD,,TRUE,PRESENT,2026-08-18,2026-08-18,
"Ono Sokki Co., Ltd.",6858,Japan,TSE,JPY,TRADINGVIEW_SCREENER,Producer Manufacturing,Industrial Machinery,MACHINERY,59949225.97525,UNDEFINED,,JPY,,TRUE,PRESENT,2026-08-18,2026-08-18,
"DRB Industrial Co., Ltd.",163560,South Korea,KRX,KRW,TRADINGVIEW_SCREENER,Producer Manufacturing,Industrial Machinery,MACHINERY,59620156.363638006,UNDEFINED,,KRW,,TRUE,PRESENT,2026-08-18,2026-08-18,
Ebusco Holding N.V.,8J30,Netherlands,GETTEX,EUR,TRADINGVIEW_SCREENER,Producer Manufacturing,Trucks/Construction/Farm Machinery,MACHINERY,59224965.223500006,UNDEFINED,,EUR,,TRUE,PRESENT,2026-08-18,2026-08-18,Broad industry; review for shipbuilding/construction-equipment.
"Hanshin Machinery Co., Ltd",011700,South Korea,KRX,KRW,TRADINGVIEW_SCREENER,Producer Manufacturing,Industrial Machinery,MACHINERY,59151726.950706005,UNDEFINED,,KRW,,TRUE,PRESENT,2026-08-18,2026-08-18,
Seafire AB,SEAF,Sweden,OMXSTO,SEK,TRADINGVIEW_SCREENER,Producer Manufacturing,Trucks/Construction/Farm Machinery,MACHINERY,58813662.0784,UNDEFINED,,SEK,,TRUE,PRESENT,2026-08-18,2026-08-18,Broad industry; review for shipbuilding/construction-equipment.
"Daiki Axis Co., Ltd.",4245,Japan,TSE,JPY,TRADINGVIEW_SCREENER,Producer Manufacturing,Industrial Machinery,MACHINERY,58804807.840450004,UNDEFINED,,JPY,,TRUE,PRESENT,2026-08-18,2026-08-18,
Seiko Corporation,6286,Japan,TSE,JPY,TRADINGVIEW_SCREENER,Producer Manufacturing,Industrial Machinery,MACHINERY,58633457.46965,UNDEFINED,,JPY,,TRUE,PRESENT,2026-08-18,2026-08-18,
"DRB Holding Co., Ltd.",004840,South Korea,KRX,KRW,TRADINGVIEW_SCREENER,Producer Manufacturing,Industrial Machinery,MACHINERY,58607915.58648001,UNDEFINED,,KRW,,TRUE,PRESENT,2026-08-18,2026-08-18,
"DYPNF Co., Ltd.",104460,South Korea,KRX,KRW,TRADINGVIEW_SCREENER,Producer Manufacturing,Industrial Machinery,MACHINERY,58071876.302232005,UNDEFINED,,KRW,,TRUE,PRESENT,2026-08-18,2026-08-18,
"MOT Co., LTD",413390,South Korea,KRX,KRW,TRADINGVIEW_SCREENER,Producer Manufacturing,Trucks/Construction/Farm Machinery,MACHINERY,57799222.09893,UNDEFINED,,KRW,,TRUE,PRESENT,2026-08-18,2026-08-18,Broad industry; review for shipbuilding/construction-equipment.
Sun Max Tech Limited,6591,Taiwan,TWSE,TWD,TRADINGVIEW_SCREENER,Producer Manufacturing,Industrial Machinery,MACHINERY,57338165.886634,UNDEFINED,,TWD,,TRUE,PRESENT,2026-08-18,2026-08-18,
Viscom AG,0GED,Germany,LSE,EUR,TRADINGVIEW_SCREENER,Producer Manufacturing,Industrial Machinery,MACHINERY,57165335.869500004,UNDEFINED,,EUR,,TRUE,PRESENT,2026-08-18,2026-08-18,
Hydraulic Elements and Systems AD,HES,Bulgaria,BSESOF,EUR,TRADINGVIEW_SCREENER,Producer Manufacturing,Industrial Machinery,MACHINERY,56390080.72050001,UNDEFINED,,EUR,,TRUE,PRESENT,2026-08-18,2026-08-18,
Integra Engineering India Limited,INTEGRAEN,India,BSE,INR,TRADINGVIEW_SCREENER,Producer Manufacturing,Industrial Machinery,MACHINERY,55870239.780528,UNDEFINED,,INR,,TRUE,PRESENT,2026-08-18,2026-08-18,
"Chosun Welding Co., Ltd.",120030,South Korea,KRX,KRW,TRADINGVIEW_SCREENER,Producer Manufacturing,Industrial Machinery,MACHINERY,55840731.91632,UNDEFINED,,KRW,,TRUE,PRESENT,2026-08-18,2026-08-18,
ONEJOON Co. Ltd.,382840,South Korea,KRX,KRW,TRADINGVIEW_SCREENER,Producer Manufacturing,Industrial Machinery,MACHINERY,55446953.054922,UNDEFINED,,KRW,,TRUE,PRESENT,2026-08-18,2026-08-18,
"Genesem, Inc.",217190,South Korea,KRX,KRW,TRADINGVIEW_SCREENER,Producer Manufacturing,Industrial Machinery,MACHINERY,55403640.952920005,UNDEFINED,,KRW,,TRUE,PRESENT,2026-08-18,2026-08-18,
Emek Elektrik Endustrisi A.S.,EMKEL,Turkey,BIST,TRY,TRADINGVIEW_SCREENER,Producer Manufacturing,Industrial Machinery,MACHINERY,55353735.696660005,UNDEFINED,,TRY,,TRUE,PRESENT,2026-08-18,2026-08-18,
"HanWool Semiconductor, Inc.",320000,South Korea,KRX,KRW,TRADINGVIEW_SCREENER,Producer Manufacturing,Industrial Machinery,MACHINERY,54600701.79096001,UNDEFINED,,KRW,,TRUE,PRESENT,2026-08-18,2026-08-18,
Veem Ltd.,VEE,Australia,ASX,AUD,TRADINGVIEW_SCREENER,Producer Manufacturing,Industrial Machinery,MACHINERY,54554444.285799995,UNDEFINED,,AUD,,TRUE,PRESENT,2026-08-18,2026-08-18,
"Sanso Electric Co., Ltd.",6518,Japan,TSE,JPY,TRADINGVIEW_SCREENER,Producer Manufacturing,Industrial Machinery,MACHINERY,54420405.3389,UNDEFINED,,JPY,,TRUE,PRESENT,2026-08-18,2026-08-18,
Brand Group (M.G) Ltd,BRND,Israel,TASE,ILA,TRADINGVIEW_SCREENER,Producer Manufacturing,Industrial Machinery,MACHINERY,54317113.06851,UNDEFINED,,ILA,,TRUE,PRESENT,2026-08-18,2026-08-18,
Iste Co. Ltd.,212710,South Korea,KRX,KRW,TRADINGVIEW_SCREENER,Producer Manufacturing,Industrial Machinery,MACHINERY,54177746.874498,UNDEFINED,,KRW,,TRUE,PRESENT,2026-08-18,2026-08-18,
HIL Industries Bhd.,HIL,Malaysia,MYX,MYR,TRADINGVIEW_SCREENER,Producer Manufacturing,Industrial Machinery,MACHINERY,53926942.5051,UNDEFINED,,MYR,,TRUE,PRESENT,2026-08-18,2026-08-18,
"IMT Co., Ltd.",451220,South Korea,KRX,KRW,TRADINGVIEW_SCREENER,Producer Manufacturing,Industrial Machinery,MACHINERY,53787214.774332,UNDEFINED,,KRW,,TRUE,PRESENT,2026-08-18,2026-08-18,
Alexanderwerk AG,ALXA,Germany,GETTEX,EUR,TRADINGVIEW_SCREENER,Producer Manufacturing,Industrial Machinery,MACHINERY,53707856.5305,UNDEFINED,,EUR,,TRUE,PRESENT,2026-08-18,2026-08-18,
Forward Science Corp.,7530,Taiwan,TPEX,TWD,TRADINGVIEW_SCREENER,Producer Manufacturing,Industrial Machinery,MACHINERY,53667556.5,UNDEFINED,,TWD,,TRUE,PRESENT,2026-08-18,2026-08-18,
DK-Lok Corporation,105740,South Korea,KRX,KRW,TRADINGVIEW_SCREENER,Producer Manufacturing,Industrial Machinery,MACHINERY,53469686.90793601,UNDEFINED,,KRW,,TRUE,PRESENT,2026-08-18,2026-08-18,
"Chang Type Industrial Co., Ltd.",1541,Taiwan,TWSE,TWD,TRADINGVIEW_SCREENER,Producer Manufacturing,Industrial Machinery,MACHINERY,53092984.434528,UNDEFINED,,TWD,,TRUE,PRESENT,2026-08-18,2026-08-18,
"Hwacheon Machine Tool Co., Ltd",000850,South Korea,KRX,KRW,TRADINGVIEW_SCREENER,Producer Manufacturing,Industrial Machinery,MACHINERY,52741261.142856,UNDEFINED,,KRW,,TRUE,PRESENT,2026-08-18,2026-08-18,
Pan Asia Environmental Protection Group Ltd.,556,China,HKEX,HKD,TRADINGVIEW_SCREENER,Producer Manufacturing,Industrial Machinery,MACHINERY,52485809.285000004,UNDEFINED,,HKD,,TRUE,PRESENT,2026-08-18,2026-08-18,
"MODEL SOLUTION CO., LTD.",417970,South Korea,KRX,KRW,TRADINGVIEW_SCREENER,Producer Manufacturing,Industrial Machinery,MACHINERY,52403944.409622006,UNDEFINED,,KRW,,TRUE,PRESENT,2026-08-18,2026-08-18,
Puequ CO. LTD.,9264,Japan,TSE,JPY,TRADINGVIEW_SCREENER,Producer Manufacturing,Industrial Machinery,MACHINERY,52050447.39412499,UNDEFINED,,JPY,,TRUE,PRESENT,2026-08-18,2026-08-18,
Aeontek Co Ltd,1599,Taiwan,TPEX,TWD,TRADINGVIEW_SCREENER,Producer Manufacturing,Trucks/Construction/Farm Machinery,MACHINERY,51611300.714168,UNDEFINED,,TWD,,TRUE,PRESENT,2026-08-18,2026-08-18,Broad industry; review for shipbuilding/construction-equipment.
KNS CO. LTD,432470,South Korea,KRX,KRW,TRADINGVIEW_SCREENER,Producer Manufacturing,Industrial Machinery,MACHINERY,51416229.222540006,UNDEFINED,,KRW,,TRUE,PRESENT,2026-08-18,2026-08-18,
"Roundtop Machinery Industries Co., Ltd",1540,Taiwan,TWSE,TWD,TRADINGVIEW_SCREENER,Producer Manufacturing,Industrial Machinery,MACHINERY,51190630.231745996,UNDEFINED,,TWD,,TRUE,PRESENT,2026-08-18,2026-08-18,
CHTC Fong's International Company Limited,641,Hong Kong,HKEX,HKD,TRADINGVIEW_SCREENER,Producer Manufacturing,Industrial Machinery,MACHINERY,51161176.95780001,UNDEFINED,,HKD,,TRUE,PRESENT,2026-08-18,2026-08-18,
"TSI Co.,Ltd",277880,South Korea,KRX,KRW,TRADINGVIEW_SCREENER,Producer Manufacturing,Industrial Machinery,MACHINERY,50635313.410968006,UNDEFINED,,KRW,,TRUE,PRESENT,2026-08-18,2026-08-18,
Pan Merchant Bhd,PMIBHD,Malaysia,MYX,MYR,TRADINGVIEW_SCREENER,Producer Manufacturing,Industrial Machinery,MACHINERY,50350228.7785,UNDEFINED,,MYR,,TRUE,PRESENT,2026-08-18,2026-08-18,
EVZ Limited,EVZ,Australia,ASX,AUD,TRADINGVIEW_SCREENER,Producer Manufacturing,Industrial Machinery,MACHINERY,49901052.5479,UNDEFINED,,AUD,,TRUE,PRESENT,2026-08-18,2026-08-18,
Mazda Limited,MAZDA,India,BSE,INR,TRADINGVIEW_SCREENER,Producer Manufacturing,Industrial Machinery,MACHINERY,49708817.50734001,UNDEFINED,,INR,,TRUE,PRESENT,2026-08-18,2026-08-18,
Calix Ltd.,CXL,Australia,ASX,AUD,TRADINGVIEW_SCREENER,Producer Manufacturing,Industrial Machinery,MACHINERY,49691028.67169999,UNDEFINED,,AUD,,TRUE,PRESENT,2026-08-18,2026-08-18,
"CS Holdings Co., Ltd.",000590,South Korea,KRX,KRW,TRADINGVIEW_SCREENER,Producer Manufacturing,Industrial Machinery,MACHINERY,49656426.98796,UNDEFINED,,KRW,,TRUE,PRESENT,2026-08-18,2026-08-18,
"Everbrite Technology Co., Ltd.",4523,Taiwan,TPEX,TWD,TRADINGVIEW_SCREENER,Producer Manufacturing,Industrial Machinery,MACHINERY,49635874.943726994,UNDEFINED,,TWD,,TRUE,PRESENT,2026-08-18,2026-08-18,
"Haisung Aero-Robotics Co., Ltd.",059270,South Korea,KRX,KRW,TRADINGVIEW_SCREENER,Producer Manufacturing,Industrial Machinery,MACHINERY,49614790.163328,UNDEFINED,,KRW,,TRUE,PRESENT,2026-08-18,2026-08-18,
"Deswell Industries, Inc.",DSWL,China,NASDAQ,USD,TRADINGVIEW_SCREENER,Producer Manufacturing,Industrial Machinery,MACHINERY,49403096.79617834,UNDEFINED,,USD,,TRUE,PRESENT,2026-08-18,2026-08-18,
DAWON NEXVIEW CO. LTD.,323350,South Korea,KRX,KRW,TRADINGVIEW_SCREENER,Producer Manufacturing,Industrial Machinery,MACHINERY,49010090.742054,UNDEFINED,,KRW,,TRUE,PRESENT,2026-08-18,2026-08-18,
Frigoglass S.A.I.C.,FRIGO,Greece,ATHEX,EUR,TRADINGVIEW_SCREENER,Producer Manufacturing,Industrial Machinery,MACHINERY,48906010.70550001,UNDEFINED,,EUR,,TRUE,PRESENT,2026-08-18,2026-08-18,
"A-One Seimitsu, Inc.",6156,Japan,TSE,JPY,TRADINGVIEW_SCREENER,Producer Manufacturing,Industrial Machinery,MACHINERY,48812348.125225,UNDEFINED,,JPY,,TRUE,PRESENT,2026-08-18,2026-08-18,
NARAE NANOTECH CORPORATION,137080,South Korea,KRX,KRW,TRADINGVIEW_SCREENER,Producer Manufacturing,Industrial Machinery,MACHINERY,48794315.692824006,UNDEFINED,,KRW,,TRUE,PRESENT,2026-08-18,2026-08-18,
Kaji Technology Corporation Ltd.,6391,Japan,TSE,JPY,TRADINGVIEW_SCREENER,Producer Manufacturing,Industrial Machinery,MACHINERY,48754448.8069,UNDEFINED,,JPY,,TRUE,PRESENT,2026-08-18,2026-08-18,
"CVC Technologies, Inc.",4744,Taiwan,TPEX,TWD,TRADINGVIEW_SCREENER,Producer Manufacturing,Industrial Machinery,MACHINERY,48625729.316222996,UNDEFINED,,TWD,,TRUE,PRESENT,2026-08-18,2026-08-18,
Bemco Hydraulics Limited,BEMHY,India,BSE,INR,TRADINGVIEW_SCREENER,Producer Manufacturing,Industrial Machinery,MACHINERY,48349282.315144,UNDEFINED,,INR,,TRUE,PRESENT,2026-08-18,2026-08-18,
Enogia SAS,ALENO,France,EURONEXT,EUR,TRADINGVIEW_SCREENER,Producer Manufacturing,Industrial Machinery,MACHINERY,48285413.145,UNDEFINED,,EUR,,TRUE,PRESENT,2026-08-18,2026-08-18,
Meka Global Makine Imalat Sanayi Ve Ticaret A.S.,MEKAG,Turkey,BIST,TRY,TRADINGVIEW_SCREENER,Producer Manufacturing,Industrial Machinery,MACHINERY,48028560,UNDEFINED,,TRY,,TRUE,PRESENT,2026-08-18,2026-08-18,
IMAS Makina Sanayi Anonim Sirketi,IMASM,Turkey,BIST,TRY,TRADINGVIEW_SCREENER,Producer Manufacturing,Industrial Machinery,MACHINERY,47951721.96726,UNDEFINED,,TRY,,TRUE,PRESENT,2026-08-18,2026-08-18,
SHINIL ELECTRONICS CO. LTD.,002700,South Korea,KRX,KRW,TRADINGVIEW_SCREENER,Producer Manufacturing,Industrial Machinery,MACHINERY,47686904.817786,UNDEFINED,,KRW,,TRUE,PRESENT,2026-08-18,2026-08-18,
Klimasan Klima Sanayi ve Ticaret A.S.,KLMSN,Turkey,BIST,TRY,TRADINGVIEW_SCREENER,Producer Manufacturing,Industrial Machinery,MACHINERY,47515817.52285,UNDEFINED,,TRY,,TRUE,PRESENT,2026-08-18,2026-08-18,
Balgopal Commercial Ltd.,BALGOPAL,India,BSE,INR,TRADINGVIEW_SCREENER,Producer Manufacturing,Industrial Machinery,MACHINERY,47470235.263854004,UNDEFINED,,INR,,TRUE,PRESENT,2026-08-18,2026-08-18,
Esautomotion SpA,ESAU,Italy,MIL,EUR,TRADINGVIEW_SCREENER,Producer Manufacturing,Industrial Machinery,MACHINERY,47168547.5565,UNDEFINED,,EUR,,TRUE,PRESENT,2026-08-18,2026-08-18,
Yongmao Holdings Limited,BKX,Singapore,SGX,SGD,TRADINGVIEW_SCREENER,Producer Manufacturing,Trucks/Construction/Farm Machinery,MACHINERY,47151455.7813,UNDEFINED,,SGD,,TRUE,PRESENT,2026-08-18,2026-08-18,Broad industry; review for shipbuilding/construction-equipment.
Halcyon Technology PCL,HTECH,Thailand,SET,THB,TRADINGVIEW_SCREENER,Producer Manufacturing,Industrial Machinery,MACHINERY,47119263.658360004,UNDEFINED,,THB,,TRUE,PRESENT,2026-08-18,2026-08-18,
"Laserssel Co., Ltd.",412350,South Korea,KRX,KRW,TRADINGVIEW_SCREENER,Producer Manufacturing,Industrial Machinery,MACHINERY,47104888.492818005,UNDEFINED,,KRW,,TRUE,PRESENT,2026-08-18,2026-08-18,
Austar Lifesciences Ltd.,6118,China,HKEX,HKD,TRADINGVIEW_SCREENER,Producer Manufacturing,Industrial Machinery,MACHINERY,47018126.40980001,UNDEFINED,,HKD,,TRUE,PRESENT,2026-08-18,2026-08-18,
Unimech Group Bhd.,UNIMECH,Malaysia,MYX,MYR,TRADINGVIEW_SCREENER,Producer Manufacturing,Industrial Machinery,MACHINERY,46909600.656799994,UNDEFINED,,MYR,,TRUE,PRESENT,2026-08-18,2026-08-18,
Sotefin Bharat Limited,SOTEFIN,India,BSE,INR,TRADINGVIEW_SCREENER,Producer Manufacturing,Industrial Machinery,MACHINERY,46696813.94637401,UNDEFINED,,INR,,TRUE,PRESENT,2026-08-18,2026-08-18,
Gujarat Apollo Industries Limited,GUJAPOLLO,India,NSE,INR,TRADINGVIEW_SCREENER,Producer Manufacturing,Trucks/Construction/Farm Machinery,MACHINERY,46459941.713134006,UNDEFINED,,INR,,TRUE,PRESENT,2026-08-18,2026-08-18,Broad industry; review for shipbuilding/construction-equipment.
AIOS Tech Inc.,AIOS,China,NASDAQ,USD,TRADINGVIEW_SCREENER,Producer Manufacturing,Industrial Machinery,MACHINERY,46335545.79751037,UNDEFINED,,USD,,TRUE,PRESENT,2026-08-18,2026-08-18,
Sealmatic India Ltd.,SEALMATIC,India,BSE,INR,TRADINGVIEW_SCREENER,Producer Manufacturing,Industrial Machinery,MACHINERY,46067772.51882,UNDEFINED,,INR,,TRUE,PRESENT,2026-08-18,2026-08-18,
"JNK Global Co., Ltd.",126880,South Korea,KRX,KRW,TRADINGVIEW_SCREENER,Producer Manufacturing,Industrial Machinery,MACHINERY,46027183.72636801,UNDEFINED,,KRW,,TRUE,PRESENT,2026-08-18,2026-08-18,
Kovrov Mech. Zavod,KMEZ,Russian Federation,RUS,RUB,TRADINGVIEW_SCREENER,Producer Manufacturing,Industrial Machinery,MACHINERY,45871274.54,UNDEFINED,,RUB,,TRUE,PRESENT,2026-08-18,2026-08-18,
PLANOPTIK AG,A0HGQS,Germany,LSX,EUR,TRADINGVIEW_SCREENER,Producer Manufacturing,Industrial Machinery,MACHINERY,45762724.660500005,UNDEFINED,,EUR,,TRUE,PRESENT,2026-08-18,2026-08-18,
"Enjet Co., Ltd.",419080,South Korea,KRX,KRW,TRADINGVIEW_SCREENER,Producer Manufacturing,Industrial Machinery,MACHINERY,45657584.692668006,UNDEFINED,,KRW,,TRUE,PRESENT,2026-08-18,2026-08-18,
"Hwacheon Machinery Co., Ltd.",010660,South Korea,KRX,KRW,TRADINGVIEW_SCREENER,Producer Manufacturing,Industrial Machinery,MACHINERY,45637020,UNDEFINED,,KRW,,TRUE,PRESENT,2026-08-18,2026-08-18,
Inin Group AS,ININ,Norway,OSL,NOK,TRADINGVIEW_SCREENER,Producer Manufacturing,Industrial Machinery,MACHINERY,45635128.585200004,UNDEFINED,,NOK,,TRUE,PRESENT,2026-08-18,2026-08-18,
"Tomita Co., Ltd.",8147,Japan,TSE,JPY,TRADINGVIEW_SCREENER,Producer Manufacturing,Industrial Machinery,MACHINERY,45227336.25315,UNDEFINED,,JPY,,TRUE,PRESENT,2026-08-18,2026-08-18,
"Kikukawa Enterprise,Inc.",6346,Japan,TSE,JPY,TRADINGVIEW_SCREENER,Producer Manufacturing,Industrial Machinery,MACHINERY,45071332.9134,UNDEFINED,,JPY,,TRUE,PRESENT,2026-08-18,2026-08-18,
"WOORY INDUSTRIAL CO.,LTD",215360,South Korea,KRX,KRW,TRADINGVIEW_SCREENER,Producer Manufacturing,Trucks/Construction/Farm Machinery,MACHINERY,44939557.001430005,UNDEFINED,,KRW,,TRUE,PRESENT,2026-08-18,2026-08-18,Broad industry; review for shipbuilding/construction-equipment.
Alfabs Australia Ltd.,AAL,Australia,ASX,AUD,TRADINGVIEW_SCREENER,Producer Manufacturing,Trucks/Construction/Farm Machinery,MACHINERY,44709756.893599994,UNDEFINED,,AUD,,TRUE,PRESENT,2026-08-18,2026-08-18,Broad industry; review for shipbuilding/construction-equipment.
Biorem Inc.,BRM,Canada,NEO,CAD,TRADINGVIEW_SCREENER,Producer Manufacturing,Industrial Machinery,MACHINERY,44634617.6115,UNDEFINED,,CAD,,TRUE,PRESENT,2026-08-18,2026-08-18,
"President Automobile Industries Public Co., Ltd.",PACO,Thailand,SET,THB,TRADINGVIEW_SCREENER,Producer Manufacturing,Industrial Machinery,MACHINERY,44592406.026,UNDEFINED,,THB,,TRUE,PRESENT,2026-08-18,2026-08-18,
"General Packer Co., Ltd.",6267,Japan,TSE,JPY,TRADINGVIEW_SCREENER,Producer Manufacturing,Industrial Machinery,MACHINERY,44567001.217525,UNDEFINED,,JPY,,TRUE,PRESENT,2026-08-18,2026-08-18,
"Kitazawa Sangyo Co., Ltd.",9930,Japan,TSE,JPY,TRADINGVIEW_SCREENER,Producer Manufacturing,Industrial Machinery,MACHINERY,44444822.255,UNDEFINED,,JPY,,TRUE,PRESENT,2026-08-18,2026-08-18,
Goodtech ASA Class A,0ELH,Norway,LSE,NOK,TRADINGVIEW_SCREENER,Producer Manufacturing,Industrial Machinery,MACHINERY,44354467.442880005,UNDEFINED,,NOK,,TRUE,PRESENT,2026-08-18,2026-08-18,
Batliboi Limited,BATLIBOI,India,NSE,INR,TRADINGVIEW_SCREENER,Producer Manufacturing,Industrial Machinery,MACHINERY,44350920.18925201,UNDEFINED,,INR,,TRUE,PRESENT,2026-08-18,2026-08-18,
"RYTHM, Inc.",RYM,United States,NASDAQ,USD,TRADINGVIEW_SCREENER,Producer Manufacturing,Trucks/Construction/Farm Machinery,MACHINERY,44301668.91682692,UNDEFINED,,USD,,TRUE,PRESENT,2026-08-18,2026-08-18,Broad industry; review for shipbuilding/construction-equipment.
OKUMURA ENGINEERING Corp.,6229,Japan,TSE,JPY,TRADINGVIEW_SCREENER,Producer Manufacturing,Industrial Machinery,MACHINERY,43924426.245375,UNDEFINED,,JPY,,TRUE,PRESENT,2026-08-18,2026-08-18,
SOLIZE Holdings Corporation,5871,Japan,TSE,JPY,TRADINGVIEW_SCREENER,Producer Manufacturing,Industrial Machinery,MACHINERY,43734550.8886,UNDEFINED,,JPY,,TRUE,PRESENT,2026-08-18,2026-08-18,
"Daechang Solution Co., Ltd.",096350,South Korea,KRX,KRW,TRADINGVIEW_SCREENER,Producer Manufacturing,Trucks/Construction/Farm Machinery,MACHINERY,43194868.195752,UNDEFINED,,KRW,,TRUE,PRESENT,2026-08-18,2026-08-18,Broad industry; review for shipbuilding/construction-equipment.
"Taihan Precision Technology Co., Ltd.",1336,Taiwan,TPEX,TWD,TRADINGVIEW_SCREENER,Producer Manufacturing,Industrial Machinery,MACHINERY,42731121.727519,UNDEFINED,,TWD,,TRUE,PRESENT,2026-08-18,2026-08-18,
NITCHO CORPORATION,2961,Japan,TSE,JPY,TRADINGVIEW_SCREENER,Producer Manufacturing,Industrial Machinery,MACHINERY,42526035.241475,UNDEFINED,,JPY,,TRUE,PRESENT,2026-08-18,2026-08-18,
Autech Corporation,067170,South Korea,KRX,KRW,TRADINGVIEW_SCREENER,Producer Manufacturing,Industrial Machinery,MACHINERY,42052896.957942,UNDEFINED,,KRW,,TRUE,PRESENT,2026-08-18,2026-08-18,
Kishin Corporation,092440,South Korea,KRX,KRW,TRADINGVIEW_SCREENER,Producer Manufacturing,Industrial Machinery,MACHINERY,41919229.095120005,UNDEFINED,,KRW,,TRUE,PRESENT,2026-08-18,2026-08-18,
Unique Fire Holdings Bhd,UNIQUE,Malaysia,MYX,MYR,TRADINGVIEW_SCREENER,Producer Manufacturing,Industrial Machinery,MACHINERY,41578253.9718,UNDEFINED,,MYR,,TRUE,PRESENT,2026-08-18,2026-08-18,
"CHEILGRINDING WHEEL INDUSTRIAL Co., Ltd.",001560,South Korea,KRX,KRW,TRADINGVIEW_SCREENER,Producer Manufacturing,Industrial Machinery,MACHINERY,41532003.96462,UNDEFINED,,KRW,,TRUE,PRESENT,2026-08-18,2026-08-18,
Forbes & Co. Ltd.,FORBESCO,India,BSE,INR,TRADINGVIEW_SCREENER,Producer Manufacturing,Industrial Machinery,MACHINERY,41414934.699798,UNDEFINED,,INR,,TRUE,PRESENT,2026-08-18,2026-08-18,
Hercules Investments Ltd,HERCULES,India,BSE,INR,TRADINGVIEW_SCREENER,Producer Manufacturing,Trucks/Construction/Farm Machinery,MACHINERY,41275939.713226005,UNDEFINED,,INR,,TRUE,PRESENT,2026-08-18,2026-08-18,Broad industry; review for shipbuilding/construction-equipment.
"PanStar Enterprise Co., Ltd",054300,South Korea,KRX,KRW,TRADINGVIEW_SCREENER,Producer Manufacturing,Industrial Machinery,MACHINERY,41067184.348008,UNDEFINED,,KRW,,TRUE,PRESENT,2026-08-18,2026-08-18,
"JDV Control Valves Co., Ltd.",6843,Taiwan,TPEX,TWD,TRADINGVIEW_SCREENER,Producer Manufacturing,Industrial Machinery,MACHINERY,40930755.8768,UNDEFINED,,TWD,,TRUE,PRESENT,2026-08-18,2026-08-18,
FEERUM S.A.,FEE,Poland,GPW,PLN,TRADINGVIEW_SCREENER,Producer Manufacturing,Trucks/Construction/Farm Machinery,MACHINERY,40921475.61085,UNDEFINED,,PLN,,TRUE,PRESENT,2026-08-18,2026-08-18,Broad industry; review for shipbuilding/construction-equipment.
"Tokyo Automatic Machinery Works, Ltd.",6360,Japan,TSE,JPY,TRADINGVIEW_SCREENER,Producer Manufacturing,Industrial Machinery,MACHINERY,40891750.747875,UNDEFINED,,JPY,,TRUE,PRESENT,2026-08-18,2026-08-18,
HS VALVE CO LTD,039610,South Korea,KRX,KRW,TRADINGVIEW_SCREENER,Producer Manufacturing,Industrial Machinery,MACHINERY,40486879.951128006,UNDEFINED,,KRW,,TRUE,PRESENT,2026-08-18,2026-08-18,
Micropolis AI Robotics,MCRP,United Arab Emirates,AMEX,USD,TRADINGVIEW_SCREENER,Producer Manufacturing,Industrial Machinery,MACHINERY,40470596.42307693,UNDEFINED,,USD,,TRUE,PRESENT,2026-08-18,2026-08-18,
AML3D Ltd,AL3,Australia,ASX,AUD,TRADINGVIEW_SCREENER,Producer Manufacturing,Industrial Machinery,MACHINERY,40180837.806099996,UNDEFINED,,AUD,,TRUE,PRESENT,2026-08-18,2026-08-18,
Taurian MPS Limited,TAURIAN,India,NSE,INR,TRADINGVIEW_SCREENER,Producer Manufacturing,Trucks/Construction/Farm Machinery,MACHINERY,39915291.1872,UNDEFINED,,INR,,TRUE,PRESENT,2026-08-18,2026-08-18,Broad industry; review for shipbuilding/construction-equipment.
"Waida Mfg. Co., Ltd.",6158,Japan,TSE,JPY,TRADINGVIEW_SCREENER,Producer Manufacturing,Industrial Machinery,MACHINERY,39844558.7871,UNDEFINED,,JPY,,TRUE,PRESENT,2026-08-18,2026-08-18,
"TEMC CNS Co., Ltd.",241790,South Korea,KRX,KRW,TRADINGVIEW_SCREENER,Producer Manufacturing,Industrial Machinery,MACHINERY,39821979.819960006,UNDEFINED,,KRW,,TRUE,PRESENT,2026-08-18,2026-08-18,
True Colors Limited,TRUECOLORS,India,BSE,INR,TRADINGVIEW_SCREENER,Producer Manufacturing,Industrial Machinery,MACHINERY,39599920.19934,UNDEFINED,,INR,,TRUE,PRESENT,2026-08-18,2026-08-18,
Makina Takim Endustrisi A.S.,MAKTK,Turkey,BIST,TRY,TRADINGVIEW_SCREENER,Producer Manufacturing,Industrial Machinery,MACHINERY,39586679.364810005,UNDEFINED,,TRY,,TRUE,PRESENT,2026-08-18,2026-08-18,
"Koge Micro Tech Co., Ltd.",4568,Taiwan,TPEX,TWD,TRADINGVIEW_SCREENER,Producer Manufacturing,Industrial Machinery,MACHINERY,38953652.827556,UNDEFINED,,TWD,,TRUE,PRESENT,2026-08-18,2026-08-18,
EDEN INNOVATIONS LTD,EDEYF,Australia,OTC,USD,TRADINGVIEW_SCREENER,Producer Manufacturing,Trucks/Construction/Farm Machinery,MACHINERY,38926758.0092,UNDEFINED,,USD,,TRUE,PRESENT,2026-08-18,2026-08-18,Broad industry; review for shipbuilding/construction-equipment.
Hexagon Purus ASA,0AC1,Norway,LSE,NOK,TRADINGVIEW_SCREENER,Producer Manufacturing,Industrial Machinery,MACHINERY,38729727.12168,UNDEFINED,,NOK,,TRUE,PRESENT,2026-08-18,2026-08-18,
Sanica Isi Sanayi A.S.,SNICA,Turkey,BIST,TRY,TRADINGVIEW_SCREENER,Producer Manufacturing,Industrial Machinery,MACHINERY,38726101.16793,UNDEFINED,,TRY,,TRUE,PRESENT,2026-08-18,2026-08-18,
"SP SYSTEMS Co., Ltd.",317830,South Korea,KRX,KRW,TRADINGVIEW_SCREENER,Producer Manufacturing,Industrial Machinery,MACHINERY,38555158.525884,UNDEFINED,,KRW,,TRUE,PRESENT,2026-08-18,2026-08-18,
Megatherm Induction Limited,MEGATHERM,India,NSE,INR,TRADINGVIEW_SCREENER,Producer Manufacturing,Industrial Machinery,MACHINERY,38451269.4621381,UNDEFINED,,INR,,TRUE,PRESENT,2026-08-18,2026-08-18,
"Miyairi Valve Mfg.Co., Ltd.",6495,Japan,TSE,JPY,TRADINGVIEW_SCREENER,Producer Manufacturing,Industrial Machinery,MACHINERY,38255850.434250005,UNDEFINED,,JPY,,TRUE,PRESENT,2026-08-18,2026-08-18,
Tipco Engineering India Limited,TIPCO,India,BSE,INR,TRADINGVIEW_SCREENER,Producer Manufacturing,Industrial Machinery,MACHINERY,38011563.174096,UNDEFINED,,INR,,TRUE,PRESENT,2026-08-18,2026-08-18,
Dynacert Inc,DYFSF,Canada,OTC,USD,TRADINGVIEW_SCREENER,Producer Manufacturing,Trucks/Construction/Farm Machinery,MACHINERY,37867358.404999994,UNDEFINED,,USD,,TRUE,PRESENT,2026-08-18,2026-08-18,Broad industry; review for shipbuilding/construction-equipment.
"Kawata Mfg. Co., Ltd.",6292,Japan,TSE,JPY,TRADINGVIEW_SCREENER,Producer Manufacturing,Industrial Machinery,MACHINERY,37778124.8576,UNDEFINED,,JPY,,TRUE,PRESENT,2026-08-18,2026-08-18,
"Lung Pien Vacuum Industry Co., Ltd.",5267,Taiwan,TPEX,TWD,TRADINGVIEW_SCREENER,Producer Manufacturing,Industrial Machinery,MACHINERY,37777063.036474,UNDEFINED,,TWD,,TRUE,PRESENT,2026-08-18,2026-08-18,
Hebei Yichen Industrial Group Corporation Limited Class H,1596,China,HKEX,HKD,TRADINGVIEW_SCREENER,Producer Manufacturing,Trucks/Construction/Farm Machinery,MACHINERY,37746991.0636,UNDEFINED,,HKD,,TRUE,PRESENT,2026-08-18,2026-08-18,Broad industry; review for shipbuilding/construction-equipment.
World Precision Machinery Ltd.,B49,China,SGX,SGD,TRADINGVIEW_SCREENER,Producer Manufacturing,Industrial Machinery,MACHINERY,37502399.2187,UNDEFINED,,SGD,,TRUE,PRESENT,2026-08-18,2026-08-18,
"Takamatsu Machinery Co., Ltd.",6155,Japan,TSE,JPY,TRADINGVIEW_SCREENER,Producer Manufacturing,Industrial Machinery,MACHINERY,37294375.20565,UNDEFINED,,JPY,,TRUE,PRESENT,2026-08-18,2026-08-18,
Datron AG,DAR,Germany,TRADEGATE,EUR,TRADINGVIEW_SCREENER,Producer Manufacturing,Industrial Machinery,MACHINERY,37034008.528500006,UNDEFINED,,EUR,,TRUE,PRESENT,2026-08-18,2026-08-18,
Kinergy Corporation Ltd.,3302,Singapore,HKEX,HKD,TRADINGVIEW_SCREENER,Producer Manufacturing,Industrial Machinery,MACHINERY,36936306.134,UNDEFINED,,HKD,,TRUE,PRESENT,2026-08-18,2026-08-18,
TPC Robotics Corporation,048770,South Korea,KRX,KRW,TRADINGVIEW_SCREENER,Producer Manufacturing,Industrial Machinery,MACHINERY,36916966.307286,UNDEFINED,,KRW,,TRUE,PRESENT,2026-08-18,2026-08-18,
"Jufan Industrial Co., Ltd.",4584,Taiwan,TPEX,TWD,TRADINGVIEW_SCREENER,Producer Manufacturing,Industrial Machinery,MACHINERY,36873076.358711995,UNDEFINED,,TWD,,TRUE,PRESENT,2026-08-18,2026-08-18,
SMT Scharf AG,A3DRAE,Germany,LSX,EUR,TRADINGVIEW_SCREENER,Producer Manufacturing,Trucks/Construction/Farm Machinery,MACHINERY,36704395.620000005,UNDEFINED,,EUR,,TRUE,PRESENT,2026-08-18,2026-08-18,Broad industry; review for shipbuilding/construction-equipment.
Sealink International Bhd.,SEALINK,Malaysia,MYX,MYR,TRADINGVIEW_SCREENER,Producer Manufacturing,Trucks/Construction/Farm Machinery,MACHINERY,36645001.465799995,UNDEFINED,,MYR,,TRUE,PRESENT,2026-08-18,2026-08-18,Broad industry; review for shipbuilding/construction-equipment.
Stovec Industries Limited,STOVACQ,India,BSE,INR,TRADINGVIEW_SCREENER,Producer Manufacturing,Industrial Machinery,MACHINERY,36124668.743364,UNDEFINED,,INR,,TRUE,PRESENT,2026-08-18,2026-08-18,
SBF AG,CY1K,Germany,DUS,EUR,TRADINGVIEW_SCREENER,Producer Manufacturing,Trucks/Construction/Farm Machinery,MACHINERY,35697041.329500005,UNDEFINED,,EUR,,TRUE,PRESENT,2026-08-18,2026-08-18,Broad industry; review for shipbuilding/construction-equipment.
Mia Dynamics Motors LTD,MIA,Israel,TASE,ILA,TRADINGVIEW_SCREENER,Producer Manufacturing,Trucks/Construction/Farm Machinery,MACHINERY,35641915.37847,UNDEFINED,,ILA,,TRUE,PRESENT,2026-08-18,2026-08-18,Broad industry; review for shipbuilding/construction-equipment.
Destini Bhd.,DESTINI,Malaysia,MYX,MYR,TRADINGVIEW_SCREENER,Producer Manufacturing,Trucks/Construction/Farm Machinery,MACHINERY,35539743.0703,UNDEFINED,,MYR,,TRUE,PRESENT,2026-08-18,2026-08-18,Broad industry; review for shipbuilding/construction-equipment.
"DAEMO Engineering Co., Ltd",317850,South Korea,KRX,KRW,TRADINGVIEW_SCREENER,Producer Manufacturing,Industrial Machinery,MACHINERY,35529956.3619,UNDEFINED,,KRW,,TRUE,PRESENT,2026-08-18,2026-08-18,
FreeMs Corporation,053160,South Korea,KRX,KRW,TRADINGVIEW_SCREENER,Producer Manufacturing,Industrial Machinery,MACHINERY,35480357.661060005,UNDEFINED,,KRW,,TRUE,PRESENT,2026-08-18,2026-08-18,
"Meiji Machine Co., Ltd.",6334,Japan,TSE,JPY,TRADINGVIEW_SCREENER,Producer Manufacturing,Industrial Machinery,MACHINERY,35373856.3988,UNDEFINED,,JPY,,TRUE,PRESENT,2026-08-18,2026-08-18,
Enertork Ltd.,019990,South Korea,KRX,KRW,TRADINGVIEW_SCREENER,Producer Manufacturing,Industrial Machinery,MACHINERY,35200909.045458004,UNDEFINED,,KRW,,TRUE,PRESENT,2026-08-18,2026-08-18,
Taiwan Benefit Co.,3379,Taiwan,TPEX,TWD,TRADINGVIEW_SCREENER,Producer Manufacturing,Industrial Machinery,MACHINERY,35183760.738486,UNDEFINED,,TWD,,TRUE,PRESENT,2026-08-18,2026-08-18,
Envioneer Co. Ltd.,317870,South Korea,KRX,KRW,TRADINGVIEW_SCREENER,Producer Manufacturing,Industrial Machinery,MACHINERY,34821324.37836,UNDEFINED,,KRW,,TRUE,PRESENT,2026-08-18,2026-08-18,
"Russell Co., Ltd.",217500,South Korea,KRX,KRW,TRADINGVIEW_SCREENER,Producer Manufacturing,Industrial Machinery,MACHINERY,34699450.385808,UNDEFINED,,KRW,,TRUE,PRESENT,2026-08-18,2026-08-18,
"Showa Manufacturing Co., Ltd.",5953,Japan,FSE,JPY,TRADINGVIEW_SCREENER,Producer Manufacturing,Industrial Machinery,MACHINERY,34649745.952875,UNDEFINED,,JPY,,TRUE,PRESENT,2026-08-18,2026-08-18,
Zvezda,ZVEZ,Russian Federation,RUS,RUB,TRADINGVIEW_SCREENER,Producer Manufacturing,Industrial Machinery,MACHINERY,34307303.756544,UNDEFINED,,RUB,,TRUE,PRESENT,2026-08-18,2026-08-18,
Fuji Seiko Ltd.,6142,Japan,NAG,JPY,TRADINGVIEW_SCREENER,Producer Manufacturing,Industrial Machinery,MACHINERY,33966166.403375,UNDEFINED,,JPY,,TRUE,PRESENT,2026-08-18,2026-08-18,
"PRO2000 CO.,LTD.",321260,South Korea,KRX,KRW,TRADINGVIEW_SCREENER,Producer Manufacturing,Industrial Machinery,MACHINERY,33962401.23939,UNDEFINED,,KRW,,TRUE,PRESENT,2026-08-18,2026-08-18,
"Knightscope, Inc.",KSCP,United States,NASDAQ,USD,TRADINGVIEW_SCREENER,Producer Manufacturing,Industrial Machinery,MACHINERY,33774250.84868421,UNDEFINED,,USD,,TRUE,PRESENT,2026-08-18,2026-08-18,
Hinopak Motors Limited.,HINO,Pakistan,PSX,PKR,TRADINGVIEW_SCREENER,Producer Manufacturing,Trucks/Construction/Farm Machinery,MACHINERY,33604669.593396,UNDEFINED,,PKR,,TRUE,PRESENT,2026-08-18,2026-08-18,Broad industry; review for shipbuilding/construction-equipment.
Pinnacle Food Group Limited,PFAI,Canada,NASDAQ,USD,TRADINGVIEW_SCREENER,Producer Manufacturing,Trucks/Construction/Farm Machinery,MACHINERY,33572487.468874164,UNDEFINED,,USD,,TRUE,PRESENT,2026-08-18,2026-08-18,Broad industry; review for shipbuilding/construction-equipment.
"Westport Fuel Systems, Inc.",WPRT,Canada,NEO,CAD,TRADINGVIEW_SCREENER,Producer Manufacturing,Trucks/Construction/Farm Machinery,MACHINERY,33522439.305600002,UNDEFINED,,CAD,,TRUE,PRESENT,2026-08-18,2026-08-18,Broad industry; review for shipbuilding/construction-equipment.
Mencast Holdings Ltd.,5NF,Singapore,SGX,SGD,TRADINGVIEW_SCREENER,Producer Manufacturing,Trucks/Construction/Farm Machinery,MACHINERY,33207788.4437,UNDEFINED,,SGD,,TRUE,PRESENT,2026-08-18,2026-08-18,Broad industry; review for shipbuilding/construction-equipment.
TSUDAKOMA Corp.,6217,Japan,TSE,JPY,TRADINGVIEW_SCREENER,Producer Manufacturing,Industrial Machinery,MACHINERY,33193223.581150003,UNDEFINED,,JPY,,TRUE,PRESENT,2026-08-18,2026-08-18,
"CK Solution Co., Ltd",480370,South Korea,KRX,KRW,TRADINGVIEW_SCREENER,Producer Manufacturing,Industrial Machinery,MACHINERY,33056063.768754,UNDEFINED,,KRW,,TRUE,PRESENT,2026-08-18,2026-08-18,
"Wuxi Sunlit Science & Technology Co., Ltd. Class H",1289,China,HKEX,HKD,TRADINGVIEW_SCREENER,Producer Manufacturing,Industrial Machinery,MACHINERY,33022081.528800007,UNDEFINED,,HKD,,TRUE,PRESENT,2026-08-18,2026-08-18,
"Chiu Ting Machinery Co., Ltd.",1539,Taiwan,TWSE,TWD,TRADINGVIEW_SCREENER,Producer Manufacturing,Industrial Machinery,MACHINERY,32727336.693342,UNDEFINED,,TWD,,TRUE,PRESENT,2026-08-18,2026-08-18,
CONVUM Ltd.,6265,Japan,TSE,JPY,TRADINGVIEW_SCREENER,Producer Manufacturing,Industrial Machinery,MACHINERY,32574827.95355,UNDEFINED,,JPY,,TRUE,PRESENT,2026-08-18,2026-08-18,
"Airrane Co., Ltd.",163280,South Korea,KRX,KRW,TRADINGVIEW_SCREENER,Producer Manufacturing,Industrial Machinery,MACHINERY,32420079.500562,UNDEFINED,,KRW,,TRUE,PRESENT,2026-08-18,2026-08-18,
SAIF Powertec Ltd.,SAIFPOWER,Bangladesh,DSEBD,BDT,TRADINGVIEW_SCREENER,Producer Manufacturing,Industrial Machinery,MACHINERY,32294616.929096002,UNDEFINED,,BDT,,TRUE,PRESENT,2026-08-18,2026-08-18,
"Unozawa-Gumi Iron Works, Limited",6396,Japan,TSE,JPY,TRADINGVIEW_SCREENER,Producer Manufacturing,Industrial Machinery,MACHINERY,32158998.468625,UNDEFINED,,JPY,,TRUE,PRESENT,2026-08-18,2026-08-18,
"Tokyo Kikai Seisakusho, Ltd.",6335,Japan,TSE,JPY,TRADINGVIEW_SCREENER,Producer Manufacturing,Industrial Machinery,MACHINERY,32142152.565975,UNDEFINED,,JPY,,TRUE,PRESENT,2026-08-18,2026-08-18,
"DYP Co.,Ltd",092780,South Korea,KRX,KRW,TRADINGVIEW_SCREENER,Producer Manufacturing,Industrial Machinery,MACHINERY,32072816.283768002,UNDEFINED,,KRW,,TRUE,PRESENT,2026-08-18,2026-08-18,
Impact Coatings AB,IMPC,Sweden,OMXSTO,SEK,TRADINGVIEW_SCREENER,Producer Manufacturing,Industrial Machinery,MACHINERY,31917237.2106,UNDEFINED,,SEK,,TRUE,PRESENT,2026-08-18,2026-08-18,
Haatz Inc.,066130,South Korea,KRX,KRW,TRADINGVIEW_SCREENER,Producer Manufacturing,Industrial Machinery,MACHINERY,31916327.227902003,UNDEFINED,,KRW,,TRUE,PRESENT,2026-08-18,2026-08-18,
Lachish Industries Ltd.,LHIS,Israel,TASE,ILA,TRADINGVIEW_SCREENER,Producer Manufacturing,Trucks/Construction/Farm Machinery,MACHINERY,31690343.800950002,UNDEFINED,,ILA,,TRUE,PRESENT,2026-08-18,2026-08-18,Broad industry; review for shipbuilding/construction-equipment.
Mahindra EPC Irrigation Limited,MAHEPC,India,NSE,INR,TRADINGVIEW_SCREENER,Producer Manufacturing,Trucks/Construction/Farm Machinery,MACHINERY,31398102.354016002,UNDEFINED,,INR,,TRUE,PRESENT,2026-08-18,2026-08-18,Broad industry; review for shipbuilding/construction-equipment.
Adisoft Technologies Limited,ADISOFT,India,NSE,INR,TRADINGVIEW_SCREENER,Producer Manufacturing,Industrial Machinery,MACHINERY,31328670.375600003,UNDEFINED,,INR,,TRUE,PRESENT,2026-08-18,2026-08-18,
Freemelt Holding AB,FREEM,Sweden,OMXSTO,SEK,TRADINGVIEW_SCREENER,Producer Manufacturing,Industrial Machinery,MACHINERY,31248382.2384,UNDEFINED,,SEK,,TRUE,PRESENT,2026-08-18,2026-08-18,
"NFK Holdings Co.,Ltd",6494,Japan,TSE,JPY,TRADINGVIEW_SCREENER,Producer Manufacturing,Industrial Machinery,MACHINERY,31198704.295425,UNDEFINED,,JPY,,TRUE,PRESENT,2026-08-18,2026-08-18,
Robit PLC,0RPG,Finland,LSE,EUR,TRADINGVIEW_SCREENER,Producer Manufacturing,Industrial Machinery,MACHINERY,31064724.5265,UNDEFINED,,EUR,,TRUE,PRESENT,2026-08-18,2026-08-18,
NOMURA CORPORATION,7131,Japan,TSE,JPY,TRADINGVIEW_SCREENER,Producer Manufacturing,Industrial Machinery,MACHINERY,30999072.123125,UNDEFINED,,JPY,,TRUE,PRESENT,2026-08-18,2026-08-18,
"Zhejiang Tengy Environmental Technology Co., Ltd. Class H",1527,China,HKEX,HKD,TRADINGVIEW_SCREENER,Producer Manufacturing,Industrial Machinery,MACHINERY,30958199.235600002,UNDEFINED,,HKD,,TRUE,PRESENT,2026-08-18,2026-08-18,
Braime Group PLC,BMTO,United Kingdom,LSE,GBX,TRADINGVIEW_SCREENER,Producer Manufacturing,Industrial Machinery,MACHINERY,30848398.647,UNDEFINED,,GBX,,TRUE,PRESENT,2026-08-18,2026-08-18,
Braime Group PLC Class A,BMT,United Kingdom,LSE,GBX,TRADINGVIEW_SCREENER,Producer Manufacturing,Industrial Machinery,MACHINERY,30848398.647,UNDEFINED,,GBX,,TRUE,PRESENT,2026-08-18,2026-08-18,
Shinelong Automotive Lightweight Application Limited,1930,China,HKEX,HKD,TRADINGVIEW_SCREENER,Producer Manufacturing,Industrial Machinery,MACHINERY,30690660.7644,UNDEFINED,,HKD,,TRUE,PRESENT,2026-08-18,2026-08-18,
"Top Engineering Co., Ltd.",065130,South Korea,KRX,KRW,TRADINGVIEW_SCREENER,Producer Manufacturing,Industrial Machinery,MACHINERY,30475600.329564,UNDEFINED,,KRW,,TRUE,PRESENT,2026-08-18,2026-08-18,
Agrometal SA,AGRO.CI,Argentina,BCBA,ARS,TRADINGVIEW_SCREENER,Producer Manufacturing,Trucks/Construction/Farm Machinery,MACHINERY,29836800,UNDEFINED,,ARS,,TRUE,PRESENT,2026-08-18,2026-08-18,Broad industry; review for shipbuilding/construction-equipment.
"Takakita Co., Ltd.",6325,Japan,TSE,JPY,TRADINGVIEW_SCREENER,Producer Manufacturing,Trucks/Construction/Farm Machinery,MACHINERY,29570630.206975,UNDEFINED,,JPY,,TRUE,PRESENT,2026-08-18,2026-08-18,Broad industry; review for shipbuilding/construction-equipment.
"Essen Tech Co., Ltd.",043340,South Korea,KRX,KRW,TRADINGVIEW_SCREENER,Producer Manufacturing,Industrial Machinery,MACHINERY,29543670,UNDEFINED,,KRW,,TRUE,PRESENT,2026-08-18,2026-08-18,
NSC Groupe SA,ALNSC,France,EURONEXT,EUR,TRADINGVIEW_SCREENER,Producer Manufacturing,Industrial Machinery,MACHINERY,29418100.983000003,UNDEFINED,,EUR,,TRUE,PRESENT,2026-08-18,2026-08-18,
Eqva ASA,0QWR,Norway,LSE,NOK,TRADINGVIEW_SCREENER,Producer Manufacturing,Trucks/Construction/Farm Machinery,MACHINERY,29335766.68008,UNDEFINED,,NOK,,TRUE,PRESENT,2026-08-18,2026-08-18,Broad industry; review for shipbuilding/construction-equipment.
ClearSign Technologies Corporation,0I0B,United States,LSE,USD,TRADINGVIEW_SCREENER,Producer Manufacturing,Industrial Machinery,MACHINERY,29329667,UNDEFINED,,USD,,TRUE,PRESENT,2026-08-18,2026-08-18,
Data I/O Corporation,DAIO,United States,NASDAQ,USD,TRADINGVIEW_SCREENER,Producer Manufacturing,Industrial Machinery,MACHINERY,29216651.908227842,UNDEFINED,,USD,,TRUE,PRESENT,2026-08-18,2026-08-18,
"JG Environmental Technology Co., Ltd.",6723,Taiwan,TPEX,TWD,TRADINGVIEW_SCREENER,Producer Manufacturing,Industrial Machinery,MACHINERY,29140902.927314,UNDEFINED,,TWD,,TRUE,PRESENT,2026-08-18,2026-08-18,
"DAEBO MAGNETIC CO.,LTD.",290670,South Korea,KRX,KRW,TRADINGVIEW_SCREENER,Producer Manufacturing,Industrial Machinery,MACHINERY,29109603.085524,UNDEFINED,,KRW,,TRUE,PRESENT,2026-08-18,2026-08-18,
"ilShinbiobase Co., Ltd.",068330,South Korea,KRX,KRW,TRADINGVIEW_SCREENER,Producer Manufacturing,Industrial Machinery,MACHINERY,28964513.144268002,UNDEFINED,,KRW,,TRUE,PRESENT,2026-08-18,2026-08-18,
"OSG Corporation Co., Ltd.",6757,Japan,TSE,JPY,TRADINGVIEW_SCREENER,Producer Manufacturing,Industrial Machinery,MACHINERY,28752653.247125,UNDEFINED,,JPY,,TRUE,PRESENT,2026-08-18,2026-08-18,
Tan Delta Systems PLC,TAND,United Kingdom,LSE,GBX,TRADINGVIEW_SCREENER,Producer Manufacturing,Industrial Machinery,MACHINERY,28730822.406,UNDEFINED,,GBX,,TRUE,PRESENT,2026-08-18,2026-08-18,
Chumpower Machinery Corp.,4575,Taiwan,TPEX,TWD,TRADINGVIEW_SCREENER,Producer Manufacturing,Industrial Machinery,MACHINERY,28683821.729395997,UNDEFINED,,TWD,,TRUE,PRESENT,2026-08-18,2026-08-18,
Laxmipati Engineering Works Ltd.,LAXMIPATI,India,BSE,INR,TRADINGVIEW_SCREENER,Producer Manufacturing,Trucks/Construction/Farm Machinery,MACHINERY,28496569.181294,UNDEFINED,,INR,,TRUE,PRESENT,2026-08-18,2026-08-18,Broad industry; review for shipbuilding/construction-equipment.
ILWOUL GML Co.Ltd,178780,South Korea,KRX,KRW,TRADINGVIEW_SCREENER,Producer Manufacturing,Industrial Machinery,MACHINERY,28390457.199546,UNDEFINED,,KRW,,TRUE,PRESENT,2026-08-18,2026-08-18,
9R Limited,1Y1,Singapore,SGX,SGD,TRADINGVIEW_SCREENER,Producer Manufacturing,Industrial Machinery,MACHINERY,27990586.595399998,UNDEFINED,,SGD,,TRUE,PRESENT,2026-08-18,2026-08-18,
Kyoritsu Air Tech Inc.,5997,Japan,TSE,JPY,TRADINGVIEW_SCREENER,Producer Manufacturing,Industrial Machinery,MACHINERY,27968533.225475002,UNDEFINED,,JPY,,TRUE,PRESENT,2026-08-18,2026-08-18,
Jost's Engineering Co. Ltd.,JOSTS,India,BSE,INR,TRADINGVIEW_SCREENER,Producer Manufacturing,Industrial Machinery,MACHINERY,27871258.205002002,UNDEFINED,,INR,,TRUE,PRESENT,2026-08-18,2026-08-18,
"CAELUM Co., Ltd.",258610,South Korea,KRX,KRW,TRADINGVIEW_SCREENER,Producer Manufacturing,Industrial Machinery,MACHINERY,27668862.456768002,UNDEFINED,,KRW,,TRUE,PRESENT,2026-08-18,2026-08-18,
YBS International Bhd.,YBS,Malaysia,MYX,MYR,TRADINGVIEW_SCREENER,Producer Manufacturing,Industrial Machinery,MACHINERY,27638453.219299998,UNDEFINED,,MYR,,TRUE,PRESENT,2026-08-18,2026-08-18,
Carbochim SA,CBC,Romania,BVB,RON,TRADINGVIEW_SCREENER,Producer Manufacturing,Industrial Machinery,MACHINERY,27600485.07408,UNDEFINED,,RON,,TRUE,PRESENT,2026-08-18,2026-08-18,
Ecomembrane S.P.A.,ECMB,Italy,MIL,EUR,TRADINGVIEW_SCREENER,Producer Manufacturing,Industrial Machinery,MACHINERY,27562112.775000002,UNDEFINED,,EUR,,TRUE,PRESENT,2026-08-18,2026-08-18,
"Tokuden Co., Ltd.",3437,Japan,TSE,JPY,TRADINGVIEW_SCREENER,Producer Manufacturing,Industrial Machinery,MACHINERY,27283753.795575,UNDEFINED,,JPY,,TRUE,PRESENT,2026-08-18,2026-08-18,
PT Harapan Duta Pertiwi Tbk,HOPE,Indonesia,IDX,IDR,TRADINGVIEW_SCREENER,Producer Manufacturing,Trucks/Construction/Farm Machinery,MACHINERY,27200440.968736,UNDEFINED,,IDR,,TRUE,PRESENT,2026-08-18,2026-08-18,Broad industry; review for shipbuilding/construction-equipment.
"TMH, Inc.",280A,Japan,TSE,JPY,TRADINGVIEW_SCREENER,Producer Manufacturing,Industrial Machinery,MACHINERY,27172049.219925,UNDEFINED,,JPY,,TRUE,PRESENT,2026-08-18,2026-08-18,
Kein Hing International Bhd.,KEINHIN,Malaysia,MYX,MYR,TRADINGVIEW_SCREENER,Producer Manufacturing,Industrial Machinery,MACHINERY,27136355.1557,UNDEFINED,,MYR,,TRUE,PRESENT,2026-08-18,2026-08-18,
KSB Pumps Company Limited,KSBP,Pakistan,PSX,PKR,TRADINGVIEW_SCREENER,Producer Manufacturing,Industrial Machinery,MACHINERY,27016503.306012,UNDEFINED,,PKR,,TRUE,PRESENT,2026-08-18,2026-08-18,
United Van Der Horst Ltd.,UVDRHOR,India,BSE,INR,TRADINGVIEW_SCREENER,Producer Manufacturing,Industrial Machinery,MACHINERY,26821848.99853,UNDEFINED,,INR,,TRUE,PRESENT,2026-08-18,2026-08-18,
TRF Limited.,TRF,India,BSE,INR,TRADINGVIEW_SCREENER,Producer Manufacturing,Trucks/Construction/Farm Machinery,MACHINERY,26690023.433536,UNDEFINED,,INR,,TRUE,PRESENT,2026-08-18,2026-08-18,Broad industry; review for shipbuilding/construction-equipment.
Admach Systems Ltd.,ADMACH,India,BSE,INR,TRADINGVIEW_SCREENER,Producer Manufacturing,Industrial Machinery,MACHINERY,26601865.200000003,UNDEFINED,,INR,,TRUE,PRESENT,2026-08-18,2026-08-18,
"Chun Zu Machinery Industry Co., Ltd.",4544,Taiwan,TPEX,TWD,TRADINGVIEW_SCREENER,Producer Manufacturing,Industrial Machinery,MACHINERY,26422815.715423997,UNDEFINED,,TWD,,TRUE,PRESENT,2026-08-18,2026-08-18,
"A Brown Co., Inc.",BRN,Philippines,PSE,PHP,TRADINGVIEW_SCREENER,Producer Manufacturing,Trucks/Construction/Farm Machinery,MACHINERY,26375420.42632,UNDEFINED,,PHP,,TRUE,PRESENT,2026-08-18,2026-08-18,Broad industry; review for shipbuilding/construction-equipment.
"SC Engineering Co., Ltd.",023960,South Korea,KRX,KRW,TRADINGVIEW_SCREENER,Producer Manufacturing,Industrial Machinery,MACHINERY,26354136.475602,UNDEFINED,,KRW,,TRUE,PRESENT,2026-08-18,2026-08-18,
North Asia Strategic Holdings Limited,8080,Hong Kong,HKEX,HKD,TRADINGVIEW_SCREENER,Producer Manufacturing,Industrial Machinery,MACHINERY,26346541.803400002,UNDEFINED,,HKD,,TRUE,PRESENT,2026-08-18,2026-08-18,
"Woojin Plaimm Co., Ltd",049800,South Korea,KRX,KRW,TRADINGVIEW_SCREENER,Producer Manufacturing,Industrial Machinery,MACHINERY,26240760,UNDEFINED,,KRW,,TRUE,PRESENT,2026-08-18,2026-08-18,
"Taihei Machinery Works, Ltd.",6342,Japan,TSE,JPY,TRADINGVIEW_SCREENER,Producer Manufacturing,Industrial Machinery,MACHINERY,25987611.394125,UNDEFINED,,JPY,,TRUE,PRESENT,2026-08-18,2026-08-18,
"NEXTURN&ROLLKOREA Co., Ltd.",089140,South Korea,KRX,KRW,TRADINGVIEW_SCREENER,Producer Manufacturing,Industrial Machinery,MACHINERY,25955077.794984,UNDEFINED,,KRW,,TRUE,PRESENT,2026-08-18,2026-08-18,
Birla Precision Technologies Limited,BIRLAPREC,India,BSE,INR,TRADINGVIEW_SCREENER,Producer Manufacturing,Industrial Machinery,MACHINERY,25850984.213318,UNDEFINED,,INR,,TRUE,PRESENT,2026-08-18,2026-08-18,
Schlatter Industries AG,STRN,Switzerland,SIX,CHF,TRADINGVIEW_SCREENER,Producer Manufacturing,Industrial Machinery,MACHINERY,25800140.9792,UNDEFINED,,CHF,,TRUE,PRESENT,2026-08-18,2026-08-18,
American Premium Water Corporation,HIPH,United States,OTC,USD,TRADINGVIEW_SCREENER,Producer Manufacturing,Trucks/Construction/Farm Machinery,MACHINERY,25758474.66666667,UNDEFINED,,USD,,TRUE,PRESENT,2026-08-18,2026-08-18,Broad industry; review for shipbuilding/construction-equipment.
Prestar Resources Bhd.,PRESTAR,Malaysia,MYX,MYR,TRADINGVIEW_SCREENER,Producer Manufacturing,Industrial Machinery,MACHINERY,25589860.9113,UNDEFINED,,MYR,,TRUE,PRESENT,2026-08-18,2026-08-18,
"Nara Mold & Die Co., Ltd",051490,South Korea,KRX,KRW,TRADINGVIEW_SCREENER,Producer Manufacturing,Industrial Machinery,MACHINERY,25589515.426956,UNDEFINED,,KRW,,TRUE,PRESENT,2026-08-18,2026-08-18,
Vianet Group plc,VNET,United Kingdom,LSE,GBX,TRADINGVIEW_SCREENER,Producer Manufacturing,Industrial Machinery,MACHINERY,25575399.101999998,UNDEFINED,,GBX,,TRUE,PRESENT,2026-08-18,2026-08-18,
Prodways Group SA,ALPWG,France,EURONEXT,EUR,TRADINGVIEW_SCREENER,Producer Manufacturing,Industrial Machinery,MACHINERY,25356933.270000003,UNDEFINED,,EUR,,TRUE,PRESENT,2026-08-18,2026-08-18,
"Nansin Co., Ltd.",7399,Japan,TSE,JPY,TRADINGVIEW_SCREENER,Producer Manufacturing,Industrial Machinery,MACHINERY,25346747.890575,UNDEFINED,,JPY,,TRUE,PRESENT,2026-08-18,2026-08-18,
"AcerPure, Inc.",7794,Taiwan,TPEX,TWD,TRADINGVIEW_SCREENER,Producer Manufacturing,Industrial Machinery,MACHINERY,25328716,UNDEFINED,,TWD,,TRUE,PRESENT,2026-08-18,2026-08-18,
D&G Technology Holding Company Limited,1301,China,HKEX,HKD,TRADINGVIEW_SCREENER,Producer Manufacturing,Industrial Machinery,MACHINERY,25161495.031400003,UNDEFINED,,HKD,,TRUE,PRESENT,2026-08-18,2026-08-18,
"SONOCOM Co., Ltd.",7902,Japan,TSE,JPY,TRADINGVIEW_SCREENER,Producer Manufacturing,Industrial Machinery,MACHINERY,25136431.83425,UNDEFINED,,JPY,,TRUE,PRESENT,2026-08-18,2026-08-18,
Ecology and Combustion Inc.,6225,Japan,NAG,JPY,TRADINGVIEW_SCREENER,Producer Manufacturing,Industrial Machinery,MACHINERY,25047791.441525,UNDEFINED,,JPY,,TRUE,PRESENT,2026-08-18,2026-08-18,
"Asia Technology Co., Ltd",050860,South Korea,KRX,KRW,TRADINGVIEW_SCREENER,Producer Manufacturing,Trucks/Construction/Farm Machinery,MACHINERY,24995177.54955,UNDEFINED,,KRW,,TRUE,PRESENT,2026-08-18,2026-08-18,Broad industry; review for shipbuilding/construction-equipment.
Enshu Limited,6218,Japan,TSE,JPY,TRADINGVIEW_SCREENER,Producer Manufacturing,Industrial Machinery,MACHINERY,24966985.141575,UNDEFINED,,JPY,,TRUE,PRESENT,2026-08-18,2026-08-18,
HIDROPAR HAREKET KONTROL TEKNOLOJILERI MERKEZI SANAYI VE TICARET ANONIM SIRKETI,HKTM,Turkey,BIST,TRY,TRADINGVIEW_SCREENER,Producer Manufacturing,Industrial Machinery,MACHINERY,24956820.8196,UNDEFINED,,TRY,,TRUE,PRESENT,2026-08-18,2026-08-18,
Cavendish Hydrogen ASA,CAVEN,Norway,OSL,NOK,TRADINGVIEW_SCREENER,Producer Manufacturing,Industrial Machinery,MACHINERY,24917567.64336,UNDEFINED,,NOK,,TRUE,PRESENT,2026-08-18,2026-08-18,
CNTUS Co.Ltd,352700,South Korea,KRX,KRW,TRADINGVIEW_SCREENER,Producer Manufacturing,Industrial Machinery,MACHINERY,24599381.692626003,UNDEFINED,,KRW,,TRUE,PRESENT,2026-08-18,2026-08-18,
Sotipapier SA,STPAP,Tunisia,BVMT,TND,TRADINGVIEW_SCREENER,Producer Manufacturing,Industrial Machinery,MACHINERY,24466510.73576,UNDEFINED,,TND,,TRUE,PRESENT,2026-08-18,2026-08-18,
"Eiken Industries Co., Ltd",7265,Japan,TSE,JPY,TRADINGVIEW_SCREENER,Producer Manufacturing,Trucks/Construction/Farm Machinery,MACHINERY,24421623.310275,UNDEFINED,,JPY,,TRUE,PRESENT,2026-08-18,2026-08-18,Broad industry; review for shipbuilding/construction-equipment.
M Vest Water AS,MVW,Norway,OSL,NOK,TRADINGVIEW_SCREENER,Producer Manufacturing,Industrial Machinery,MACHINERY,24267125.27736,UNDEFINED,,NOK,,TRUE,PRESENT,2026-08-18,2026-08-18,
Alfred Herbert (India) Ltd.,ALFREDHE,India,BSE,INR,TRADINGVIEW_SCREENER,Producer Manufacturing,Industrial Machinery,MACHINERY,24237822.127100002,UNDEFINED,,INR,,TRUE,PRESENT,2026-08-18,2026-08-18,
"Mytrex Health Technologies, Inc.",4431,Taiwan,TPEX,TWD,TRADINGVIEW_SCREENER,Producer Manufacturing,Industrial Machinery,MACHINERY,24134345.668637,UNDEFINED,,TWD,,TRUE,PRESENT,2026-08-18,2026-08-18,
Hove A/S,HOVE,Denmark,OMXCOP,DKK,TRADINGVIEW_SCREENER,Producer Manufacturing,Industrial Machinery,MACHINERY,23969003.504,UNDEFINED,,DKK,,TRUE,PRESENT,2026-08-18,2026-08-18,
Tungray Technologies Inc,TRSG,Singapore,NASDAQ,USD,TRADINGVIEW_SCREENER,Producer Manufacturing,Industrial Machinery,MACHINERY,23809039,UNDEFINED,,USD,,TRUE,PRESENT,2026-08-18,2026-08-18,
Glunz & Jensen Holding A/S,GJ,Denmark,OMXCOP,DKK,TRADINGVIEW_SCREENER,Producer Manufacturing,Industrial Machinery,MACHINERY,23621648.897600003,UNDEFINED,,DKK,,TRUE,PRESENT,2026-08-18,2026-08-18,
IVISIONWORKS CO. LTD.,469750,South Korea,KRX,KRW,TRADINGVIEW_SCREENER,Producer Manufacturing,Industrial Machinery,MACHINERY,23418357.409980003,UNDEFINED,,KRW,,TRUE,PRESENT,2026-08-18,2026-08-18,
OptiCept Technologies AB,OPTI,Sweden,OMXSTO,SEK,TRADINGVIEW_SCREENER,Producer Manufacturing,Industrial Machinery,MACHINERY,23412685.99,UNDEFINED,,SEK,,TRUE,PRESENT,2026-08-18,2026-08-18,
"Inzi Display Co., Ltd.",037330,South Korea,KRX,KRW,TRADINGVIEW_SCREENER,Producer Manufacturing,Industrial Machinery,MACHINERY,23382836.955504004,UNDEFINED,,KRW,,TRUE,PRESENT,2026-08-18,2026-08-18,
"Sansei Co., Ltd.",6307,Japan,TSE,JPY,TRADINGVIEW_SCREENER,Producer Manufacturing,Industrial Machinery,MACHINERY,23067363.2456,UNDEFINED,,JPY,,TRUE,PRESENT,2026-08-18,2026-08-18,
Eureka Design Public Co. Ltd.,UREKA,Thailand,SET,THB,TRADINGVIEW_SCREENER,Producer Manufacturing,Industrial Machinery,MACHINERY,22684525.71433,UNDEFINED,,THB,,TRUE,PRESENT,2026-08-18,2026-08-18,
Affordable Robotic & Automation Ltd.,AFFORDABLE,India,NSE,INR,TRADINGVIEW_SCREENER,Producer Manufacturing,Industrial Machinery,MACHINERY,22672066.297068,UNDEFINED,,INR,,TRUE,PRESENT,2026-08-18,2026-08-18,
Lyckegard Group AB,LYGRD,Sweden,OMXSTO,SEK,TRADINGVIEW_SCREENER,Producer Manufacturing,Trucks/Construction/Farm Machinery,MACHINERY,22497134.8466,UNDEFINED,,SEK,,TRUE,PRESENT,2026-08-18,2026-08-18,Broad industry; review for shipbuilding/construction-equipment.
"HYTC CO., LTD",148930,South Korea,KRX,KRW,TRADINGVIEW_SCREENER,Producer Manufacturing,Industrial Machinery,MACHINERY,22453873.602264002,UNDEFINED,,KRW,,TRUE,PRESENT,2026-08-18,2026-08-18,
Inspec Inc.,6656,Japan,TSE,JPY,TRADINGVIEW_SCREENER,Producer Manufacturing,Industrial Machinery,MACHINERY,21983755.3577,UNDEFINED,,JPY,,TRUE,PRESENT,2026-08-18,2026-08-18,
Akasaka Diesels Ltd.,6022,Japan,TSE,JPY,TRADINGVIEW_SCREENER,Producer Manufacturing,Trucks/Construction/Farm Machinery,MACHINERY,21904832.73745,UNDEFINED,,JPY,,TRUE,PRESENT,2026-08-18,2026-08-18,Broad industry; review for shipbuilding/construction-equipment.
Getabec Public Company Ltd,GTB,Thailand,SET,THB,TRADINGVIEW_SCREENER,Producer Manufacturing,Industrial Machinery,MACHINERY,21693600,UNDEFINED,,THB,,TRUE,PRESENT,2026-08-18,2026-08-18,
Bitcore Capital Group Ltd.,BITC,Israel,TASE,ILA,TRADINGVIEW_SCREENER,Producer Manufacturing,Industrial Machinery,MACHINERY,21630622.24392,UNDEFINED,,ILA,,TRUE,PRESENT,2026-08-18,2026-08-18,
Greenland Technologies Holding Corporation,GTEC,United States,NASDAQ,USD,TRADINGVIEW_SCREENER,Producer Manufacturing,Industrial Machinery,MACHINERY,21500819.112676058,UNDEFINED,,USD,,TRUE,PRESENT,2026-08-18,2026-08-18,
"Formetal Co., Ltd",119500,South Korea,KRX,KRW,TRADINGVIEW_SCREENER,Producer Manufacturing,Industrial Machinery,MACHINERY,21457234.191744,UNDEFINED,,KRW,,TRUE,PRESENT,2026-08-18,2026-08-18,
Munish Forge Ltd.,MUNISH,India,NSE,INR,TRADINGVIEW_SCREENER,Producer Manufacturing,Industrial Machinery,MACHINERY,21454725.6397362,UNDEFINED,,INR,,TRUE,PRESENT,2026-08-18,2026-08-18,
"S Connect Co., Ltd.",096630,South Korea,KRX,KRW,TRADINGVIEW_SCREENER,Producer Manufacturing,Industrial Machinery,MACHINERY,21336562.162188,UNDEFINED,,KRW,,TRUE,PRESENT,2026-08-18,2026-08-18,
RocTool SA,ALROC,France,EURONEXT,EUR,TRADINGVIEW_SCREENER,Producer Manufacturing,Industrial Machinery,MACHINERY,21260247.129,UNDEFINED,,EUR,,TRUE,PRESENT,2026-08-18,2026-08-18,
Bio-UV Group SA,ALTUV,France,EURONEXT,EUR,TRADINGVIEW_SCREENER,Producer Manufacturing,Industrial Machinery,MACHINERY,21135781.1295,UNDEFINED,,EUR,,TRUE,PRESENT,2026-08-18,2026-08-18,
"Picogram Co., Ltd.",376180,South Korea,KRX,KRW,TRADINGVIEW_SCREENER,Producer Manufacturing,Industrial Machinery,MACHINERY,21116985.197490003,UNDEFINED,,KRW,,TRUE,PRESENT,2026-08-18,2026-08-18,
"Yokota Manufacturing Co., Ltd.",6248,Japan,TSE,JPY,TRADINGVIEW_SCREENER,Producer Manufacturing,Industrial Machinery,MACHINERY,20983047.291725002,UNDEFINED,,JPY,,TRUE,PRESENT,2026-08-18,2026-08-18,
Royal Arc Electrodes Limited,ROYALARC,India,NSE,INR,TRADINGVIEW_SCREENER,Producer Manufacturing,Industrial Machinery,MACHINERY,20927429.064000003,UNDEFINED,,INR,,TRUE,PRESENT,2026-08-18,2026-08-18,
Cosmos Machinery Enterprises Limited,118,Hong Kong,HKEX,HKD,TRADINGVIEW_SCREENER,Producer Manufacturing,Industrial Machinery,MACHINERY,20863893.377600003,UNDEFINED,,HKD,,TRUE,PRESENT,2026-08-18,2026-08-18,
INNO INSTRUMENT INC.,215790,South Korea,KRX,KRW,TRADINGVIEW_SCREENER,Producer Manufacturing,Industrial Machinery,MACHINERY,20812803.022908002,UNDEFINED,,KRW,,TRUE,PRESENT,2026-08-18,2026-08-18,
Aurora Labs Ltd.,A3D,Australia,ASX,AUD,TRADINGVIEW_SCREENER,Producer Manufacturing,Industrial Machinery,MACHINERY,20763403.869999997,UNDEFINED,,AUD,,TRUE,PRESENT,2026-08-18,2026-08-18,
Quest Flow Controls Ltd,QUESTFLOW,India,BSE,INR,TRADINGVIEW_SCREENER,Producer Manufacturing,Industrial Machinery,MACHINERY,20520723.005086,UNDEFINED,,INR,,TRUE,PRESENT,2026-08-18,2026-08-18,
Renheng Enterprise Holdings Limited,3628,Hong Kong,HKEX,HKD,TRADINGVIEW_SCREENER,Producer Manufacturing,Industrial Machinery,MACHINERY,20485920.254800003,UNDEFINED,,HKD,,TRUE,PRESENT,2026-08-18,2026-08-18,
Filter Vision Public Company Ltd,FVC,Thailand,SET,THB,TRADINGVIEW_SCREENER,Producer Manufacturing,Industrial Machinery,MACHINERY,20463418.52401,UNDEFINED,,THB,,TRUE,PRESENT,2026-08-18,2026-08-18,
ENVIROLOGIC AB,ENVI.B,Sweden,NGM,SEK,TRADINGVIEW_SCREENER,Producer Manufacturing,Industrial Machinery,MACHINERY,20449471.3348,UNDEFINED,,SEK,,TRUE,PRESENT,2026-08-18,2026-08-18,
United Heat Transfer Ltd.,UHTL,India,NSE,INR,TRADINGVIEW_SCREENER,Producer Manufacturing,Industrial Machinery,MACHINERY,20302885.392,UNDEFINED,,INR,,TRUE,PRESENT,2026-08-18,2026-08-18,
"GSD Technologies Co., Ltd.",6641,Taiwan,TWSE,TWD,TRADINGVIEW_SCREENER,Producer Manufacturing,Industrial Machinery,MACHINERY,20097622.824476,UNDEFINED,,TWD,,TRUE,PRESENT,2026-08-18,2026-08-18,
Alla Public Company Limited,ALLA,Thailand,SET,THB,TRADINGVIEW_SCREENER,Producer Manufacturing,Trucks/Construction/Farm Machinery,MACHINERY,20066580.27117,UNDEFINED,,THB,,TRUE,PRESENT,2026-08-18,2026-08-18,Broad industry; review for shipbuilding/construction-equipment.
EPB Group Berhad,EPB,Malaysia,MYX,MYR,TRADINGVIEW_SCREENER,Producer Manufacturing,Industrial Machinery,MACHINERY,19993512,UNDEFINED,,MYR,,TRUE,PRESENT,2026-08-18,2026-08-18,
Patentus SA,PAT,Poland,GPW,PLN,TRADINGVIEW_SCREENER,Producer Manufacturing,Trucks/Construction/Farm Machinery,MACHINERY,19934270.73185,UNDEFINED,,PLN,,TRUE,PRESENT,2026-08-18,2026-08-18,Broad industry; review for shipbuilding/construction-equipment.
Metalurgica Riosulense SA Pfd,RSUL4F,Brazil,BMFBOVESPA,BRL,TRADINGVIEW_SCREENER,Producer Manufacturing,Trucks/Construction/Farm Machinery,MACHINERY,19769688.774,UNDEFINED,,BRL,,TRUE,PRESENT,2026-08-18,2026-08-18,Broad industry; review for shipbuilding/construction-equipment.
Reko Manufacturing Group Inc.,REKO,Canada,TSXV,CAD,TRADINGVIEW_SCREENER,Producer Manufacturing,Industrial Machinery,MACHINERY,19751753.269500002,UNDEFINED,,CAD,,TRUE,PRESENT,2026-08-18,2026-08-18,
TOKYO KOKI Co. Ltd.,7719,Japan,TSE,JPY,TRADINGVIEW_SCREENER,Producer Manufacturing,Industrial Machinery,MACHINERY,19748224.616975002,UNDEFINED,,JPY,,TRUE,PRESENT,2026-08-18,2026-08-18,
Thermal Energy International Inc.,TMG,Canada,NEO,CAD,TRADINGVIEW_SCREENER,Producer Manufacturing,Industrial Machinery,MACHINERY,19703141.6631,UNDEFINED,,CAD,,TRUE,PRESENT,2026-08-18,2026-08-18,
Polysil Irrigation Systems Ltd.,POLYSIL,India,NSE,INR,TRADINGVIEW_SCREENER,Producer Manufacturing,Trucks/Construction/Farm Machinery,MACHINERY,19696735.483227,UNDEFINED,,INR,,TRUE,PRESENT,2026-08-18,2026-08-18,Broad industry; review for shipbuilding/construction-equipment.
NUON CO. LTD.,123840,South Korea,KRX,KRW,TRADINGVIEW_SCREENER,Producer Manufacturing,Industrial Machinery,MACHINERY,19558906.510572,UNDEFINED,,KRW,,TRUE,PRESENT,2026-08-18,2026-08-18,
"Lamy Co., Ltd.",032860,South Korea,KRX,KRW,TRADINGVIEW_SCREENER,Producer Manufacturing,Industrial Machinery,MACHINERY,19515314.024856,UNDEFINED,,KRW,,TRUE,PRESENT,2026-08-18,2026-08-18,
Expo Engineering And Projects Ltd,EXPOEAPL,India,BSE,INR,TRADINGVIEW_SCREENER,Producer Manufacturing,Industrial Machinery,MACHINERY,19297350.462278,UNDEFINED,,INR,,TRUE,PRESENT,2026-08-18,2026-08-18,
Gallard Steel Limited,GALLARD,India,BSE,INR,TRADINGVIEW_SCREENER,Producer Manufacturing,Industrial Machinery,MACHINERY,19273731.1,UNDEFINED,,INR,,TRUE,PRESENT,2026-08-18,2026-08-18,
"LAT CO., LTD.",311060,South Korea,KRX,KRW,TRADINGVIEW_SCREENER,Producer Manufacturing,Industrial Machinery,MACHINERY,19203676.632036,UNDEFINED,,KRW,,TRUE,PRESENT,2026-08-18,2026-08-18,
Octopus Biosafety SA,MLOCT,France,EURONEXT,EUR,TRADINGVIEW_SCREENER,Producer Manufacturing,Industrial Machinery,MACHINERY,19112972.422500003,UNDEFINED,,EUR,,TRUE,PRESENT,2026-08-18,2026-08-18,
EnWave Corp.,NWVCF,Canada,OTC,USD,TRADINGVIEW_SCREENER,Producer Manufacturing,Industrial Machinery,MACHINERY,18994674.90909091,UNDEFINED,,USD,,TRUE,PRESENT,2026-08-18,2026-08-18,
Seers Bhd.,SEERS,Malaysia,MYX,MYR,TRADINGVIEW_SCREENER,Producer Manufacturing,Industrial Machinery,MACHINERY,18881366.0546,UNDEFINED,,MYR,,TRUE,PRESENT,2026-08-18,2026-08-18,
EnWave Corporation,ENW,Canada,TSXV,CAD,TRADINGVIEW_SCREENER,Producer Manufacturing,Industrial Machinery,MACHINERY,18812563.463400003,UNDEFINED,,CAD,,TRUE,PRESENT,2026-08-18,2026-08-18,
Cosmos Technology International Bhd,COSMOS,Malaysia,MYX,MYR,TRADINGVIEW_SCREENER,Producer Manufacturing,Industrial Machinery,MACHINERY,18798979.788399998,UNDEFINED,,MYR,,TRUE,PRESENT,2026-08-18,2026-08-18,
Rubicon Water Limited,RWL,Australia,ASX,AUD,TRADINGVIEW_SCREENER,Producer Manufacturing,Industrial Machinery,MACHINERY,18755770.426,UNDEFINED,,AUD,,TRUE,PRESENT,2026-08-18,2026-08-18,
"LiqTech International, Inc.",LIQT,Denmark,NASDAQ,USD,TRADINGVIEW_SCREENER,Producer Manufacturing,Industrial Machinery,MACHINERY,18467266,UNDEFINED,,USD,,TRUE,PRESENT,2026-08-18,2026-08-18,
MASSIVIT 3D PRINTING TECHNOLOGIES LTD,MSVT,Israel,TASE,ILA,TRADINGVIEW_SCREENER,Producer Manufacturing,Industrial Machinery,MACHINERY,18322737.17459,UNDEFINED,,ILA,,TRUE,PRESENT,2026-08-18,2026-08-18,
CL Venture Public Company Limited,KOOL,Thailand,SET,THB,TRADINGVIEW_SCREENER,Producer Manufacturing,Industrial Machinery,MACHINERY,18256284.48275,UNDEFINED,,THB,,TRUE,PRESENT,2026-08-18,2026-08-18,
Quint Digital Ltd,QUINT,India,BSE,INR,TRADINGVIEW_SCREENER,Producer Manufacturing,Trucks/Construction/Farm Machinery,MACHINERY,18181172.124306,UNDEFINED,,INR,,TRUE,PRESENT,2026-08-18,2026-08-18,Broad industry; review for shipbuilding/construction-equipment.
GEL SpA,GEL,Italy,MIL,EUR,TRADINGVIEW_SCREENER,Producer Manufacturing,Industrial Machinery,MACHINERY,18133629.7185,UNDEFINED,,EUR,,TRUE,PRESENT,2026-08-18,2026-08-18,
Jadason Enterprises Ltd,J03,Singapore,SGX,SGD,TRADINGVIEW_SCREENER,Producer Manufacturing,Industrial Machinery,MACHINERY,18089196.697,UNDEFINED,,SGD,,TRUE,PRESENT,2026-08-18,2026-08-18,
Gosa FOM a.d.,GFOM,Serbia,BELEX,RSD,TRADINGVIEW_SCREENER,Producer Manufacturing,Trucks/Construction/Farm Machinery,MACHINERY,18087884.450736,UNDEFINED,,RSD,,TRUE,PRESENT,2026-08-18,2026-08-18,Broad industry; review for shipbuilding/construction-equipment.
Son Ha Development of Renewable Energy JSC,SHE,Vietnam,HNX,VND,TRADINGVIEW_SCREENER,Producer Manufacturing,Industrial Machinery,MACHINERY,18032081.86,UNDEFINED,,VND,,TRUE,PRESENT,2026-08-18,2026-08-18,
Shindo Eng Lab Ltd.,290520,South Korea,KRX,KRW,TRADINGVIEW_SCREENER,Producer Manufacturing,Industrial Machinery,MACHINERY,17959772.740806002,UNDEFINED,,KRW,,TRUE,PRESENT,2026-08-18,2026-08-18,
Liftech Group Berhad,LIFTECH,Malaysia,MYX,MYR,TRADINGVIEW_SCREENER,Producer Manufacturing,Trucks/Construction/Farm Machinery,MACHINERY,17696275.549399998,UNDEFINED,,MYR,,TRUE,PRESENT,2026-08-18,2026-08-18,Broad industry; review for shipbuilding/construction-equipment.
"ZK International Group Co., Ltd",ZKIN,China,NASDAQ,USD,TRADINGVIEW_SCREENER,Producer Manufacturing,Industrial Machinery,MACHINERY,17617753.698113203,UNDEFINED,,USD,,TRUE,PRESENT,2026-08-18,2026-08-18,
Zicom Group Limited,ZGL,Australia,ASX,AUD,TRADINGVIEW_SCREENER,Producer Manufacturing,Industrial Machinery,MACHINERY,17555019.0563,UNDEFINED,,AUD,,TRUE,PRESENT,2026-08-18,2026-08-18,
HIMS CO. LTD.,238490,South Korea,KRX,KRW,TRADINGVIEW_SCREENER,Producer Manufacturing,Industrial Machinery,MACHINERY,17454434.122944,UNDEFINED,,KRW,,TRUE,PRESENT,2026-08-18,2026-08-18,
"People & Technology Ms, Inc.",257370,South Korea,KRX,KRW,TRADINGVIEW_SCREENER,Producer Manufacturing,Industrial Machinery,MACHINERY,17377712.627184,UNDEFINED,,KRW,,TRUE,PRESENT,2026-08-18,2026-08-18,
Rappid Valves (India) Limited,RAPPID,India,NSE,INR,TRADINGVIEW_SCREENER,Producer Manufacturing,Industrial Machinery,MACHINERY,17347488.092704,UNDEFINED,,INR,,TRUE,PRESENT,2026-08-18,2026-08-18,
Brady & Morris Engineering Co. Ltd.,BRADYM,India,BSE,INR,TRADINGVIEW_SCREENER,Producer Manufacturing,Industrial Machinery,MACHINERY,17203545,UNDEFINED,,INR,,TRUE,PRESENT,2026-08-18,2026-08-18,
"Fine DNC Co., Ltd.",049120,South Korea,KRX,KRW,TRADINGVIEW_SCREENER,Producer Manufacturing,Industrial Machinery,MACHINERY,17043020.820072003,UNDEFINED,,KRW,,TRUE,PRESENT,2026-08-18,2026-08-18,
ASM Automation Group Berhad,ASM,Malaysia,MYX,MYR,TRADINGVIEW_SCREENER,Producer Manufacturing,Industrial Machinery,MACHINERY,16983601.634999998,UNDEFINED,,MYR,,TRUE,PRESENT,2026-08-18,2026-08-18,
Marzocchi Pompe S.p.A.,MARP,Italy,MIL,EUR,TRADINGVIEW_SCREENER,Producer Manufacturing,Industrial Machinery,MACHINERY,16939024.200000003,UNDEFINED,,EUR,,TRUE,PRESENT,2026-08-18,2026-08-18,
"HK Co., Ltd.",044780,South Korea,KRX,KRW,TRADINGVIEW_SCREENER,Producer Manufacturing,Industrial Machinery,MACHINERY,16921400.851836,UNDEFINED,,KRW,,TRUE,PRESENT,2026-08-18,2026-08-18,
Xeros Technology Group Plc,XSG,United Kingdom,LSE,GBX,TRADINGVIEW_SCREENER,Producer Manufacturing,Industrial Machinery,MACHINERY,16908416.646,UNDEFINED,,GBX,,TRUE,PRESENT,2026-08-18,2026-08-18,
Loyal Equipments Ltd,LOYAL,India,BSE,INR,TRADINGVIEW_SCREENER,Producer Manufacturing,Industrial Machinery,MACHINERY,16850456.61444,UNDEFINED,,INR,,TRUE,PRESENT,2026-08-18,2026-08-18,
"Art's-Way Manufacturing Co., Inc.",ARTW,United States,NASDAQ,USD,TRADINGVIEW_SCREENER,Producer Manufacturing,Trucks/Construction/Farm Machinery,MACHINERY,16748463.621794874,UNDEFINED,,USD,,TRUE,PRESENT,2026-08-18,2026-08-18,Broad industry; review for shipbuilding/construction-equipment.
Bharat Gears Limited,BHARATGEAR,India,BSE,INR,TRADINGVIEW_SCREENER,Producer Manufacturing,Trucks/Construction/Farm Machinery,MACHINERY,16653830.443402002,UNDEFINED,,INR,,TRUE,PRESENT,2026-08-18,2026-08-18,Broad industry; review for shipbuilding/construction-equipment.
MMS Ventures Bhd.,MMSV,Malaysia,MYX,MYR,TRADINGVIEW_SCREENER,Producer Manufacturing,Industrial Machinery,MACHINERY,16631630.8074,UNDEFINED,,MYR,,TRUE,PRESENT,2026-08-18,2026-08-18,
Global Pet Industries Limited,GLOBALPET,India,NSE,INR,TRADINGVIEW_SCREENER,Producer Manufacturing,Industrial Machinery,MACHINERY,16607156.445504,UNDEFINED,,INR,,TRUE,PRESENT,2026-08-18,2026-08-18,
"Vitzrosys Co., Ltd.",054220,South Korea,KRX,KRW,TRADINGVIEW_SCREENER,Producer Manufacturing,Industrial Machinery,MACHINERY,16572398.607648,UNDEFINED,,KRW,,TRUE,PRESENT,2026-08-18,2026-08-18,
Balticon SA,BLT,Poland,NEWCONNECT,PLN,TRADINGVIEW_SCREENER,Producer Manufacturing,Trucks/Construction/Farm Machinery,MACHINERY,16568854.15685,UNDEFINED,,PLN,,TRUE,PRESENT,2026-08-18,2026-08-18,Broad industry; review for shipbuilding/construction-equipment.
Climeon AB Class B,CLIME_B,Sweden,OMXSTO,SEK,TRADINGVIEW_SCREENER,Producer Manufacturing,Industrial Machinery,MACHINERY,16482598.2366,UNDEFINED,,SEK,,TRUE,PRESENT,2026-08-18,2026-08-18,
Scodix Ltd.,SCDX,Israel,TASE,ILA,TRADINGVIEW_SCREENER,Producer Manufacturing,Industrial Machinery,MACHINERY,16341331.99194,UNDEFINED,,ILA,,TRUE,PRESENT,2026-08-18,2026-08-18,
Artego SA,ARTE,Romania,BVB,RON,TRADINGVIEW_SCREENER,Producer Manufacturing,Industrial Machinery,MACHINERY,16201991.72148,UNDEFINED,,RON,,TRUE,PRESENT,2026-08-18,2026-08-18,
Zamet SA,ZMT,Poland,GPW,PLN,TRADINGVIEW_SCREENER,Producer Manufacturing,Trucks/Construction/Farm Machinery,MACHINERY,16189394.8237,UNDEFINED,,PLN,,TRUE,PRESENT,2026-08-18,2026-08-18,Broad industry; review for shipbuilding/construction-equipment.
"Takeda Machinery Co., Ltd.",6150,Japan,TSE,JPY,TRADINGVIEW_SCREENER,Producer Manufacturing,Industrial Machinery,MACHINERY,16157846.57825,UNDEFINED,,JPY,,TRUE,PRESENT,2026-08-18,2026-08-18,
Patels Airtemp India Ltd.,PATELSAI,India,BSE,INR,TRADINGVIEW_SCREENER,Producer Manufacturing,Industrial Machinery,MACHINERY,16097113.818798002,UNDEFINED,,INR,,TRUE,PRESENT,2026-08-18,2026-08-18,
Mirgor SA Class C,MIRG,Argentina,BCBA,ARS,TRADINGVIEW_SCREENER,Producer Manufacturing,Industrial Machinery,MACHINERY,15993432.733151998,UNDEFINED,,ARS,,TRUE,PRESENT,2026-08-18,2026-08-18,
KCI S.A.,KCI,Poland,GPW,PLN,TRADINGVIEW_SCREENER,Producer Manufacturing,Industrial Machinery,MACHINERY,15991968.8499,UNDEFINED,,PLN,,TRUE,PRESENT,2026-08-18,2026-08-18,
Norrhydro Group Oy,NORRH,Finland,OMXHEX,EUR,TRADINGVIEW_SCREENER,Producer Manufacturing,Industrial Machinery,MACHINERY,15939633.568500001,UNDEFINED,,EUR,,TRUE,PRESENT,2026-08-18,2026-08-18,
"HNK Machine Tool Co., Ltd",101680,South Korea,KRX,KRW,TRADINGVIEW_SCREENER,Producer Manufacturing,Industrial Machinery,MACHINERY,15838125.574986001,UNDEFINED,,KRW,,TRUE,PRESENT,2026-08-18,2026-08-18,
G.G. Automotive Gears Ltd.,GGAUTO,India,BSE,INR,TRADINGVIEW_SCREENER,Producer Manufacturing,Industrial Machinery,MACHINERY,15820850.63119,UNDEFINED,,INR,,TRUE,PRESENT,2026-08-18,2026-08-18,
Kesla Oyj Class A,0EYY,Finland,LSE,EUR,TRADINGVIEW_SCREENER,Producer Manufacturing,Trucks/Construction/Farm Machinery,MACHINERY,15788696.4405,UNDEFINED,,EUR,,TRUE,PRESENT,2026-08-18,2026-08-18,Broad industry; review for shipbuilding/construction-equipment.
"Welcron Hantec Co., Ltd",076080,South Korea,KRX,KRW,TRADINGVIEW_SCREENER,Producer Manufacturing,Industrial Machinery,MACHINERY,15650114.582232,UNDEFINED,,KRW,,TRUE,PRESENT,2026-08-18,2026-08-18,
JAPAN SYSTEMBANK CORPORATION,5530,Japan,NAG,JPY,TRADINGVIEW_SCREENER,Producer Manufacturing,Industrial Machinery,MACHINERY,15549744.855975,UNDEFINED,,JPY,,TRUE,PRESENT,2026-08-18,2026-08-18,
RootK Co. Ltd.,195990,South Korea,KRX,KRW,TRADINGVIEW_SCREENER,Producer Manufacturing,Industrial Machinery,MACHINERY,15379740.756432,UNDEFINED,,KRW,,TRUE,PRESENT,2026-08-18,2026-08-18,
Future World Holdings Limited,572,Hong Kong,HKEX,HKD,TRADINGVIEW_SCREENER,Producer Manufacturing,Industrial Machinery,MACHINERY,15364842.966200002,UNDEFINED,,HKD,,TRUE,PRESENT,2026-08-18,2026-08-18,
"Placo Co., Ltd.",6347,Japan,TSE,JPY,TRADINGVIEW_SCREENER,Producer Manufacturing,Industrial Machinery,MACHINERY,15351760.963025,UNDEFINED,,JPY,,TRUE,PRESENT,2026-08-18,2026-08-18,
"KGA Co., Ltd.",455180,South Korea,KRX,KRW,TRADINGVIEW_SCREENER,Producer Manufacturing,Industrial Machinery,MACHINERY,15330547.658556001,UNDEFINED,,KRW,,TRUE,PRESENT,2026-08-18,2026-08-18,
TELCON RF PHARMACEUTICAL. Inc.,200230,South Korea,KRX,KRW,TRADINGVIEW_SCREENER,Producer Manufacturing,Industrial Machinery,MACHINERY,15308530.648632001,UNDEFINED,,KRW,,TRUE,PRESENT,2026-08-18,2026-08-18,
Apollo Techno Industries Limited,ATIL,India,BSE,INR,TRADINGVIEW_SCREENER,Producer Manufacturing,Trucks/Construction/Farm Machinery,MACHINERY,15245445.04938,UNDEFINED,,INR,,TRUE,PRESENT,2026-08-18,2026-08-18,Broad industry; review for shipbuilding/construction-equipment.
ATV Projects India Limited,ATVPR,India,BSE,INR,TRADINGVIEW_SCREENER,Producer Manufacturing,Industrial Machinery,MACHINERY,15199533.715792,UNDEFINED,,INR,,TRUE,PRESENT,2026-08-18,2026-08-18,
Yuk Wing Group Holdings Ltd.,1536,Hong Kong,HKEX,HKD,TRADINGVIEW_SCREENER,Producer Manufacturing,Trucks/Construction/Farm Machinery,MACHINERY,15104543.490400001,UNDEFINED,,HKD,,TRUE,PRESENT,2026-08-18,2026-08-18,Broad industry; review for shipbuilding/construction-equipment.
Alphanam E&C Joint Stock Company,AME,Vietnam,HNX,VND,TRADINGVIEW_SCREENER,Producer Manufacturing,Industrial Machinery,MACHINERY,14865599.304182,UNDEFINED,,VND,,TRUE,PRESENT,2026-08-18,2026-08-18,
Energy-Mission Machineries (India) Limited,EMMIL,India,NSE,INR,TRADINGVIEW_SCREENER,Producer Manufacturing,Industrial Machinery,MACHINERY,14829220.125000002,UNDEFINED,,INR,,TRUE,PRESENT,2026-08-18,2026-08-18,
PT Ateliers Mecaniques D'Indonesie Tbk,AMIN,Indonesia,IDX,IDR,TRADINGVIEW_SCREENER,Producer Manufacturing,Industrial Machinery,MACHINERY,14757120,UNDEFINED,,IDR,,TRUE,PRESENT,2026-08-18,2026-08-18,
ELP Corp.,063760,South Korea,KRX,KRW,TRADINGVIEW_SCREENER,Producer Manufacturing,Industrial Machinery,MACHINERY,14678768.945646001,UNDEFINED,,KRW,,TRUE,PRESENT,2026-08-18,2026-08-18,
Envirotech Systems Limited,ENVIRO,India,NSE,INR,TRADINGVIEW_SCREENER,Producer Manufacturing,Industrial Machinery,MACHINERY,14652240.947,UNDEFINED,,INR,,TRUE,PRESENT,2026-08-18,2026-08-18,
Lakshmi Engineering and Warehousing Ltd,LAKSHMIEW,India,BSE,INR,TRADINGVIEW_SCREENER,Producer Manufacturing,Industrial Machinery,MACHINERY,14618369.057452,UNDEFINED,,INR,,TRUE,PRESENT,2026-08-18,2026-08-18,
Delex Healthcare Group Inc.,DELX,Philippines,OTC,USD,TRADINGVIEW_SCREENER,Producer Manufacturing,Industrial Machinery,MACHINERY,14597226,UNDEFINED,,USD,,TRUE,PRESENT,2026-08-18,2026-08-18,
"Fuji Seiki Co., Ltd.",6400,Japan,TSE,JPY,TRADINGVIEW_SCREENER,Producer Manufacturing,Industrial Machinery,MACHINERY,14527290.401,UNDEFINED,,JPY,,TRUE,PRESENT,2026-08-18,2026-08-18,
DIGITAL GRAPHICS Inc.,043360,South Korea,KRX,KRW,TRADINGVIEW_SCREENER,Producer Manufacturing,Industrial Machinery,MACHINERY,14524160.625,UNDEFINED,,KRW,,TRUE,PRESENT,2026-08-18,2026-08-18,
MyCelx Technologies Corp.,MYX,United States,LSE,GBX,TRADINGVIEW_SCREENER,Producer Manufacturing,Industrial Machinery,MACHINERY,14504266.887,UNDEFINED,,GBX,,TRUE,PRESENT,2026-08-18,2026-08-18,
"TOMI Environmental Solutions, Inc.",TOMZ,United States,NASDAQ,USD,TRADINGVIEW_SCREENER,Producer Manufacturing,Industrial Machinery,MACHINERY,14493627.622857142,UNDEFINED,,USD,,TRUE,PRESENT,2026-08-18,2026-08-18,
CONSEC CORPORATION,9895,Japan,TSE,JPY,TRADINGVIEW_SCREENER,Producer Manufacturing,Industrial Machinery,MACHINERY,14269919.88295,UNDEFINED,,JPY,,TRUE,PRESENT,2026-08-18,2026-08-18,
IAMU SA,IAMU,Romania,BVB,RON,TRADINGVIEW_SCREENER,Producer Manufacturing,Industrial Machinery,MACHINERY,14147480.87775,UNDEFINED,,RON,,TRUE,PRESENT,2026-08-18,2026-08-18,
HPMT Holdings Bhd.,HPMT,Malaysia,MYX,MYR,TRADINGVIEW_SCREENER,Producer Manufacturing,Industrial Machinery,MACHINERY,14043726.216799999,UNDEFINED,,MYR,,TRUE,PRESENT,2026-08-18,2026-08-18,
FBR Ltd.,FBRKF,Australia,OTC,USD,TRADINGVIEW_SCREENER,Producer Manufacturing,Industrial Machinery,MACHINERY,14026342.992,UNDEFINED,,USD,,TRUE,PRESENT,2026-08-18,2026-08-18,
Indian Card Clothing Co. Ltd.,INDIANCARD,India,NSE,INR,TRADINGVIEW_SCREENER,Producer Manufacturing,Industrial Machinery,MACHINERY,13994917.687490001,UNDEFINED,,INR,,TRUE,PRESENT,2026-08-18,2026-08-18,
CEKD Bhd,CEKD,Malaysia,MYX,MYR,TRADINGVIEW_SCREENER,Producer Manufacturing,Industrial Machinery,MACHINERY,13784912.8424,UNDEFINED,,MYR,,TRUE,PRESENT,2026-08-18,2026-08-18,
Duncan Engineering Limited,DUNCANENG,India,BSE,INR,TRADINGVIEW_SCREENER,Producer Manufacturing,Industrial Machinery,MACHINERY,13769825.090720002,UNDEFINED,,INR,,TRUE,PRESENT,2026-08-18,2026-08-18,
W H Brady and Company Limited,WHBRADY,India,BSE,INR,TRADINGVIEW_SCREENER,Producer Manufacturing,Industrial Machinery,MACHINERY,13539975.538318,UNDEFINED,,INR,,TRUE,PRESENT,2026-08-18,2026-08-18,
Aztec Fluids & Machinery Ltd.,AZTEC,India,BSE,INR,TRADINGVIEW_SCREENER,Producer Manufacturing,Industrial Machinery,MACHINERY,13389961.600000001,UNDEFINED,,INR,,TRUE,PRESENT,2026-08-18,2026-08-18,
KLASS Corporation,6233,Japan,TSE,JPY,TRADINGVIEW_SCREENER,Producer Manufacturing,Industrial Machinery,MACHINERY,13328369.963049999,UNDEFINED,,JPY,,TRUE,PRESENT,2026-08-18,2026-08-18,
Chemtech Industrial Valves Ltd.,CHEMTECH,India,BSE,INR,TRADINGVIEW_SCREENER,Producer Manufacturing,Industrial Machinery,MACHINERY,13290010.239482,UNDEFINED,,INR,,TRUE,PRESENT,2026-08-18,2026-08-18,
Aegeus Technologies Limited,AEGEUS,India,BSE,INR,TRADINGVIEW_SCREENER,Producer Manufacturing,Industrial Machinery,MACHINERY,13170480.385362301,UNDEFINED,,INR,,TRUE,PRESENT,2026-08-18,2026-08-18,
International Combustion (India) Ltd,INTLCOMBQ,India,BSE,INR,TRADINGVIEW_SCREENER,Producer Manufacturing,Trucks/Construction/Farm Machinery,MACHINERY,12817052.695096001,UNDEFINED,,INR,,TRUE,PRESENT,2026-08-18,2026-08-18,Broad industry; review for shipbuilding/construction-equipment.
Sharp Chucks & Machines Ltd.,SCML,India,NSE,INR,TRADINGVIEW_SCREENER,Producer Manufacturing,Industrial Machinery,MACHINERY,12754509.550272001,UNDEFINED,,INR,,TRUE,PRESENT,2026-08-18,2026-08-18,
Haiduong Pump Manufacturing JSC,CTB,Vietnam,HNX,VND,TRADINGVIEW_SCREENER,Producer Manufacturing,Industrial Machinery,MACHINERY,12725439.533246001,UNDEFINED,,VND,,TRUE,PRESENT,2026-08-18,2026-08-18,
"Unimit Engineering Public Co., Ltd.",UEC,Thailand,SET,THB,TRADINGVIEW_SCREENER,Producer Manufacturing,Industrial Machinery,MACHINERY,12720217.68647,UNDEFINED,,THB,,TRUE,PRESENT,2026-08-18,2026-08-18,
FBR Limited,FBR,Australia,ASX,AUD,TRADINGVIEW_SCREENER,Producer Manufacturing,Industrial Machinery,MACHINERY,12694342.373,UNDEFINED,,AUD,,TRUE,PRESENT,2026-08-18,2026-08-18,
Herkules SA,HRS,Poland,GPW,PLN,TRADINGVIEW_SCREENER,Producer Manufacturing,Trucks/Construction/Farm Machinery,MACHINERY,12671418.0603,UNDEFINED,,PLN,,TRUE,PRESENT,2026-08-18,2026-08-18,Broad industry; review for shipbuilding/construction-equipment.
Frontwalker AB Class B,FRWA.B,Sweden,NGM,SEK,TRADINGVIEW_SCREENER,Producer Manufacturing,Industrial Machinery,MACHINERY,12535513.2618,UNDEFINED,,SEK,,TRUE,PRESENT,2026-08-18,2026-08-18,
Monno Agro & General Machinery Ltd.,MONNOAGML,Bangladesh,DSEBD,BDT,TRADINGVIEW_SCREENER,Producer Manufacturing,Industrial Machinery,MACHINERY,12522722.844352001,UNDEFINED,,BDT,,TRUE,PRESENT,2026-08-18,2026-08-18,
"Mie Corp. Co., Ltd.",3442,Japan,NAG,JPY,TRADINGVIEW_SCREENER,Producer Manufacturing,Industrial Machinery,MACHINERY,12471626.19125,UNDEFINED,,JPY,,TRUE,PRESENT,2026-08-18,2026-08-18,
Anchun International Holdings Ltd.,BTX,China,SGX,SGD,TRADINGVIEW_SCREENER,Producer Manufacturing,Industrial Machinery,MACHINERY,12425011.5561,UNDEFINED,,SGD,,TRUE,PRESENT,2026-08-18,2026-08-18,
Recrusul SA,RCSL3F,Brazil,BMFBOVESPA,BRL,TRADINGVIEW_SCREENER,Producer Manufacturing,Trucks/Construction/Farm Machinery,MACHINERY,12418723.719599998,UNDEFINED,,BRL,,TRUE,PRESENT,2026-08-18,2026-08-18,Broad industry; review for shipbuilding/construction-equipment.
Recrusul SA Pfd,RCSL4,Brazil,BMFBOVESPA,BRL,TRADINGVIEW_SCREENER,Producer Manufacturing,Trucks/Construction/Farm Machinery,MACHINERY,12418723.719599998,UNDEFINED,,BRL,,TRUE,PRESENT,2026-08-18,2026-08-18,Broad industry; review for shipbuilding/construction-equipment.
Latteys Industries Ltd.,LATTEYS,India,NSE,INR,TRADINGVIEW_SCREENER,Producer Manufacturing,Industrial Machinery,MACHINERY,12399529.706948001,UNDEFINED,,INR,,TRUE,PRESENT,2026-08-18,2026-08-18,
Annaik Limited,A52,Singapore,SGX,SGD,TRADINGVIEW_SCREENER,Producer Manufacturing,Industrial Machinery,MACHINERY,12398149.6808,UNDEFINED,,SGD,,TRUE,PRESENT,2026-08-18,2026-08-18,
"OriginClear, Inc.",OCLN,United States,OTC,USD,TRADINGVIEW_SCREENER,Producer Manufacturing,Industrial Machinery,MACHINERY,12331980.906666666,UNDEFINED,,USD,,TRUE,PRESENT,2026-08-18,2026-08-18,
K. W. Metal Work Public Company Limited,KWM,Thailand,SET,THB,TRADINGVIEW_SCREENER,Producer Manufacturing,Trucks/Construction/Farm Machinery,MACHINERY,12217496.79854,UNDEFINED,,THB,,TRUE,PRESENT,2026-08-18,2026-08-18,Broad industry; review for shipbuilding/construction-equipment.
POWERTECHNIC GROUP BHD,POWER,Malaysia,MYX,MYR,TRADINGVIEW_SCREENER,Producer Manufacturing,Trucks/Construction/Farm Machinery,MACHINERY,12130452.656,UNDEFINED,,MYR,,TRUE,PRESENT,2026-08-18,2026-08-18,Broad industry; review for shipbuilding/construction-equipment.
Clabo S.p.A.,CLABO,Italy,MIL,EUR,TRADINGVIEW_SCREENER,Producer Manufacturing,Industrial Machinery,MACHINERY,12117857.886000002,UNDEFINED,,EUR,,TRUE,PRESENT,2026-08-18,2026-08-18,
Fidia S.p.A.,FDA,Italy,MIL,EUR,TRADINGVIEW_SCREENER,Producer Manufacturing,Industrial Machinery,MACHINERY,11848453.524,UNDEFINED,,EUR,,TRUE,PRESENT,2026-08-18,2026-08-18,
Elecster Oyj Class A,ELEAV,Finland,OMXHEX,EUR,TRADINGVIEW_SCREENER,Producer Manufacturing,Industrial Machinery,MACHINERY,11790372.9375,UNDEFINED,,EUR,,TRUE,PRESENT,2026-08-18,2026-08-18,
Samrat Forgings Limited,SAMRATFORG,India,BSE,INR,TRADINGVIEW_SCREENER,Producer Manufacturing,Industrial Machinery,MACHINERY,11730880,UNDEFINED,,INR,,TRUE,PRESENT,2026-08-18,2026-08-18,
"Stechm Co., Ltd.",0070X0,South Korea,KRX,KRW,TRADINGVIEW_SCREENER,Producer Manufacturing,Industrial Machinery,MACHINERY,11607219,UNDEFINED,,KRW,,TRUE,PRESENT,2026-08-18,2026-08-18,
"Yujin Technology Co., Ltd.",240600,South Korea,KRX,KRW,TRADINGVIEW_SCREENER,Producer Manufacturing,Industrial Machinery,MACHINERY,11508018.889301999,UNDEFINED,,KRW,,TRUE,PRESENT,2026-08-18,2026-08-18,
"Cavitation Technologies, Inc.",CVAT,United States,OTC,USD,TRADINGVIEW_SCREENER,Producer Manufacturing,Industrial Machinery,MACHINERY,11459669.24398625,UNDEFINED,,USD,,TRUE,PRESENT,2026-08-18,2026-08-18,
Shuanghua Holdings Ltd.,1241,China,HKEX,HKD,TRADINGVIEW_SCREENER,Producer Manufacturing,Industrial Machinery,MACHINERY,11427779.7452,UNDEFINED,,HKD,,TRUE,PRESENT,2026-08-18,2026-08-18,
Seremban Engineering Bhd.,SEB,Malaysia,MYX,MYR,TRADINGVIEW_SCREENER,Producer Manufacturing,Industrial Machinery,MACHINERY,11387620.150899999,UNDEFINED,,MYR,,TRUE,PRESENT,2026-08-18,2026-08-18,
"Evercel, Inc.",EVRC,United States,OTC,USD,TRADINGVIEW_SCREENER,Producer Manufacturing,Industrial Machinery,MACHINERY,11385850,UNDEFINED,,USD,,TRUE,PRESENT,2026-08-18,2026-08-18,
PT Arita Prima Indonesia Tbk,APII,Indonesia,IDX,IDR,TRADINGVIEW_SCREENER,Producer Manufacturing,Industrial Machinery,MACHINERY,11385843.943376,UNDEFINED,,IDR,,TRUE,PRESENT,2026-08-18,2026-08-18,
S & W Corporation,103230,South Korea,KRX,KRW,TRADINGVIEW_SCREENER,Producer Manufacturing,Trucks/Construction/Farm Machinery,MACHINERY,11296583.700948,UNDEFINED,,KRW,,TRUE,PRESENT,2026-08-18,2026-08-18,Broad industry; review for shipbuilding/construction-equipment.
"Cluster Technology Co., Ltd.",4240,Japan,TSE,JPY,TRADINGVIEW_SCREENER,Producer Manufacturing,Industrial Machinery,MACHINERY,11287840.017925,UNDEFINED,,JPY,,TRUE,PRESENT,2026-08-18,2026-08-18,
Rexnord Electronics & Controls Ltd.,REXNORD,India,BSE,INR,TRADINGVIEW_SCREENER,Producer Manufacturing,Industrial Machinery,MACHINERY,11287203.182476,UNDEFINED,,INR,,TRUE,PRESENT,2026-08-18,2026-08-18,
SiamEast Solutions Public Co. Ltd.,SE,Thailand,SET,THB,TRADINGVIEW_SCREENER,Producer Manufacturing,Industrial Machinery,MACHINERY,11259585.00729,UNDEFINED,,THB,,TRUE,PRESENT,2026-08-18,2026-08-18,
ITL Industries Limited,ITL,India,NSE,INR,TRADINGVIEW_SCREENER,Producer Manufacturing,Industrial Machinery,MACHINERY,11068694.39547,UNDEFINED,,INR,,TRUE,PRESENT,2026-08-18,2026-08-18,
DILLI ILLUSTRATE INC.,131180,South Korea,KRX,KRW,TRADINGVIEW_SCREENER,Producer Manufacturing,Industrial Machinery,MACHINERY,11065703.908662,UNDEFINED,,KRW,,TRUE,PRESENT,2026-08-18,2026-08-18,
ES Group AB (publ) Class B,ESGR_B,Sweden,OMXSTO,SEK,TRADINGVIEW_SCREENER,Producer Manufacturing,Industrial Machinery,MACHINERY,10643697.3694,UNDEFINED,,SEK,,TRUE,PRESENT,2026-08-18,2026-08-18,
Bawat Water Technologies AB,BAWAT,Sweden,OMXSTO,SEK,TRADINGVIEW_SCREENER,Producer Manufacturing,Industrial Machinery,MACHINERY,10617525.9264,UNDEFINED,,SEK,,TRUE,PRESENT,2026-08-18,2026-08-18,
Emkay Taps & Cutting Tools Ltd.,EMKAYTOOLS,India,NSE,INR,TRADINGVIEW_SCREENER,Producer Manufacturing,Industrial Machinery,MACHINERY,10389132.278304001,UNDEFINED,,INR,,TRUE,PRESENT,2026-08-18,2026-08-18,
Semac Construction Limited,SEMAC,India,NSE,INR,TRADINGVIEW_SCREENER,Producer Manufacturing,Trucks/Construction/Farm Machinery,MACHINERY,10286598.050334001,UNDEFINED,,INR,,TRUE,PRESENT,2026-08-18,2026-08-18,Broad industry; review for shipbuilding/construction-equipment.
Far East Group Limited,5TJ,Singapore,SGX,SGD,TRADINGVIEW_SCREENER,Producer Manufacturing,Industrial Machinery,MACHINERY,10196124.3852,UNDEFINED,,SGD,,TRUE,PRESENT,2026-08-18,2026-08-18,
Shilp Gravures Limited,SHILGRAVQ,India,BSE,INR,TRADINGVIEW_SCREENER,Producer Manufacturing,Industrial Machinery,MACHINERY,10164372.126294,UNDEFINED,,INR,,TRUE,PRESENT,2026-08-18,2026-08-18,
TKZ Krasny Kotelshchik,KRKOP,Russian Federation,RUS,RUB,TRADINGVIEW_SCREENER,Producer Manufacturing,Industrial Machinery,MACHINERY,10125006.455199998,UNDEFINED,,RUB,,TRUE,PRESENT,2026-08-18,2026-08-18,
Rungta Irrigation Ltd,RUNGTAIR,India,BSE,INR,TRADINGVIEW_SCREENER,Producer Manufacturing,Industrial Machinery,MACHINERY,10063708.355718,UNDEFINED,,INR,,TRUE,PRESENT,2026-08-18,2026-08-18,
BK Holdings CO. LTD.,050090,South Korea,KRX,KRW,TRADINGVIEW_SCREENER,Producer Manufacturing,Industrial Machinery,MACHINERY,9910805.69115,UNDEFINED,,KRW,,TRUE,PRESENT,2026-08-18,2026-08-18,
PARKOMAT INTERNATIONAL LTD,PRKM,Israel,TASE,ILA,TRADINGVIEW_SCREENER,Producer Manufacturing,Industrial Machinery,MACHINERY,9773405.98345,UNDEFINED,,ILA,,TRUE,PRESENT,2026-08-18,2026-08-18,
Seaprodex Refrigeration Industry Corp.,SRF,Vietnam,HOSE,VND,TRADINGVIEW_SCREENER,Producer Manufacturing,Industrial Machinery,MACHINERY,9757622.442632,UNDEFINED,,VND,,TRUE,PRESENT,2026-08-18,2026-08-18,
KONASOL CO. LTD,176590,South Korea,KRX,KRW,TRADINGVIEW_SCREENER,Producer Manufacturing,Industrial Machinery,MACHINERY,9710223.629184,UNDEFINED,,KRW,,TRUE,PRESENT,2026-08-18,2026-08-18,
"Vessel Co., Ltd. (South Korea)",177350,South Korea,KRX,KRW,TRADINGVIEW_SCREENER,Producer Manufacturing,Industrial Machinery,MACHINERY,9656396.959248,UNDEFINED,,KRW,,TRUE,PRESENT,2026-08-18,2026-08-18,
Niche-Tech Semiconductor Materials Limited,8490,Hong Kong,HKEX,HKD,TRADINGVIEW_SCREENER,Producer Manufacturing,Industrial Machinery,MACHINERY,9617235.791800002,UNDEFINED,,HKD,,TRUE,PRESENT,2026-08-18,2026-08-18,
LILAMA 10 JSC,L10,Vietnam,HOSE,VND,TRADINGVIEW_SCREENER,Producer Manufacturing,Trucks/Construction/Farm Machinery,MACHINERY,9449307.963178001,UNDEFINED,,VND,,TRUE,PRESENT,2026-08-18,2026-08-18,Broad industry; review for shipbuilding/construction-equipment.
TMC Industrial Public Co. Ltd.,TMC,Thailand,SET,THB,TRADINGVIEW_SCREENER,Producer Manufacturing,Industrial Machinery,MACHINERY,9400077.76935,UNDEFINED,,THB,,TRUE,PRESENT,2026-08-18,2026-08-18,
Cenlub Industries Limited,CENLUB,India,BSE,INR,TRADINGVIEW_SCREENER,Producer Manufacturing,Industrial Machinery,MACHINERY,9384452.812532,UNDEFINED,,INR,,TRUE,PRESENT,2026-08-18,2026-08-18,
Siamraj Public Company Limited,SR,Thailand,SET,THB,TRADINGVIEW_SCREENER,Producer Manufacturing,Industrial Machinery,MACHINERY,9378927.835070001,UNDEFINED,,THB,,TRUE,PRESENT,2026-08-18,2026-08-18,
Flexidynamic Holdings Bhd,FLEXI,Malaysia,MYX,MYR,TRADINGVIEW_SCREENER,Producer Manufacturing,Industrial Machinery,MACHINERY,9151475.8013,UNDEFINED,,MYR,,TRUE,PRESENT,2026-08-18,2026-08-18,
"INVENIA Co., Ltd.",079950,South Korea,KRX,KRW,TRADINGVIEW_SCREENER,Producer Manufacturing,Industrial Machinery,MACHINERY,9112304.605482,UNDEFINED,,KRW,,TRUE,PRESENT,2026-08-18,2026-08-18,
"Kostek Systems, Inc.",169670,South Korea,KRX,KRW,TRADINGVIEW_SCREENER,Producer Manufacturing,Industrial Machinery,MACHINERY,9061278.16581,UNDEFINED,,KRW,,TRUE,PRESENT,2026-08-18,2026-08-18,
AAGES S.A,AAG,Romania,BVB,RON,TRADINGVIEW_SCREENER,Producer Manufacturing,Industrial Machinery,MACHINERY,9025917.192,UNDEFINED,,RON,,TRUE,PRESENT,2026-08-18,2026-08-18,
Railway Metrics and Dynamics Sweden AB,RMDX,Sweden,NGM,SEK,TRADINGVIEW_SCREENER,Producer Manufacturing,Trucks/Construction/Farm Machinery,MACHINERY,9011075.088839998,UNDEFINED,,SEK,,TRUE,PRESENT,2026-08-18,2026-08-18,Broad industry; review for shipbuilding/construction-equipment.
Fountain SA,FOU,Belgium,EURONEXT,EUR,TRADINGVIEW_SCREENER,Producer Manufacturing,Industrial Machinery,MACHINERY,8986561.276500002,UNDEFINED,,EUR,,TRUE,PRESENT,2026-08-18,2026-08-18,
Classic Electrodes India Limited,CLASSICEIL,India,NSE,INR,TRADINGVIEW_SCREENER,Producer Manufacturing,Industrial Machinery,MACHINERY,8900199.12199,UNDEFINED,,INR,,TRUE,PRESENT,2026-08-18,2026-08-18,
New Swan Multitech Limited,SWANAGRO,India,BSE,INR,TRADINGVIEW_SCREENER,Producer Manufacturing,Trucks/Construction/Farm Machinery,MACHINERY,8763748.793718,UNDEFINED,,INR,,TRUE,PRESENT,2026-08-18,2026-08-18,Broad industry; review for shipbuilding/construction-equipment.
Energoinstal SA,ENI,Poland,GPW,PLN,TRADINGVIEW_SCREENER,Producer Manufacturing,Industrial Machinery,MACHINERY,8688059.73185,UNDEFINED,,PLN,,TRUE,PRESENT,2026-08-18,2026-08-18,
Cell Impact AB,CI,Sweden,OMXSTO,SEK,TRADINGVIEW_SCREENER,Producer Manufacturing,Industrial Machinery,MACHINERY,8684223.6866,UNDEFINED,,SEK,,TRUE,PRESENT,2026-08-18,2026-08-18,
Shri Balaji Valve Components Limited,SBVCL,India,BSE,INR,TRADINGVIEW_SCREENER,Producer Manufacturing,Industrial Machinery,MACHINERY,8670711.949040001,UNDEFINED,,INR,,TRUE,PRESENT,2026-08-18,2026-08-18,
"KS Industry Co., Ltd.",101000,South Korea,KRX,KRW,TRADINGVIEW_SCREENER,Producer Manufacturing,Trucks/Construction/Farm Machinery,MACHINERY,8651002.587318001,UNDEFINED,,KRW,,TRUE,PRESENT,2026-08-18,2026-08-18,Broad industry; review for shipbuilding/construction-equipment.
An Giang Mechanical Joint Stock Co,CKA,Vietnam,UPCOM,VND,TRADINGVIEW_SCREENER,Producer Manufacturing,Industrial Machinery,MACHINERY,8641927.9584,UNDEFINED,,VND,,TRUE,PRESENT,2026-08-18,2026-08-18,
Ameya Precision Engineers Ltd.,AMEYA,India,NSE,INR,TRADINGVIEW_SCREENER,Producer Manufacturing,Industrial Machinery,MACHINERY,8641050,UNDEFINED,,INR,,TRUE,PRESENT,2026-08-18,2026-08-18,
Mingteng International Corporation Inc.,MTEN,China,NASDAQ,USD,TRADINGVIEW_SCREENER,Producer Manufacturing,Industrial Machinery,MACHINERY,8567849.442622952,UNDEFINED,,USD,,TRUE,PRESENT,2026-08-18,2026-08-18,
"Soosung Webtoon Co., Ltd.",084180,South Korea,KRX,KRW,TRADINGVIEW_SCREENER,Producer Manufacturing,Industrial Machinery,MACHINERY,8525248.932096,UNDEFINED,,KRW,,TRUE,PRESENT,2026-08-18,2026-08-18,
CDT Environmental Technology Investment Holdings Limited,CDTG,China,NASDAQ,USD,TRADINGVIEW_SCREENER,Producer Manufacturing,Industrial Machinery,MACHINERY,8458875.023923445,UNDEFINED,,USD,,TRUE,PRESENT,2026-08-18,2026-08-18,
Clean Seed Capital Group Ltd.,CSX,Canada,NEO,CAD,TRADINGVIEW_SCREENER,Producer Manufacturing,Trucks/Construction/Farm Machinery,MACHINERY,8457828.867600001,UNDEFINED,,CAD,,TRUE,PRESENT,2026-08-18,2026-08-18,Broad industry; review for shipbuilding/construction-equipment.
Prospera Global Limited,5HH,Singapore,SGX,SGD,TRADINGVIEW_SCREENER,Producer Manufacturing,Industrial Machinery,MACHINERY,8412866.514,UNDEFINED,,SGD,,TRUE,PRESENT,2026-08-18,2026-08-18,
Saxlund Group AB,SAXG,Sweden,OMXSTO,SEK,TRADINGVIEW_SCREENER,Producer Manufacturing,Industrial Machinery,MACHINERY,8283237.2853999995,UNDEFINED,,SEK,,TRUE,PRESENT,2026-08-18,2026-08-18,
Meera Industries Ltd.,MEERA,India,BSE,INR,TRADINGVIEW_SCREENER,Producer Manufacturing,Industrial Machinery,MACHINERY,8057653.01804,UNDEFINED,,INR,,TRUE,PRESENT,2026-08-18,2026-08-18,
Astro Corp.,3064,Taiwan,TPEX,TWD,TRADINGVIEW_SCREENER,Producer Manufacturing,Industrial Machinery,MACHINERY,7954977.356919999,UNDEFINED,,TWD,,TRUE,PRESENT,2026-08-18,2026-08-18,
JE Cleantech Holdings Limited,JCSE,Singapore,NASDAQ,USD,TRADINGVIEW_SCREENER,Producer Manufacturing,Industrial Machinery,MACHINERY,7910532.986842106,UNDEFINED,,USD,,TRUE,PRESENT,2026-08-18,2026-08-18,
"Telkonet, Inc.",TKOI,United States,OTC,USD,TRADINGVIEW_SCREENER,Producer Manufacturing,Industrial Machinery,MACHINERY,7779518.999999999,UNDEFINED,,USD,,TRUE,PRESENT,2026-08-18,2026-08-18,
Hydrapres S.A.,HPS,Poland,NEWCONNECT,PLN,TRADINGVIEW_SCREENER,Producer Manufacturing,Industrial Machinery,MACHINERY,7523094.39175,UNDEFINED,,PLN,,TRUE,PRESENT,2026-08-18,2026-08-18,
Maschinenfabrik HEID Aktiengesellschaft,HED,Austria,VIE,EUR,TRADINGVIEW_SCREENER,Producer Manufacturing,Industrial Machinery,MACHINERY,7518406.500000001,UNDEFINED,,EUR,,TRUE,PRESENT,2026-08-18,2026-08-18,
UV GERMI Societe Anonyme,ALUVI,France,EURONEXT,EUR,TRADINGVIEW_SCREENER,Producer Manufacturing,Industrial Machinery,MACHINERY,7516283.166,UNDEFINED,,EUR,,TRUE,PRESENT,2026-08-18,2026-08-18,
Tongda Hong Tai Holdings Ltd,2363,Hong Kong,HKEX,HKD,TRADINGVIEW_SCREENER,Producer Manufacturing,Industrial Machinery,MACHINERY,7415171.891400001,UNDEFINED,,HKD,,TRUE,PRESENT,2026-08-18,2026-08-18,
Zaklady Urzadzen Kotlowych Staporkow S.A.,ZUK,Poland,GPW,PLN,TRADINGVIEW_SCREENER,Producer Manufacturing,Industrial Machinery,MACHINERY,7389291.0277,UNDEFINED,,PLN,,TRUE,PRESENT,2026-08-18,2026-08-18,
PATKOL Public Co. Ltd.,PK,Thailand,SET,THB,TRADINGVIEW_SCREENER,Producer Manufacturing,Industrial Machinery,MACHINERY,7374481.82902,UNDEFINED,,THB,,TRUE,PRESENT,2026-08-18,2026-08-18,
Cranex Limited,CRANEX,India,BSE,INR,TRADINGVIEW_SCREENER,Producer Manufacturing,Trucks/Construction/Farm Machinery,MACHINERY,7356849.6184,UNDEFINED,,INR,,TRUE,PRESENT,2026-08-18,2026-08-18,Broad industry; review for shipbuilding/construction-equipment.
OSAI Automation System SpA,OSA,Italy,MIL,EUR,TRADINGVIEW_SCREENER,Producer Manufacturing,Industrial Machinery,MACHINERY,7126182.994500001,UNDEFINED,,EUR,,TRUE,PRESENT,2026-08-18,2026-08-18,
"Nauticus Robotics, Inc.",KITT,United States,NASDAQ,USD,TRADINGVIEW_SCREENER,Producer Manufacturing,Industrial Machinery,MACHINERY,7121524.984114812,UNDEFINED,,USD,,TRUE,PRESENT,2026-08-18,2026-08-18,
BEW Engineering Ltd.,BEWLTD,India,NSE,INR,TRADINGVIEW_SCREENER,Producer Manufacturing,Industrial Machinery,MACHINERY,7086127.386272,UNDEFINED,,INR,,TRUE,PRESENT,2026-08-18,2026-08-18,
Atam Valves Ltd.,ATAM,India,BSE,INR,TRADINGVIEW_SCREENER,Producer Manufacturing,Industrial Machinery,MACHINERY,7046524.605728,UNDEFINED,,INR,,TRUE,PRESENT,2026-08-18,2026-08-18,
"Chuo Seisakusho, Ltd.",6846,Japan,NAG,JPY,TRADINGVIEW_SCREENER,Producer Manufacturing,Industrial Machinery,MACHINERY,6672241.108900001,UNDEFINED,,JPY,,TRUE,PRESENT,2026-08-18,2026-08-18,
Mecanica Ceahlau SA,MECF,Romania,BVB,RON,TRADINGVIEW_SCREENER,Producer Manufacturing,Trucks/Construction/Farm Machinery,MACHINERY,6616075.66596,UNDEFINED,,RON,,TRUE,PRESENT,2026-08-18,2026-08-18,Broad industry; review for shipbuilding/construction-equipment.
EMA India Limited,EMAINDIA,India,BSE,INR,TRADINGVIEW_SCREENER,Producer Manufacturing,Industrial Machinery,MACHINERY,6541612.730766,UNDEFINED,,INR,,TRUE,PRESENT,2026-08-18,2026-08-18,
Darelle Online Solutions Inc.,DAR,Canada,TSXV,CAD,TRADINGVIEW_SCREENER,Producer Manufacturing,Industrial Machinery,MACHINERY,6423741.284100001,UNDEFINED,,CAD,,TRUE,PRESENT,2026-08-18,2026-08-18,
Fluxtek International Corp.,7443,Taiwan,TPEX,TWD,TRADINGVIEW_SCREENER,Producer Manufacturing,Industrial Machinery,MACHINERY,6279150.650456,UNDEFINED,,TWD,,TRUE,PRESENT,2026-08-18,2026-08-18,
Przedsiebiorstwo Hydrauliki Silowej HYDROTOR SA,HDR,Poland,GPW,PLN,TRADINGVIEW_SCREENER,Producer Manufacturing,Trucks/Construction/Farm Machinery,MACHINERY,6096626.7583,UNDEFINED,,PLN,,TRUE,PRESENT,2026-08-18,2026-08-18,Broad industry; review for shipbuilding/construction-equipment.
"NS Company Co., Ltd.",224760,South Korea,KRX,KRW,TRADINGVIEW_SCREENER,Producer Manufacturing,Trucks/Construction/Farm Machinery,MACHINERY,6084472.507308001,UNDEFINED,,KRW,,TRUE,PRESENT,2026-08-18,2026-08-18,Broad industry; review for shipbuilding/construction-equipment.
"Hydrofarm Holdings Group, Inc.",HYFM,United States,NASDAQ,USD,TRADINGVIEW_SCREENER,Producer Manufacturing,Trucks/Construction/Farm Machinery,MACHINERY,5955764.455782314,UNDEFINED,,USD,,TRUE,PRESENT,2026-08-18,2026-08-18,Broad industry; review for shipbuilding/construction-equipment.
Ben Thanh Rubber JSC,BRC,Vietnam,HOSE,VND,TRADINGVIEW_SCREENER,Producer Manufacturing,Industrial Machinery,MACHINERY,5878123.641006,UNDEFINED,,VND,,TRUE,PRESENT,2026-08-18,2026-08-18,
Shining Tools Ltd.,SHTL,India,BSE,INR,TRADINGVIEW_SCREENER,Producer Manufacturing,Industrial Machinery,MACHINERY,5876231.99064,UNDEFINED,,INR,,TRUE,PRESENT,2026-08-18,2026-08-18,
Erdasan Group Bhd,ERDASAN,Malaysia,MYX,MYR,TRADINGVIEW_SCREENER,Producer Manufacturing,Industrial Machinery,MACHINERY,5868874.844699999,UNDEFINED,,MYR,,TRUE,PRESENT,2026-08-18,2026-08-18,
BladeRanger Ltd,BLRN,Israel,TASE,ILA,TRADINGVIEW_SCREENER,Producer Manufacturing,Industrial Machinery,MACHINERY,5819288.92632,UNDEFINED,,ILA,,TRUE,PRESENT,2026-08-18,2026-08-18,
Shayona Engineering Limited,SHAYONAENG,India,BSE,INR,TRADINGVIEW_SCREENER,Producer Manufacturing,Industrial Machinery,MACHINERY,5750272.1002636,UNDEFINED,,INR,,TRUE,PRESENT,2026-08-18,2026-08-18,
Litix S.p.A.,LTX,Italy,MIL,EUR,TRADINGVIEW_SCREENER,Producer Manufacturing,Industrial Machinery,MACHINERY,5645466.315,UNDEFINED,,EUR,,TRUE,PRESENT,2026-08-18,2026-08-18,
"Nakanippon Casting Co., Ltd.",6439,Japan,NAG,JPY,TRADINGVIEW_SCREENER,Producer Manufacturing,Industrial Machinery,MACHINERY,5609533.2631,UNDEFINED,,JPY,,TRUE,PRESENT,2026-08-18,2026-08-18,
"Huachen AI Parking Management Technology Holding Co., Ltd.",HCAI,China,NASDAQ,USD,TRADINGVIEW_SCREENER,Producer Manufacturing,Industrial Machinery,MACHINERY,5606985.5,UNDEFINED,,USD,,TRUE,PRESENT,2026-08-18,2026-08-18,
Acrow India Limited,ACROW,India,BSE,INR,TRADINGVIEW_SCREENER,Producer Manufacturing,Industrial Machinery,MACHINERY,5563118.505896,UNDEFINED,,INR,,TRUE,PRESENT,2026-08-18,2026-08-18,
"Yamazaki Co., Ltd.",6147,Japan,TSE,JPY,TRADINGVIEW_SCREENER,Producer Manufacturing,Industrial Machinery,MACHINERY,5485218.867875,UNDEFINED,,JPY,,TRUE,PRESENT,2026-08-18,2026-08-18,
Miyoshi Limited,M03,Singapore,SGX,SGD,TRADINGVIEW_SCREENER,Producer Manufacturing,Industrial Machinery,MACHINERY,5440156.7415,UNDEFINED,,SGD,,TRUE,PRESENT,2026-08-18,2026-08-18,
PT Isra Presisi Indonesia Tbk,ISAP,Indonesia,IDX,IDR,TRADINGVIEW_SCREENER,Producer Manufacturing,Industrial Machinery,MACHINERY,5403358.406264,UNDEFINED,,IDR,,TRUE,PRESENT,2026-08-18,2026-08-18,
Oasis Harvest Corporation Bhd,OASIS,Malaysia,MYX,MYR,TRADINGVIEW_SCREENER,Producer Manufacturing,Industrial Machinery,MACHINERY,5392950.8388,UNDEFINED,,MYR,,TRUE,PRESENT,2026-08-18,2026-08-18,
Lupatech S.A.,LUPA3,Brazil,BMFBOVESPA,BRL,TRADINGVIEW_SCREENER,Producer Manufacturing,Industrial Machinery,MACHINERY,5334387.0954,UNDEFINED,,BRL,,TRUE,PRESENT,2026-08-18,2026-08-18,
Sonha Saigon JSC,SHA,Vietnam,HOSE,VND,TRADINGVIEW_SCREENER,Producer Manufacturing,Industrial Machinery,MACHINERY,5271306.853884,UNDEFINED,,VND,,TRUE,PRESENT,2026-08-18,2026-08-18,
Solitaire Machine Tools Limited,SOLIMAC,India,BSE,INR,TRADINGVIEW_SCREENER,Producer Manufacturing,Industrial Machinery,MACHINERY,5233222.39479,UNDEFINED,,INR,,TRUE,PRESENT,2026-08-18,2026-08-18,
Fom Technologies A/S,FOM,Denmark,OMXCOP,DKK,TRADINGVIEW_SCREENER,Producer Manufacturing,Industrial Machinery,MACHINERY,5209871.336,UNDEFINED,,DKK,,TRUE,PRESENT,2026-08-18,2026-08-18,
Viettronics Tan Binh JSC,VTB,Vietnam,HOSE,VND,TRADINGVIEW_SCREENER,Producer Manufacturing,Industrial Machinery,MACHINERY,5193732.597370001,UNDEFINED,,VND,,TRUE,PRESENT,2026-08-18,2026-08-18,
Manugraph India Limited,MANUGRAPH,India,NSE,INR,TRADINGVIEW_SCREENER,Producer Manufacturing,Industrial Machinery,MACHINERY,5170347.768814,UNDEFINED,,INR,,TRUE,PRESENT,2026-08-18,2026-08-18,
Sona Machinery Ltd.,SONAMAC,India,NSE,INR,TRADINGVIEW_SCREENER,Producer Manufacturing,Trucks/Construction/Farm Machinery,MACHINERY,5102953.748000001,UNDEFINED,,INR,,TRUE,PRESENT,2026-08-18,2026-08-18,Broad industry; review for shipbuilding/construction-equipment.
INLIF LIMITED,INLF,China,NASDAQ,USD,TRADINGVIEW_SCREENER,Producer Manufacturing,Industrial Machinery,MACHINERY,4999408.845070423,UNDEFINED,,USD,,TRUE,PRESENT,2026-08-18,2026-08-18,
Nordic Flanges Group AB,NFGAB,Sweden,OMXSTO,SEK,TRADINGVIEW_SCREENER,Producer Manufacturing,Industrial Machinery,MACHINERY,4991209.8105999995,UNDEFINED,,SEK,,TRUE,PRESENT,2026-08-18,2026-08-18,
VIPO as,1VIP01AE,Slovakia,BSSE,EUR,TRADINGVIEW_SCREENER,Producer Manufacturing,Industrial Machinery,MACHINERY,4895464.5,UNDEFINED,,EUR,,TRUE,PRESENT,2026-08-18,2026-08-18,
NEPON Inc.,7985,Japan,FSE,JPY,TRADINGVIEW_SCREENER,Producer Manufacturing,Trucks/Construction/Farm Machinery,MACHINERY,4830950.483425,UNDEFINED,,JPY,,TRUE,PRESENT,2026-08-18,2026-08-18,Broad industry; review for shipbuilding/construction-equipment.
ZOOMABILITY INT AB,ZOOM,Sweden,NGM,SEK,TRADINGVIEW_SCREENER,Producer Manufacturing,Trucks/Construction/Farm Machinery,MACHINERY,4824593.3074,UNDEFINED,,SEK,,TRUE,PRESENT,2026-08-18,2026-08-18,Broad industry; review for shipbuilding/construction-equipment.
APB Resources Bhd.,APB,Malaysia,MYX,MYR,TRADINGVIEW_SCREENER,Producer Manufacturing,Industrial Machinery,MACHINERY,4773848.9547,UNDEFINED,,MYR,,TRUE,PRESENT,2026-08-18,2026-08-18,
Srigee DLM Limited,SRIGEE,India,BSE,INR,TRADINGVIEW_SCREENER,Producer Manufacturing,Industrial Machinery,MACHINERY,4755128.9664,UNDEFINED,,INR,,TRUE,PRESENT,2026-08-18,2026-08-18,
Presstonic Engineering Limited,PRESSTONIC,India,NSE,INR,TRADINGVIEW_SCREENER,Producer Manufacturing,Trucks/Construction/Farm Machinery,MACHINERY,4733179.882428001,UNDEFINED,,INR,,TRUE,PRESENT,2026-08-18,2026-08-18,Broad industry; review for shipbuilding/construction-equipment.
TransAKT Ltd.,TAKD,Hong Kong,OTC,USD,TRADINGVIEW_SCREENER,Producer Manufacturing,Trucks/Construction/Farm Machinery,MACHINERY,4672744.999999999,UNDEFINED,,USD,,TRUE,PRESENT,2026-08-18,2026-08-18,Broad industry; review for shipbuilding/construction-equipment.
333D Limited,T3D,Australia,ASX,AUD,TRADINGVIEW_SCREENER,Producer Manufacturing,Industrial Machinery,MACHINERY,4640362.6979,UNDEFINED,,AUD,,TRUE,PRESENT,2026-08-18,2026-08-18,
Swastik Pipe Ltd.,SWASTIK,India,NSE,INR,TRADINGVIEW_SCREENER,Producer Manufacturing,Industrial Machinery,MACHINERY,4623199.9287600005,UNDEFINED,,INR,,TRUE,PRESENT,2026-08-18,2026-08-18,
Rigas Kugu Buvetava JSC,RKB1R,Latvia,OMXRSE,EUR,TRADINGVIEW_SCREENER,Producer Manufacturing,Trucks/Construction/Farm Machinery,MACHINERY,4589589.9105,UNDEFINED,,EUR,,TRUE,PRESENT,2026-08-18,2026-08-18,Broad industry; review for shipbuilding/construction-equipment.
A ONE CUBETECH CO. LTD.,234070,South Korea,KRX,KRW,TRADINGVIEW_SCREENER,Producer Manufacturing,Trucks/Construction/Farm Machinery,MACHINERY,4515046.012152,UNDEFINED,,KRW,,TRUE,PRESENT,2026-08-18,2026-08-18,Broad industry; review for shipbuilding/construction-equipment.
Saunum Group AS,SAUNA,Estonia,OMXTSE,EUR,TRADINGVIEW_SCREENER,Producer Manufacturing,Industrial Machinery,MACHINERY,4407271.155,UNDEFINED,,EUR,,TRUE,PRESENT,2026-08-18,2026-08-18,
CN Asia Corporation Bhd.,CNASIA,Malaysia,MYX,MYR,TRADINGVIEW_SCREENER,Producer Manufacturing,Industrial Machinery,MACHINERY,4274483.3866,UNDEFINED,,MYR,,TRUE,PRESENT,2026-08-18,2026-08-18,
Pentagon Rubber Limited,PENTAGON,India,NSE,INR,TRADINGVIEW_SCREENER,Producer Manufacturing,Industrial Machinery,MACHINERY,4271915.166,UNDEFINED,,INR,,TRUE,PRESENT,2026-08-18,2026-08-18,
Jiading International Group Holdings Limited,8153,Hong Kong,HKEX,HKD,TRADINGVIEW_SCREENER,Producer Manufacturing,Trucks/Construction/Farm Machinery,MACHINERY,3921426.9094000002,UNDEFINED,,HKD,,TRUE,PRESENT,2026-08-18,2026-08-18,Broad industry; review for shipbuilding/construction-equipment.
Amfil Technologies Inc.,FUNN,Canada,OTC,USD,TRADINGVIEW_SCREENER,Producer Manufacturing,Industrial Machinery,MACHINERY,3876682.886363636,UNDEFINED,,USD,,TRUE,PRESENT,2026-08-18,2026-08-18,
LightAir AB,LAIR,Sweden,NGM,SEK,TRADINGVIEW_SCREENER,Producer Manufacturing,Industrial Machinery,MACHINERY,3859354.1306,UNDEFINED,,SEK,,TRUE,PRESENT,2026-08-18,2026-08-18,
REPUBLIC TECHNOLOGIES INC.,DOCKF,Canada,OTC,USD,TRADINGVIEW_SCREENER,Producer Manufacturing,Industrial Machinery,MACHINERY,3779438.5902000004,UNDEFINED,,USD,,TRUE,PRESENT,2026-08-18,2026-08-18,
Tenax International S.p.A,TNX,Italy,MIL,EUR,TRADINGVIEW_SCREENER,Producer Manufacturing,Industrial Machinery,MACHINERY,3621063.9510000004,UNDEFINED,,EUR,,TRUE,PRESENT,2026-08-18,2026-08-18,
Kleen HY-DRO-GEN Inc.,KLN,Canada,NEO,CAD,TRADINGVIEW_SCREENER,Producer Manufacturing,Industrial Machinery,MACHINERY,3527541.0366,UNDEFINED,,CAD,,TRUE,PRESENT,2026-08-18,2026-08-18,
Investeringsselskabet af 3. november 2025 A/S,3NOV25,Denmark,OMXCOP,DKK,TRADINGVIEW_SCREENER,Producer Manufacturing,Trucks/Construction/Farm Machinery,MACHINERY,3504566.7224000003,UNDEFINED,,DKK,,TRUE,PRESENT,2026-08-18,2026-08-18,Broad industry; review for shipbuilding/construction-equipment.
Comrade Appliances Limited,COMRADE,India,BSE,INR,TRADINGVIEW_SCREENER,Producer Manufacturing,Industrial Machinery,MACHINERY,3462691.700275,UNDEFINED,,INR,,TRUE,PRESENT,2026-08-18,2026-08-18,
G. G. Dandekar Properties Limited,GGDPROP,India,BSE,INR,TRADINGVIEW_SCREENER,Producer Manufacturing,Industrial Machinery,MACHINERY,3441083.2045980003,UNDEFINED,,INR,,TRUE,PRESENT,2026-08-18,2026-08-18,
Acma Ltd.,AYV,Singapore,SGX,SGD,TRADINGVIEW_SCREENER,Producer Manufacturing,Industrial Machinery,MACHINERY,3378249.0066,UNDEFINED,,SGD,,TRUE,PRESENT,2026-08-18,2026-08-18,
C.I. Group Public Co. Ltd.,CIG,Thailand,SET,THB,TRADINGVIEW_SCREENER,Producer Manufacturing,Industrial Machinery,MACHINERY,3377492.46251,UNDEFINED,,THB,,TRUE,PRESENT,2026-08-18,2026-08-18,
Auro Impex & Chemicals Ltd.,AUROIMPEX,India,NSE,INR,TRADINGVIEW_SCREENER,Producer Manufacturing,Industrial Machinery,MACHINERY,3335349.77712,UNDEFINED,,INR,,TRUE,PRESENT,2026-08-18,2026-08-18,
Sanichi Technology Bhd.,SANICHI,Malaysia,MYX,MYR,TRADINGVIEW_SCREENER,Producer Manufacturing,Industrial Machinery,MACHINERY,3237360.0168,UNDEFINED,,MYR,,TRUE,PRESENT,2026-08-18,2026-08-18,
Rex Sealing & Packing Industries Ltd.,REXSEAL,India,BSE,INR,TRADINGVIEW_SCREENER,Producer Manufacturing,Industrial Machinery,MACHINERY,3186130.4697600002,UNDEFINED,,INR,,TRUE,PRESENT,2026-08-18,2026-08-18,
"Rouchon Industries, Inc.",RCHN,United States,OTC,USD,TRADINGVIEW_SCREENER,Producer Manufacturing,Industrial Machinery,MACHINERY,3098791.4067469877,UNDEFINED,,USD,,TRUE,PRESENT,2026-08-18,2026-08-18,
Adarsh Plant Protect Ltd.,ADARSHPL,India,BSE,INR,TRADINGVIEW_SCREENER,Producer Manufacturing,Trucks/Construction/Farm Machinery,MACHINERY,3073904.49248,UNDEFINED,,INR,,TRUE,PRESENT,2026-08-18,2026-08-18,Broad industry; review for shipbuilding/construction-equipment.
Hawa Engineers Ltd,HAWAENG,India,BSE,INR,TRADINGVIEW_SCREENER,Producer Manufacturing,Industrial Machinery,MACHINERY,3058260.5051320004,UNDEFINED,,INR,,TRUE,PRESENT,2026-08-18,2026-08-18,
Eco-Tek Holdings Limited,8169,Hong Kong,HKEX,HKD,TRADINGVIEW_SCREENER,Producer Manufacturing,Industrial Machinery,MACHINERY,2979049.7464000005,UNDEFINED,,HKD,,TRUE,PRESENT,2026-08-18,2026-08-18,
DURO DAKOVIC GRUPA d.d.,DDJH,Croatia,ZSE,EUR,TRADINGVIEW_SCREENER,Producer Manufacturing,Trucks/Construction/Farm Machinery,MACHINERY,2951879.5125,UNDEFINED,,EUR,,TRUE,PRESENT,2026-08-18,2026-08-18,Broad industry; review for shipbuilding/construction-equipment.
EASYFILL AB CLASS B,EASY.B,Sweden,NGM,SEK,TRADINGVIEW_SCREENER,Producer Manufacturing,Industrial Machinery,MACHINERY,2885416.104,UNDEFINED,,SEK,,TRUE,PRESENT,2026-08-18,2026-08-18,
FINEPART SWEDEN AB,FINE,Sweden,NGM,SEK,TRADINGVIEW_SCREENER,Producer Manufacturing,Industrial Machinery,MACHINERY,2854137.8797999998,UNDEFINED,,SEK,,TRUE,PRESENT,2026-08-18,2026-08-18,
Sprayking Ltd,SPRAYKING,India,BSE,INR,TRADINGVIEW_SCREENER,Producer Manufacturing,Trucks/Construction/Farm Machinery,MACHINERY,2833629.7593920003,UNDEFINED,,INR,,TRUE,PRESENT,2026-08-18,2026-08-18,Broad industry; review for shipbuilding/construction-equipment.
Inducto Steel Ltd.,INDCTST,India,BSE,INR,TRADINGVIEW_SCREENER,Producer Manufacturing,Trucks/Construction/Farm Machinery,MACHINERY,2815773.8308280003,UNDEFINED,,INR,,TRUE,PRESENT,2026-08-18,2026-08-18,Broad industry; review for shipbuilding/construction-equipment.
Amco India Limited,AMCOIND,India,BSE,INR,TRADINGVIEW_SCREENER,Producer Manufacturing,Industrial Machinery,MACHINERY,2808460.6536,UNDEFINED,,INR,,TRUE,PRESENT,2026-08-18,2026-08-18,
Polymechplast Machines Limited,POLYCHMP,India,BSE,INR,TRADINGVIEW_SCREENER,Producer Manufacturing,Industrial Machinery,MACHINERY,2791628.5690099997,UNDEFINED,,INR,,TRUE,PRESENT,2026-08-18,2026-08-18,
Vinacomin - Machinery JSC,CTT,Vietnam,HNX,VND,TRADINGVIEW_SCREENER,Producer Manufacturing,Trucks/Construction/Farm Machinery,MACHINERY,2766739.726536,UNDEFINED,,VND,,TRUE,PRESENT,2026-08-18,2026-08-18,Broad industry; review for shipbuilding/construction-equipment.
AEROWASH AB CLASS B,AERW.B,Sweden,NGM,SEK,TRADINGVIEW_SCREENER,Producer Manufacturing,Industrial Machinery,MACHINERY,2746525.9228,UNDEFINED,,SEK,,TRUE,PRESENT,2026-08-18,2026-08-18,
Harshil Agrotech Limited,HARSHILAGR,India,BSE,INR,TRADINGVIEW_SCREENER,Producer Manufacturing,Industrial Machinery,MACHINERY,2737547.53637,UNDEFINED,,INR,,TRUE,PRESENT,2026-08-18,2026-08-18,
Sarthak Industries Limited,SARTHAKIND,India,BSE,INR,TRADINGVIEW_SCREENER,Producer Manufacturing,Industrial Machinery,MACHINERY,2481718.8609120003,UNDEFINED,,INR,,TRUE,PRESENT,2026-08-18,2026-08-18,
Envair Electrodyne Limited,ENVAIREL,India,BSE,INR,TRADINGVIEW_SCREENER,Producer Manufacturing,Industrial Machinery,MACHINERY,2284655.766964,UNDEFINED,,INR,,TRUE,PRESENT,2026-08-18,2026-08-18,
Elektros Inc.,ELEK,United States,OTC,USD,TRADINGVIEW_SCREENER,Producer Manufacturing,Industrial Machinery,MACHINERY,2237203.125,UNDEFINED,,USD,,TRUE,PRESENT,2026-08-18,2026-08-18,
Boss Packaging Solutions Limited,BOSS,India,NSE,INR,TRADINGVIEW_SCREENER,Producer Manufacturing,Industrial Machinery,MACHINERY,2111955.2703340002,UNDEFINED,,INR,,TRUE,PRESENT,2026-08-18,2026-08-18,
Veejay Lakshmi Engineering Works Limited,VJLAXMIE,India,BSE,INR,TRADINGVIEW_SCREENER,Producer Manufacturing,Industrial Machinery,MACHINERY,2110579.91892,UNDEFINED,,INR,,TRUE,PRESENT,2026-08-18,2026-08-18,
Mukat Pipes Limited,MUKATPIP,India,BSE,INR,TRADINGVIEW_SCREENER,Producer Manufacturing,Industrial Machinery,MACHINERY,2040755.1131340002,UNDEFINED,,INR,,TRUE,PRESENT,2026-08-18,2026-08-18,
CM International SA Class BC,CMI,Poland,NEWCONNECT,PLN,TRADINGVIEW_SCREENER,Producer Manufacturing,Industrial Machinery,MACHINERY,2032282.035,UNDEFINED,,PLN,,TRUE,PRESENT,2026-08-18,2026-08-18,
Dakshidin Corp.,DKSC,United States,OTC,USD,TRADINGVIEW_SCREENER,Producer Manufacturing,Industrial Machinery,MACHINERY,2000000,UNDEFINED,,USD,,TRUE,PRESENT,2026-08-18,2026-08-18,
AGROMEP Spolka Akcyjna,AGP,Poland,NEWCONNECT,PLN,TRADINGVIEW_SCREENER,Producer Manufacturing,Trucks/Construction/Farm Machinery,MACHINERY,1928583.87145,UNDEFINED,,PLN,,TRUE,PRESENT,2026-08-18,2026-08-18,Broad industry; review for shipbuilding/construction-equipment.
Breakthrough Chemistry Inc.,BKTH,United States,OTC,USD,TRADINGVIEW_SCREENER,Producer Manufacturing,Industrial Machinery,MACHINERY,1877755.7499730808,UNDEFINED,,USD,,TRUE,PRESENT,2026-08-18,2026-08-18,
BT Wealth Industries PCL,BTW,Thailand,SET,THB,TRADINGVIEW_SCREENER,Producer Manufacturing,Industrial Machinery,MACHINERY,1822262.36987,UNDEFINED,,THB,,TRUE,PRESENT,2026-08-18,2026-08-18,
"SYSWORK Co., Ltd.",269620,South Korea,KRX,KRW,TRADINGVIEW_SCREENER,Producer Manufacturing,Industrial Machinery,MACHINERY,1767466.445238,UNDEFINED,,KRW,,TRUE,PRESENT,2026-08-18,2026-08-18,
SHENGKAI INNOVATIONS INC,VALV,China,OTC,USD,TRADINGVIEW_SCREENER,Producer Manufacturing,Industrial Machinery,MACHINERY,1719600,UNDEFINED,,USD,,TRUE,PRESENT,2026-08-18,2026-08-18,
Nordon Industrias Metalurgicas S.A.,NORD3F,Brazil,BMFBOVESPA,BRL,TRADINGVIEW_SCREENER,Producer Manufacturing,Industrial Machinery,MACHINERY,1710925.7484,UNDEFINED,,BRL,,TRUE,PRESENT,2026-08-18,2026-08-18,
Robinson Europe SA,RBS,Poland,NEWCONNECT,PLN,TRADINGVIEW_SCREENER,Producer Manufacturing,Industrial Machinery,MACHINERY,1655542.81545,UNDEFINED,,PLN,,TRUE,PRESENT,2026-08-18,2026-08-18,
Mechanical Engineering & Metallurgy Joint Stock Co,SDK,Vietnam,UPCOM,VND,TRADINGVIEW_SCREENER,Producer Manufacturing,Industrial Machinery,MACHINERY,1541280.616512,UNDEFINED,,VND,,TRUE,PRESENT,2026-08-18,2026-08-18,
Julien Agro Infratech Ltd,JULIEN,India,BSE,INR,TRADINGVIEW_SCREENER,Producer Manufacturing,Trucks/Construction/Farm Machinery,MACHINERY,1485167.5857300002,UNDEFINED,,INR,,TRUE,PRESENT,2026-08-18,2026-08-18,Broad industry; review for shipbuilding/construction-equipment.
Technopack Polymers Ltd.,TECHNOPACK,India,BSE,INR,TRADINGVIEW_SCREENER,Producer Manufacturing,Industrial Machinery,MACHINERY,1473943.1760000002,UNDEFINED,,INR,,TRUE,PRESENT,2026-08-18,2026-08-18,
Regenera Insights Inc.,RGEN,Canada,CSE,CAD,TRADINGVIEW_SCREENER,Producer Manufacturing,Industrial Machinery,MACHINERY,1370904.4923,UNDEFINED,,CAD,,TRUE,PRESENT,2026-08-18,2026-08-18,
"Water Technologies International,Inc.",WTII,United States,OTC,USD,TRADINGVIEW_SCREENER,Producer Manufacturing,Industrial Machinery,MACHINERY,1277619,UNDEFINED,,USD,,TRUE,PRESENT,2026-08-18,2026-08-18,
Debock Industries Limited,DIL,India,NSE,INR,TRADINGVIEW_SCREENER,Producer Manufacturing,Trucks/Construction/Farm Machinery,MACHINERY,1261328.580124,UNDEFINED,,INR,,TRUE,PRESENT,2026-08-18,2026-08-18,Broad industry; review for shipbuilding/construction-equipment.
Bardella SA Industrias Mecanicas,BDLL3,Brazil,BMFBOVESPA,BRL,TRADINGVIEW_SCREENER,Producer Manufacturing,Industrial Machinery,MACHINERY,1189626.4116,UNDEFINED,,BRL,,TRUE,PRESENT,2026-08-18,2026-08-18,
Bardella SA Industrias Mecanicas Pfd,BDLL4,Brazil,BMFBOVESPA,BRL,TRADINGVIEW_SCREENER,Producer Manufacturing,Industrial Machinery,MACHINERY,1189626.4116,UNDEFINED,,BRL,,TRUE,PRESENT,2026-08-18,2026-08-18,
Sabien Technology Group plc,SNT,United Kingdom,LSE,GBX,TRADINGVIEW_SCREENER,Producer Manufacturing,Industrial Machinery,MACHINERY,1180443.792,UNDEFINED,,GBX,,TRUE,PRESENT,2026-08-18,2026-08-18,
Quality Industrial Corp.,QIND,United States,OTC,USD,TRADINGVIEW_SCREENER,Producer Manufacturing,Industrial Machinery,MACHINERY,1159600,UNDEFINED,,USD,,TRUE,PRESENT,2026-08-18,2026-08-18,
Quality Ro Industries Limited,QRIL,India,BSE,INR,TRADINGVIEW_SCREENER,Producer Manufacturing,Industrial Machinery,MACHINERY,1065677.1300000001,UNDEFINED,,INR,,TRUE,PRESENT,2026-08-18,2026-08-18,
"Mary Agrotechnologies, Inc.",MARY,Canada,CSE,CAD,TRADINGVIEW_SCREENER,Producer Manufacturing,Industrial Machinery,MACHINERY,934544.5914,UNDEFINED,,CAD,,TRUE,PRESENT,2026-08-18,2026-08-18,
Premier Limited,PREMIER,India,NSE,INR,TRADINGVIEW_SCREENER,Producer Manufacturing,Industrial Machinery,MACHINERY,874836.3252320001,UNDEFINED,,INR,,TRUE,PRESENT,2026-08-18,2026-08-18,
BigRep SE Class A,A40H84,Germany,LSX,EUR,TRADINGVIEW_SCREENER,Producer Manufacturing,Industrial Machinery,MACHINERY,870807.4920000001,UNDEFINED,,EUR,,TRUE,PRESENT,2026-08-18,2026-08-18,
Hittco Tools Limited,HITTCO,India,BSE,INR,TRADINGVIEW_SCREENER,Producer Manufacturing,Industrial Machinery,MACHINERY,815622.3727300001,UNDEFINED,,INR,,TRUE,PRESENT,2026-08-18,2026-08-18,
Pallas Air Plc,PALLAS,Finland,OMXHEX,EUR,TRADINGVIEW_SCREENER,Producer Manufacturing,Industrial Machinery,MACHINERY,773531.964,UNDEFINED,,EUR,,TRUE,PRESENT,2026-08-18,2026-08-18,
Giaiphong Motor JSC,GGG,Vietnam,UPCOM,VND,TRADINGVIEW_SCREENER,Producer Manufacturing,Trucks/Construction/Farm Machinery,MACHINERY,732294.9600000001,UNDEFINED,,VND,,TRUE,PRESENT,2026-08-18,2026-08-18,Broad industry; review for shipbuilding/construction-equipment.
Abelco Investment Group AB,ABIG,Sweden,NGM,SEK,TRADINGVIEW_SCREENER,Producer Manufacturing,Trucks/Construction/Farm Machinery,MACHINERY,719807.0966,UNDEFINED,,SEK,,TRUE,PRESENT,2026-08-18,2026-08-18,Broad industry; review for shipbuilding/construction-equipment.
Amraworld Agrico Limited,AMRAAGRI,India,BSE,INR,TRADINGVIEW_SCREENER,Producer Manufacturing,Industrial Machinery,MACHINERY,693012.241422,UNDEFINED,,INR,,TRUE,PRESENT,2026-08-18,2026-08-18,
"TransGlobal Assets, Inc.",TMSH,United States,OTC,USD,TRADINGVIEW_SCREENER,Producer Manufacturing,Industrial Machinery,MACHINERY,686821,UNDEFINED,,USD,,TRUE,PRESENT,2026-08-18,2026-08-18,
AF Enterprises Limited,AFEL,India,BSE,INR,TRADINGVIEW_SCREENER,Producer Manufacturing,Industrial Machinery,MACHINERY,675935.065232,UNDEFINED,,INR,,TRUE,PRESENT,2026-08-18,2026-08-18,
"BitFrontier Capital Holdings, Inc.",BFCH,United States,OTC,USD,TRADINGVIEW_SCREENER,Producer Manufacturing,Industrial Machinery,MACHINERY,667871.9999999999,UNDEFINED,,USD,,TRUE,PRESENT,2026-08-18,2026-08-18,
Rentunder Holding AB,RENT,Sweden,NGM,SEK,TRADINGVIEW_SCREENER,Producer Manufacturing,Industrial Machinery,MACHINERY,663049.0446,UNDEFINED,,SEK,,TRUE,PRESENT,2026-08-18,2026-08-18,
Associated British Engineering plc,ASBE,United Kingdom,LSE,GBX,TRADINGVIEW_SCREENER,Producer Manufacturing,Industrial Machinery,MACHINERY,554456.694,UNDEFINED,,GBX,,TRUE,PRESENT,2026-08-18,2026-08-18,
One World Universe Inc.,OWUV,United States,OTC,USD,TRADINGVIEW_SCREENER,Producer Manufacturing,Industrial Machinery,MACHINERY,549475.9999999999,UNDEFINED,,USD,,TRUE,PRESENT,2026-08-18,2026-08-18,
"Global Water Technologies, Inc.",GWTR,United States,OTC,USD,TRADINGVIEW_SCREENER,Producer Manufacturing,Industrial Machinery,MACHINERY,529107,UNDEFINED,,USD,,TRUE,PRESENT,2026-08-18,2026-08-18,
Vardhman Concrete Limited,VARDHMAN,India,BSE,INR,TRADINGVIEW_SCREENER,Producer Manufacturing,Trucks/Construction/Farm Machinery,MACHINERY,398777.785562,UNDEFINED,,INR,,TRUE,PRESENT,2026-08-18,2026-08-18,Broad industry; review for shipbuilding/construction-equipment.
ECOMB AB,ECOMB,Sweden,NGM,SEK,TRADINGVIEW_SCREENER,Producer Manufacturing,Industrial Machinery,MACHINERY,398250.6928,UNDEFINED,,SEK,,TRUE,PRESENT,2026-08-18,2026-08-18,
Energy 1 Corp.,EGOC,United States,OTC,USD,TRADINGVIEW_SCREENER,Producer Manufacturing,Industrial Machinery,MACHINERY,319710.07680000004,UNDEFINED,,USD,,TRUE,PRESENT,2026-08-18,2026-08-18,
"Delphax Technologies, Inc.",DLPX,United States,OTC,USD,TRADINGVIEW_SCREENER,Producer Manufacturing,Industrial Machinery,MACHINERY,250097.99999999997,UNDEFINED,,USD,,TRUE,PRESENT,2026-08-18,2026-08-18,
Omnitek Engineering Corp.,OMTK,United States,OTC,USD,TRADINGVIEW_SCREENER,Producer Manufacturing,Trucks/Construction/Farm Machinery,MACHINERY,241429,UNDEFINED,,USD,,TRUE,PRESENT,2026-08-18,2026-08-18,Broad industry; review for shipbuilding/construction-equipment.
Boostheat SAS,ALBOO,France,EURONEXT,EUR,TRADINGVIEW_SCREENER,Producer Manufacturing,Industrial Machinery,MACHINERY,211725.081,UNDEFINED,,EUR,,TRUE,PRESENT,2026-08-18,2026-08-18,
FluroTech Ltd.,TEST.H,Canada,TSXV,CAD,TRADINGVIEW_SCREENER,Producer Manufacturing,Trucks/Construction/Farm Machinery,MACHINERY,167149.2165,UNDEFINED,,CAD,,TRUE,PRESENT,2026-08-18,2026-08-18,Broad industry; review for shipbuilding/construction-equipment.
GARB OIL & POWER CORP,GARB,United States,OTC,USD,TRADINGVIEW_SCREENER,Producer Manufacturing,Industrial Machinery,MACHINERY,47497.579999999994,UNDEFINED,,USD,,TRUE,PRESENT,2026-08-18,2026-08-18,
GENERATION ALPHA INC,GNAL,United States,OTC,USD,TRADINGVIEW_SCREENER,Producer Manufacturing,Trucks/Construction/Farm Machinery,MACHINERY,42427,UNDEFINED,,USD,,TRUE,PRESENT,2026-08-18,2026-08-18,Broad industry; review for shipbuilding/construction-equipment.
"Triad Pro Innovators, Inc.",TPII,United States,OTC,USD,TRADINGVIEW_SCREENER,Producer Manufacturing,Industrial Machinery,MACHINERY,37240,UNDEFINED,,USD,,TRUE,PRESENT,2026-08-18,2026-08-18,
RINO International Corp.,RINO,United States,OTC,USD,TRADINGVIEW_SCREENER,Producer Manufacturing,Industrial Machinery,MACHINERY,35319,UNDEFINED,,USD,,TRUE,PRESENT,2026-08-18,2026-08-18,
"Strategic Environmental & Energy Resources, Inc.",SENR,United States,OTC,USD,TRADINGVIEW_SCREENER,Producer Manufacturing,Industrial Machinery,MACHINERY,19831,UNDEFINED,,USD,,TRUE,PRESENT,2026-08-18,2026-08-18,
SERVICE TEAM INC,SVTE,United States,OTC,USD,TRADINGVIEW_SCREENER,Producer Manufacturing,Trucks/Construction/Farm Machinery,MACHINERY,8853,UNDEFINED,,USD,,TRUE,PRESENT,2026-08-18,2026-08-18,Broad industry; review for shipbuilding/construction-equipment.
FUTUREWORLD CORP,FWDG,United States,OTC,USD,TRADINGVIEW_SCREENER,Producer Manufacturing,Trucks/Construction/Farm Machinery,MACHINERY,8788.000000000002,UNDEFINED,,USD,,TRUE,PRESENT,2026-08-18,2026-08-18,Broad industry; review for shipbuilding/construction-equipment.
Indoor Harvest Corp.,INQD,United States,OTC,USD,TRADINGVIEW_SCREENER,Producer Manufacturing,Trucks/Construction/Farm Machinery,MACHINERY,3206,UNDEFINED,,USD,,TRUE,PRESENT,2026-08-18,2026-08-18,Broad industry; review for shipbuilding/construction-equipment.
"GreenGro Technologies, Inc.",GRNH,United States,OTC,USD,TRADINGVIEW_SCREENER,Producer Manufacturing,Trucks/Construction/Farm Machinery,MACHINERY,1555,UNDEFINED,,USD,,TRUE,PRESENT,2026-08-18,2026-08-18,Broad industry; review for shipbuilding/construction-equipment.
Resgreen Group International Inc,RGGI,United States,OTC,USD,TRADINGVIEW_SCREENER,Producer Manufacturing,Industrial Machinery,MACHINERY,487.00000000000006,UNDEFINED,,USD,,TRUE,PRESENT,2026-08-18,2026-08-18,
SIONIX CORP,SINX,United States,OTC,USD,TRADINGVIEW_SCREENER,Producer Manufacturing,Industrial Machinery,MACHINERY,474,UNDEFINED,,USD,,TRUE,PRESENT,2026-08-18,2026-08-18,
ECOLOCLEAN INDUSTRIES INC,ECCI,United States,OTC,USD,TRADINGVIEW_SCREENER,Producer Manufacturing,Industrial Machinery,MACHINERY,58.089999999999996,UNDEFINED,,USD,,TRUE,PRESENT,2026-08-18,2026-08-18,
"Renovare Environmental, Inc.",RENO,United States,OTC,USD,TRADINGVIEW_SCREENER,Producer Manufacturing,Industrial Machinery,MACHINERY,35,UNDEFINED,,USD,,TRUE,PRESENT,2026-08-18,2026-08-18,
"AO ""KEMZ"" PRF",KEMZP,Russian Federation,RUS,RUB,TRADINGVIEW_SCREENER,Producer Manufacturing,Trucks/Construction/Farm Machinery,MACHINERY,,UNDEFINED,,RUB,,TRUE,PRESENT,2026-08-18,2026-08-18,Broad industry; review for shipbuilding/construction-equipment.
Advance Lifestyles Ltd.,ADVLIFE,India,BSE,INR,TRADINGVIEW_SCREENER,Producer Manufacturing,Industrial Machinery,MACHINERY,,UNDEFINED,,INR,,TRUE,PRESENT,2026-08-18,2026-08-18,
Airobot Technologies AS,AIR,Estonia,OMXTSE,EUR,TRADINGVIEW_SCREENER,Producer Manufacturing,Industrial Machinery,MACHINERY,,UNDEFINED,,EUR,,TRUE,PRESENT,2026-08-18,2026-08-18,
Apsis Aerocom Limited,APSISAERO,India,NSE,INR,TRADINGVIEW_SCREENER,Producer Manufacturing,Industrial Machinery,MACHINERY,,UNDEFINED,,INR,,TRUE,PRESENT,2026-08-18,2026-08-18,
Armatura SA,ARM,Romania,BVB,RON,TRADINGVIEW_SCREENER,Producer Manufacturing,Industrial Machinery,MACHINERY,,UNDEFINED,,RON,,TRUE,PRESENT,2026-08-18,2026-08-18,
BUS Cap Berhad,BUSCAP,Malaysia,MYX,MYR,TRADINGVIEW_SCREENER,Producer Manufacturing,Trucks/Construction/Farm Machinery,MACHINERY,,UNDEFINED,,MYR,,TRUE,PRESENT,2026-08-18,2026-08-18,Broad industry; review for shipbuilding/construction-equipment.
Bangladesh Welding Electrodes Ltd.,BDWELDING,Bangladesh,DSEBD,BDT,TRADINGVIEW_SCREENER,Producer Manufacturing,Industrial Machinery,MACHINERY,,UNDEFINED,,BDT,,TRUE,PRESENT,2026-08-18,2026-08-18,
Caromet SA,ARMT,Romania,BVB,RON,TRADINGVIEW_SCREENER,Producer Manufacturing,Trucks/Construction/Farm Machinery,MACHINERY,,UNDEFINED,,RON,,TRUE,PRESENT,2026-08-18,2026-08-18,Broad industry; review for shipbuilding/construction-equipment.
Certain Micro Application Technology Inc,7899,Taiwan,TPEX,TWD,TRADINGVIEW_SCREENER,Producer Manufacturing,Industrial Machinery,MACHINERY,,UNDEFINED,,TWD,,TRUE,PRESENT,2026-08-18,2026-08-18,
Chandni Machines Ltd.,CHANDNIMACH,India,BSE,INR,TRADINGVIEW_SCREENER,Producer Manufacturing,Industrial Machinery,MACHINERY,,UNDEFINED,,INR,,TRUE,PRESENT,2026-08-18,2026-08-18,
Dewan Automotive Engineering Ltd.,DWAE,Pakistan,PSX,PKR,TRADINGVIEW_SCREENER,Producer Manufacturing,Trucks/Construction/Farm Machinery,MACHINERY,,UNDEFINED,,PKR,,TRUE,PRESENT,2026-08-18,2026-08-18,Broad industry; review for shipbuilding/construction-equipment.
Electromontaj Carpati SA,ELJA,Romania,BVB,RON,TRADINGVIEW_SCREENER,Producer Manufacturing,Industrial Machinery,MACHINERY,,UNDEFINED,,RON,,TRUE,PRESENT,2026-08-18,2026-08-18,
Electrovac AG,EVAC,Austria,VIE,EUR,TRADINGVIEW_SCREENER,Producer Manufacturing,Industrial Machinery,MACHINERY,,UNDEFINED,,EUR,,TRUE,PRESENT,2026-08-18,2026-08-18,
Ep Biocomposites Limited,EPBIO,India,BSE,INR,TRADINGVIEW_SCREENER,Producer Manufacturing,Industrial Machinery,MACHINERY,,UNDEFINED,,INR,,TRUE,PRESENT,2026-08-18,2026-08-18,
FILLAMENTUM as,FILL,Czech Republic,PSECZ,CZK,TRADINGVIEW_SCREENER,Producer Manufacturing,Industrial Machinery,MACHINERY,,UNDEFINED,,CZK,,TRUE,PRESENT,2026-08-18,2026-08-18,
Fabrica de Scule Rasnov SA,FACY,Romania,BVB,RON,TRADINGVIEW_SCREENER,Producer Manufacturing,Industrial Machinery,MACHINERY,,UNDEFINED,,RON,,TRUE,PRESENT,2026-08-18,2026-08-18,
Filtra Consultants & Engineers Ltd.,FILTRA,India,BSE,INR,TRADINGVIEW_SCREENER,Producer Manufacturing,Industrial Machinery,MACHINERY,,UNDEFINED,,INR,,TRUE,PRESENT,2026-08-18,2026-08-18,
Filtron Engineers Ltd,FILTRON,India,BSE,INR,TRADINGVIEW_SCREENER,Producer Manufacturing,Industrial Machinery,MACHINERY,,UNDEFINED,,INR,,TRUE,PRESENT,2026-08-18,2026-08-18,
Gujjubhai Industries Ltd,GUJJUBHAI,India,BSE,INR,TRADINGVIEW_SCREENER,Producer Manufacturing,Industrial Machinery,MACHINERY,,UNDEFINED,,INR,,TRUE,PRESENT,2026-08-18,2026-08-18,
Gurunanak Agriculture India Limited,GURUNANAK,India,NSE,INR,TRADINGVIEW_SCREENER,Producer Manufacturing,Trucks/Construction/Farm Machinery,MACHINERY,,UNDEFINED,,INR,,TRUE,PRESENT,2026-08-18,2026-08-18,Broad industry; review for shipbuilding/construction-equipment.
Harish Textile Engineers Ltd,HARISH,India,BSE,INR,TRADINGVIEW_SCREENER,Producer Manufacturing,Industrial Machinery,MACHINERY,,UNDEFINED,,INR,,TRUE,PRESENT,2026-08-18,2026-08-18,
"Humitech International Group, Inc.",HTHL,United States,OTC,USD,TRADINGVIEW_SCREENER,Producer Manufacturing,Industrial Machinery,MACHINERY,,UNDEFINED,,USD,,TRUE,PRESENT,2026-08-18,2026-08-18,
IMMI AD,IMMI,Bulgaria,BSESOF,EUR,TRADINGVIEW_SCREENER,Producer Manufacturing,Industrial Machinery,MACHINERY,,UNDEFINED,,EUR,,TRUE,PRESENT,2026-08-18,2026-08-18,
Incon Engineers Ltd,INCON,India,BSE,INR,TRADINGVIEW_SCREENER,Producer Manufacturing,Industrial Machinery,MACHINERY,,UNDEFINED,,INR,,TRUE,PRESENT,2026-08-18,2026-08-18,
Kabsons Industries Ltd.,KABSON,India,BSE,INR,TRADINGVIEW_SCREENER,Producer Manufacturing,Industrial Machinery,MACHINERY,,UNDEFINED,,INR,,TRUE,PRESENT,2026-08-18,2026-08-18,
Kotia Enterprises Ltd,KEL,India,BSE,INR,TRADINGVIEW_SCREENER,Producer Manufacturing,Industrial Machinery,MACHINERY,,UNDEFINED,,INR,,TRUE,PRESENT,2026-08-18,2026-08-18,
Lippi Systems Limited,LIPPISYS,India,BSE,INR,TRADINGVIEW_SCREENER,Producer Manufacturing,Industrial Machinery,MACHINERY,,UNDEFINED,,INR,,TRUE,PRESENT,2026-08-18,2026-08-18,
Mecanica Codlea SA,MEOY,Romania,BVB,RON,TRADINGVIEW_SCREENER,Producer Manufacturing,Trucks/Construction/Farm Machinery,MACHINERY,,UNDEFINED,,RON,,TRUE,PRESENT,2026-08-18,2026-08-18,Broad industry; review for shipbuilding/construction-equipment.
Mecanica Rotes SA,METY,Romania,BVB,RON,TRADINGVIEW_SCREENER,Producer Manufacturing,Industrial Machinery,MACHINERY,,UNDEFINED,,RON,,TRUE,PRESENT,2026-08-18,2026-08-18,
Miven Machine Tools Ltd,MIVENMACH,India,BSE,INR,TRADINGVIEW_SCREENER,Producer Manufacturing,Industrial Machinery,MACHINERY,,UNDEFINED,,INR,,TRUE,PRESENT,2026-08-18,2026-08-18,
Reva SA Simeria,REVA,Romania,BVB,RON,TRADINGVIEW_SCREENER,Producer Manufacturing,Trucks/Construction/Farm Machinery,MACHINERY,,UNDEFINED,,RON,,TRUE,PRESENT,2026-08-18,2026-08-18,Broad industry; review for shipbuilding/construction-equipment.
Rose Merc Limited,ROSEMER,India,BSE,INR,TRADINGVIEW_SCREENER,Producer Manufacturing,Industrial Machinery,MACHINERY,,UNDEFINED,,INR,,TRUE,PRESENT,2026-08-18,2026-08-18,
Roth Mions SA,MLROT,France,EURONEXT,EUR,TRADINGVIEW_SCREENER,Producer Manufacturing,Industrial Machinery,MACHINERY,,UNDEFINED,,EUR,,TRUE,PRESENT,2026-08-18,2026-08-18,
SITNO AS,1TSR01AE,Slovakia,BSSE,EUR,TRADINGVIEW_SCREENER,Producer Manufacturing,Industrial Machinery,MACHINERY,,UNDEFINED,,EUR,,TRUE,PRESENT,2026-08-18,2026-08-18,
Severnav SA,SEVE,Romania,BVB,RON,TRADINGVIEW_SCREENER,Producer Manufacturing,Trucks/Construction/Farm Machinery,MACHINERY,,UNDEFINED,,RON,,TRUE,PRESENT,2026-08-18,2026-08-18,Broad industry; review for shipbuilding/construction-equipment.
Toyo Automation Co. Ltd.,7942,Taiwan,TPEX,TWD,TRADINGVIEW_SCREENER,Producer Manufacturing,Industrial Machinery,MACHINERY,,UNDEFINED,,TWD,,TRUE,PRESENT,2026-08-18,2026-08-18,
UZTEL SA,UZT,Romania,BVB,RON,TRADINGVIEW_SCREENER,Producer Manufacturing,Industrial Machinery,MACHINERY,,UNDEFINED,,RON,,TRUE,PRESENT,2026-08-18,2026-08-18,
Uzinexport SA,UZIN,Romania,BVB,RON,TRADINGVIEW_SCREENER,Producer Manufacturing,Trucks/Construction/Farm Machinery,MACHINERY,,UNDEFINED,,RON,,TRUE,PRESENT,2026-08-18,2026-08-18,Broad industry; review for shipbuilding/construction-equipment.
Uzuc S.A.,UZC,Romania,BVB,RON,TRADINGVIEW_SCREENER,Producer Manufacturing,Industrial Machinery,MACHINERY,,UNDEFINED,,RON,,TRUE,PRESENT,2026-08-18,2026-08-18,
Vipom AD,VPOM,Bulgaria,BSESOF,EUR,TRADINGVIEW_SCREENER,Producer Manufacturing,Industrial Machinery,MACHINERY,,UNDEFINED,,EUR,,TRUE,PRESENT,2026-08-18,2026-08-18,
Vitimas SA Tecuci,VITK,Romania,BVB,RON,TRADINGVIEW_SCREENER,Producer Manufacturing,Trucks/Construction/Farm Machinery,MACHINERY,,UNDEFINED,,RON,,TRUE,PRESENT,2026-08-18,2026-08-18,Broad industry; review for shipbuilding/construction-equipment.
Xebec Adsorption Inc.,XEBEQ,Canada,OTC,USD,TRADINGVIEW_SCREENER,Producer Manufacturing,Industrial Machinery,MACHINERY,,UNDEFINED,,USD,,TRUE,PRESENT,2026-08-18,2026-08-18,
GE Vernova Inc.,GEV,United States,NYSE,USD,TRADINGVIEW_SCREENER,Producer Manufacturing,Electrical Products,POWER_EQUIPMENT,287373941070.4303,UNDEFINED,,USD,,TRUE,PRESENT,2026-08-18,2026-08-18,Broad industry; power-equipment relevance can be overridden.
CONTEMPORARY AMPEREX TECHNOLOGY CO LTD,CTATF,China,OTC,USD,TRADINGVIEW_SCREENER,Producer Manufacturing,Electrical Products,POWER_EQUIPMENT,284029098714.21216,UNDEFINED,,USD,,TRUE,PRESENT,2026-08-18,2026-08-18,Broad industry; power-equipment relevance can be overridden.
"Contemporary Amperex Technology Co., Limited Class A",300750,China,SZSE,CNY,TRADINGVIEW_SCREENER,Producer Manufacturing,Electrical Products,POWER_EQUIPMENT,276943789562.2216,UNDEFINED,,CNY,,TRUE,PRESENT,2026-08-18,2026-08-18,Broad industry; power-equipment relevance can be overridden.
"Contemporary Amperex Technology Co., Limited Class H",3750,China,HKEX,HKD,TRADINGVIEW_SCREENER,Producer Manufacturing,Electrical Products,POWER_EQUIPMENT,276943789562.2216,UNDEFINED,,HKD,,TRUE,PRESENT,2026-08-18,2026-08-18,Broad industry; power-equipment relevance can be overridden.
Schneider Electric SE,SBGSF,France,OTC,USD,TRADINGVIEW_SCREENER,Producer Manufacturing,Electrical Products,POWER_EQUIPMENT,200895477748.80875,UNDEFINED,,USD,,TRUE,PRESENT,2026-08-18,2026-08-18,Broad industry; power-equipment relevance can be overridden.
ABB Ltd.,0NX2,Switzerland,LSIN,CHF,TRADINGVIEW_SCREENER,Producer Manufacturing,Electrical Products,POWER_EQUIPMENT,182866167194.12442,UNDEFINED,,CHF,,TRUE,PRESENT,2026-08-18,2026-08-18,Broad industry; power-equipment relevance can be overridden.
ABB Ltd. TEMP,ABBNE,Switzerland,SIX,CHF,TRADINGVIEW_SCREENER,Producer Manufacturing,Electrical Products,POWER_EQUIPMENT,182866167194.12442,UNDEFINED,,CHF,,TRUE,PRESENT,2026-08-18,2026-08-18,Broad industry; power-equipment relevance can be overridden.
"Eaton Corporation, PLC",ETN,Ireland,NYSE,USD,TRADINGVIEW_SCREENER,Producer Manufacturing,Electrical Products,POWER_EQUIPMENT,176877361045.9343,UNDEFINED,,USD,,TRUE,PRESENT,2026-08-18,2026-08-18,Broad industry; power-equipment relevance can be overridden.
Eaton Corp. Plc,3EC,Ireland,BX,CHF,TRADINGVIEW_SCREENER,Producer Manufacturing,Electrical Products,POWER_EQUIPMENT,175366485037.00003,UNDEFINED,,CHF,,TRUE,PRESENT,2026-08-18,2026-08-18,Broad industry; power-equipment relevance can be overridden.
Siemens Energy AG,SMEGF,Germany,OTC,USD,TRADINGVIEW_SCREENER,Producer Manufacturing,Electrical Products,POWER_EQUIPMENT,161060102840.9843,UNDEFINED,,USD,,TRUE,PRESENT,2026-08-18,2026-08-18,Broad industry; power-equipment relevance can be overridden.
"BYD Co., Ltd.",BYDDF,China,OTC,USD,TRADINGVIEW_SCREENER,Producer Manufacturing,Electrical Products,POWER_EQUIPMENT,110802029134.83739,UNDEFINED,,USD,,TRUE,PRESENT,2026-08-18,2026-08-18,Broad industry; power-equipment relevance can be overridden.
BYD Company Limited Class H,BY6,China,BSESOF,EUR,TRADINGVIEW_SCREENER,Producer Manufacturing,Electrical Products,POWER_EQUIPMENT,109276557338.98543,UNDEFINED,,EUR,,TRUE,PRESENT,2026-08-18,2026-08-18,Broad industry; power-equipment relevance can be overridden.
BYD Company Limited Class A,002594,China,SZSE,CNY,TRADINGVIEW_SCREENER,Producer Manufacturing,Electrical Products,POWER_EQUIPMENT,109276557338.98541,UNDEFINED,,CNY,,TRUE,PRESENT,2026-08-18,2026-08-18,Broad industry; power-equipment relevance can be overridden.
Mitsubishi Heavy Industries Ltd.,MHVYF,Japan,OTC,USD,TRADINGVIEW_SCREENER,Producer Manufacturing,Electrical Products,POWER_EQUIPMENT,90986886984.98235,UNDEFINED,,USD,,TRUE,PRESENT,2026-08-18,2026-08-18,Broad industry; power-equipment relevance can be overridden.
Mitsubishi Electric Corp.,MIELF,Japan,OTC,USD,TRADINGVIEW_SCREENER,Producer Manufacturing,Electrical Products,POWER_EQUIPMENT,82928454874.1476,UNDEFINED,,USD,,TRUE,PRESENT,2026-08-18,2026-08-18,Broad industry; power-equipment relevance can be overridden.
Lumentum Holdings Inc.,LITE,United States,NASDAQ,USD,TRADINGVIEW_SCREENER,Producer Manufacturing,Electrical Products,POWER_EQUIPMENT,75380424149.11072,UNDEFINED,,USD,,TRUE,PRESENT,2026-08-18,2026-08-18,Broad industry; power-equipment relevance can be overridden.
"Elite Material Co., Ltd.",2383,Taiwan,TWSE,TWD,TRADINGVIEW_SCREENER,Producer Manufacturing,Electrical Products,POWER_EQUIPMENT,68906890609.97464,UNDEFINED,,TWD,,TRUE,PRESENT,2026-08-18,2026-08-18,Broad industry; power-equipment relevance can be overridden.
Fujikura Ltd.,FKURF,Japan,OTC,USD,TRADINGVIEW_SCREENER,Producer Manufacturing,Electrical Products,POWER_EQUIPMENT,65857007135.008415,UNDEFINED,,USD,,TRUE,PRESENT,2026-08-18,2026-08-18,Broad industry; power-equipment relevance can be overridden.
LG Energy Solution Ltd.,373220,South Korea,KRX,KRW,TRADINGVIEW_SCREENER,Producer Manufacturing,Electrical Products,POWER_EQUIPMENT,60697026000,UNDEFINED,,KRW,,TRUE,PRESENT,2026-08-18,2026-08-18,Broad industry; power-equipment relevance can be overridden.
"AMETEK, Inc.",AK1,United States,MUN,EUR,TRADINGVIEW_SCREENER,Producer Manufacturing,Electrical Products,POWER_EQUIPMENT,58413471260,UNDEFINED,,EUR,,TRUE,PRESENT,2026-08-18,2026-08-18,Broad industry; power-equipment relevance can be overridden.
"Shengyi Technology Co., Ltd. Class A",600183,China,SSE,CNY,TRADINGVIEW_SCREENER,Producer Manufacturing,Electrical Products,POWER_EQUIPMENT,51549022302.17621,UNDEFINED,,CNY,,TRUE,PRESENT,2026-08-18,2026-08-18,Broad industry; power-equipment relevance can be overridden.
"Rockwell Automation, Inc.",903978,United States,LS,EUR,TRADINGVIEW_SCREENER,Producer Manufacturing,Electrical Products,POWER_EQUIPMENT,49901946212,UNDEFINED,,EUR,,TRUE,PRESENT,2026-08-18,2026-08-18,Broad industry; power-equipment relevance can be overridden.
Prysmian S.P.A.,PRYMF,Italy,OTC,USD,TRADINGVIEW_SCREENER,Producer Manufacturing,Electrical Products,POWER_EQUIPMENT,45193436912.98913,UNDEFINED,,USD,,TRUE,PRESENT,2026-08-18,2026-08-18,Broad industry; power-equipment relevance can be overridden.
WEG SA,WEGE3F,Brazil,BMFBOVESPA,BRL,TRADINGVIEW_SCREENER,Producer Manufacturing,Electrical Products,POWER_EQUIPMENT,38148040541.087395,UNDEFINED,,BRL,,TRUE,PRESENT,2026-08-18,2026-08-18,Broad industry; power-equipment relevance can be overridden.
"Sungrow Power Supply Co., Ltd. Class A",300274,China,SZSE,CNY,TRADINGVIEW_SCREENER,Producer Manufacturing,Electrical Products,POWER_EQUIPMENT,35507144066.71453,UNDEFINED,,CNY,,TRUE,PRESENT,2026-08-18,2026-08-18,Broad industry; power-equipment relevance can be overridden.
Vestas Wind Systems A/S,VWSB,Denmark,BSESOF,EUR,TRADINGVIEW_SCREENER,Producer Manufacturing,Electrical Products,POWER_EQUIPMENT,31404827208.897602,UNDEFINED,,EUR,,TRUE,PRESENT,2026-08-18,2026-08-18,Broad industry; power-equipment relevance can be overridden.
Samsung SDI Co Ltd Pfd Non-Voting,006405,South Korea,KRX,KRW,TRADINGVIEW_SCREENER,Producer Manufacturing,Electrical Products,POWER_EQUIPMENT,28200175233.926437,UNDEFINED,,KRW,,TRUE,PRESENT,2026-08-18,2026-08-18,Broad industry; power-equipment relevance can be overridden.
"Samsung SDI Co., Ltd",006400,South Korea,KRX,KRW,TRADINGVIEW_SCREENER,Producer Manufacturing,Electrical Products,POWER_EQUIPMENT,28200175233.926437,UNDEFINED,,KRW,,TRUE,PRESENT,2026-08-18,2026-08-18,Broad industry; power-equipment relevance can be overridden.
"NARI Technology Co., Ltd. Class A",600406,China,SSE,CNY,TRADINGVIEW_SCREENER,Producer Manufacturing,Electrical Products,POWER_EQUIPMENT,27532024731.046078,UNDEFINED,,CNY,,TRUE,PRESENT,2026-08-18,2026-08-18,Broad industry; power-equipment relevance can be overridden.
Hubbell Incorporated,HUEC,United States,TRADEGATE,EUR,TRADINGVIEW_SCREENER,Producer Manufacturing,Electrical Products,POWER_EQUIPMENT,27018048297,UNDEFINED,,EUR,,TRUE,PRESENT,2026-08-18,2026-08-18,Broad industry; power-equipment relevance can be overridden.
Hubbell Inc,HUBB,United States,NYSE,USD,TRADINGVIEW_SCREENER,Producer Manufacturing,Electrical Products,POWER_EQUIPMENT,26643465371.198307,UNDEFINED,,USD,,TRUE,PRESENT,2026-08-18,2026-08-18,Broad industry; power-equipment relevance can be overridden.
"Hengtong Optic-Electric Co., Ltd. Class A",600487,China,SSE,CNY,TRADINGVIEW_SCREENER,Producer Manufacturing,Electrical Products,POWER_EQUIPMENT,22743724774.63303,UNDEFINED,,CNY,,TRUE,PRESENT,2026-08-18,2026-08-18,Broad industry; power-equipment relevance can be overridden.
"LS Electric Co., Ltd.",010120,South Korea,KRX,KRW,TRADINGVIEW_SCREENER,Producer Manufacturing,Electrical Products,POWER_EQUIPMENT,21554904949.447662,UNDEFINED,,KRW,,TRUE,PRESENT,2026-08-18,2026-08-18,Broad industry; power-equipment relevance can be overridden.
INNIO N.V.,INIO,Germany,NASDAQ,USD,TRADINGVIEW_SCREENER,Producer Manufacturing,Electrical Products,POWER_EQUIPMENT,21090000234.760487,UNDEFINED,,USD,,TRUE,PRESENT,2026-08-18,2026-08-18,Broad industry; power-equipment relevance can be overridden.
HD Hyundai Electric,267260,South Korea,KRX,KRW,TRADINGVIEW_SCREENER,Producer Manufacturing,Electrical Products,POWER_EQUIPMENT,20289302346.519417,UNDEFINED,,KRW,,TRUE,PRESENT,2026-08-18,2026-08-18,Broad industry; power-equipment relevance can be overridden.
Nidec Corporation,878403,Japan,LS,EUR,TRADINGVIEW_SCREENER,Producer Manufacturing,Electrical Products,POWER_EQUIPMENT,19939256805.541603,UNDEFINED,,EUR,,TRUE,PRESENT,2026-08-18,2026-08-18,Broad industry; power-equipment relevance can be overridden.
Hyosung Heavy Industries Corp.,298040,South Korea,KRX,KRW,TRADINGVIEW_SCREENER,Producer Manufacturing,Electrical Products,POWER_EQUIPMENT,19309831546.920643,UNDEFINED,,KRW,,TRUE,PRESENT,2026-08-18,2026-08-18,Broad industry; power-equipment relevance can be overridden.
Zangge Mining Company Limited Class A,000408,China,SZSE,CNY,TRADINGVIEW_SCREENER,Producer Manufacturing,Electrical Products,POWER_EQUIPMENT,17920181725.89526,UNDEFINED,,CNY,,TRUE,PRESENT,2026-08-18,2026-08-18,Broad industry; power-equipment relevance can be overridden.
"Furukawa Electric Co., Ltd.",FKA,Japan,TRADEGATE,EUR,TRADINGVIEW_SCREENER,Producer Manufacturing,Electrical Products,POWER_EQUIPMENT,17909454162.92988,UNDEFINED,,EUR,,TRUE,PRESENT,2026-08-18,2026-08-18,Broad industry; power-equipment relevance can be overridden.
"Jiangsu Zhongtian Technology Co., Ltd. Class A",600522,China,SSE,CNY,TRADINGVIEW_SCREENER,Producer Manufacturing,Electrical Products,POWER_EQUIPMENT,17719145319.81664,UNDEFINED,,CNY,,TRUE,PRESENT,2026-08-18,2026-08-18,Broad industry; power-equipment relevance can be overridden.
EVE Energy Co. Ltd. Class A,300014,China,SZSE,CNY,TRADINGVIEW_SCREENER,Producer Manufacturing,Electrical Products,POWER_EQUIPMENT,17347608534.91008,UNDEFINED,,CNY,,TRUE,PRESENT,2026-08-18,2026-08-18,Broad industry; power-equipment relevance can be overridden.
"Ningbo Deye Technology Co., Ltd. Class A",605117,China,SSE,CNY,TRADINGVIEW_SCREENER,Producer Manufacturing,Electrical Products,POWER_EQUIPMENT,17039698965.985989,UNDEFINED,,CNY,,TRUE,PRESENT,2026-08-18,2026-08-18,Broad industry; power-equipment relevance can be overridden.
ABB India Limited,ABB,India,BSE,INR,TRADINGVIEW_SCREENER,Producer Manufacturing,Electrical Products,POWER_EQUIPMENT,16968293681.920973,UNDEFINED,,INR,,TRUE,PRESENT,2026-08-18,2026-08-18,Broad industry; power-equipment relevance can be overridden.
"TBEA Co., Ltd. Class A",600089,China,SSE,CNY,TRADINGVIEW_SCREENER,Producer Manufacturing,Electrical Products,POWER_EQUIPMENT,15626899768.41252,UNDEFINED,,CNY,,TRUE,PRESENT,2026-08-18,2026-08-18,Broad industry; power-equipment relevance can be overridden.
Kingboard Laminates Holdings Limited,1888,Hong Kong,HKEX,HKD,TRADINGVIEW_SCREENER,Producer Manufacturing,Electrical Products,POWER_EQUIPMENT,15497695725.311802,UNDEFINED,,HKD,,TRUE,PRESENT,2026-08-18,2026-08-18,Broad industry; power-equipment relevance can be overridden.
Bharat Heavy Electricals Limited,BHEL,India,BSE,INR,TRADINGVIEW_SCREENER,Producer Manufacturing,Electrical Products,POWER_EQUIPMENT,15394464320.705893,UNDEFINED,,INR,,TRUE,PRESENT,2026-08-18,2026-08-18,Broad industry; power-equipment relevance can be overridden.
CG Power & Industrial Solutions Ltd,CGPOWER,India,BSE,INR,TRADINGVIEW_SCREENER,Producer Manufacturing,Electrical Products,POWER_EQUIPMENT,14733589632.065594,UNDEFINED,,INR,,TRUE,PRESENT,2026-08-18,2026-08-18,Broad industry; power-equipment relevance can be overridden.
Siemens Limited,SIEMENS,India,BSE,INR,TRADINGVIEW_SCREENER,Producer Manufacturing,Electrical Products,POWER_EQUIPMENT,14659297977.520006,UNDEFINED,,INR,,TRUE,PRESENT,2026-08-18,2026-08-18,Broad industry; power-equipment relevance can be overridden.
Polycab India Ltd.,POLYCAB,India,NSE,INR,TRADINGVIEW_SCREENER,Producer Manufacturing,Electrical Products,POWER_EQUIPMENT,14641601453.45329,UNDEFINED,,INR,,TRUE,PRESENT,2026-08-18,2026-08-18,Broad industry; power-equipment relevance can be overridden.
Shanghai Electric Group Company Limited Class H,USR,China,GETTEX,EUR,TRADINGVIEW_SCREENER,Producer Manufacturing,Electrical Products,POWER_EQUIPMENT,13593357977.599403,UNDEFINED,,EUR,,TRUE,PRESENT,2026-08-18,2026-08-18,Broad industry; power-equipment relevance can be overridden.
Shanghai Electric Group Company Limited Class A,601727,China,SSE,CNY,TRADINGVIEW_SCREENER,Producer Manufacturing,Electrical Products,POWER_EQUIPMENT,13593357977.5994,UNDEFINED,,CNY,,TRUE,PRESENT,2026-08-18,2026-08-18,Broad industry; power-equipment relevance can be overridden.
BizLink Holding Inc.,3665,Taiwan,TWSE,TWD,TRADINGVIEW_SCREENER,Producer Manufacturing,Electrical Products,POWER_EQUIPMENT,13387177145.182863,UNDEFINED,,TWD,,TRUE,PRESENT,2026-08-18,2026-08-18,Broad industry; power-equipment relevance can be overridden.
"Fuji Electric Co., Ltd.",6504,Japan,TSE,JPY,TRADINGVIEW_SCREENER,Producer Manufacturing,Electrical Products,POWER_EQUIPMENT,13354967132.148375,UNDEFINED,,JPY,,TRUE,PRESENT,2026-08-18,2026-08-18,Broad industry; power-equipment relevance can be overridden.
Dongfang Electric Corporation Limited Class H,A0M4XX,China,LS,EUR,TRADINGVIEW_SCREENER,Producer Manufacturing,Electrical Products,POWER_EQUIPMENT,13272508667.709204,UNDEFINED,,EUR,,TRUE,PRESENT,2026-08-18,2026-08-18,Broad industry; power-equipment relevance can be overridden.
Dongfang Electric Corporation Limited Class A,600875,China,SSE,CNY,TRADINGVIEW_SCREENER,Producer Manufacturing,Electrical Products,POWER_EQUIPMENT,13272508667.709202,UNDEFINED,,CNY,,TRUE,PRESENT,2026-08-18,2026-08-18,Broad industry; power-equipment relevance can be overridden.
Siemens Energy India Limited,ENRIN,India,NSE,INR,TRADINGVIEW_SCREENER,Producer Manufacturing,Electrical Products,POWER_EQUIPMENT,13209817179.556116,UNDEFINED,,INR,,TRUE,PRESENT,2026-08-18,2026-08-18,Broad industry; power-equipment relevance can be overridden.
Dong Fang Electric Mach Co.,DNGFF,China,OTC,USD,TRADINGVIEW_SCREENER,Producer Manufacturing,Electrical Products,POWER_EQUIPMENT,13091544137.245682,UNDEFINED,,USD,,TRUE,PRESENT,2026-08-18,2026-08-18,Broad industry; power-equipment relevance can be overridden.
Generac Holdings Inc.,GNRC,United States,NYSE,USD,TRADINGVIEW_SCREENER,Producer Manufacturing,Electrical Products,POWER_EQUIPMENT,13055157132.848835,UNDEFINED,,USD,,TRUE,PRESENT,2026-08-18,2026-08-18,Broad industry; power-equipment relevance can be overridden.
"Forgent Power Solutions, Inc. Class A",A4224U,United States,LS,EUR,TRADINGVIEW_SCREENER,Producer Manufacturing,Electrical Products,POWER_EQUIPMENT,12073649914,UNDEFINED,,EUR,,TRUE,PRESENT,2026-08-18,2026-08-18,Broad industry; power-equipment relevance can be overridden.
"Forgent Power Solutions, Inc.",FPS,United States,NYSE,USD,TRADINGVIEW_SCREENER,Producer Manufacturing,Electrical Products,POWER_EQUIPMENT,11820973932.44125,UNDEFINED,,USD,,TRUE,PRESENT,2026-08-18,2026-08-18,Broad industry; power-equipment relevance can be overridden.
Goldwind Science & Technology Co. Ltd. Class H,A1C0QD,China,LSX,EUR,TRADINGVIEW_SCREENER,Producer Manufacturing,Electrical Products,POWER_EQUIPMENT,11742238981.181803,UNDEFINED,,EUR,,TRUE,PRESENT,2026-08-18,2026-08-18,Broad industry; power-equipment relevance can be overridden.
Goldwind Science & Technology Co. Ltd. Class A,002202,China,SZSE,CNY,TRADINGVIEW_SCREENER,Producer Manufacturing,Electrical Products,POWER_EQUIPMENT,11742238981.1818,UNDEFINED,,CNY,,TRUE,PRESENT,2026-08-18,2026-08-18,Broad industry; power-equipment relevance can be overridden.
Regal Rexnord Corporation,RB8,United States,GETTEX,EUR,TRADINGVIEW_SCREENER,Producer Manufacturing,Electrical Products,POWER_EQUIPMENT,11686206849,UNDEFINED,,EUR,,TRUE,PRESENT,2026-08-18,2026-08-18,Broad industry; power-equipment relevance can be overridden.
GE Vernova T&D India Limited,GVT&D,India,NSE,INR,TRADINGVIEW_SCREENER,Producer Manufacturing,Electrical Products,POWER_EQUIPMENT,11670258011.453775,UNDEFINED,,INR,,TRUE,PRESENT,2026-08-18,2026-08-18,Broad industry; power-equipment relevance can be overridden.
"Shenzhen Megmeet Electrical Co., Ltd. Class A",002851,China,SZSE,CNY,TRADINGVIEW_SCREENER,Producer Manufacturing,Electrical Products,POWER_EQUIPMENT,11265089540.8765,UNDEFINED,,CNY,,TRUE,PRESENT,2026-08-18,2026-08-18,Broad industry; power-equipment relevance can be overridden.
"Shannon Semiconductor Technology Co., Ltd. Class A",300475,China,SZSE,CNY,TRADINGVIEW_SCREENER,Producer Manufacturing,Electrical Products,POWER_EQUIPMENT,11204692139.577509,UNDEFINED,,CNY,,TRUE,PRESENT,2026-08-18,2026-08-18,Broad industry; power-equipment relevance can be overridden.
"SUPCON Technology Co., Ltd. Class A",688777,China,SSE,CNY,TRADINGVIEW_SCREENER,Producer Manufacturing,Electrical Products,POWER_EQUIPMENT,11160682637.219149,UNDEFINED,,CNY,,TRUE,PRESENT,2026-08-18,2026-08-18,Broad industry; power-equipment relevance can be overridden.
NORDEX SE,NRDXF,Germany,OTC,USD,TRADINGVIEW_SCREENER,Producer Manufacturing,Electrical Products,POWER_EQUIPMENT,10833346439.701147,UNDEFINED,,USD,,TRUE,PRESENT,2026-08-18,2026-08-18,Broad industry; power-equipment relevance can be overridden.
Acuity Inc.,AYI,United States,NYSE,USD,TRADINGVIEW_SCREENER,Producer Manufacturing,Electrical Products,POWER_EQUIPMENT,10788770873.13785,UNDEFINED,,USD,,TRUE,PRESENT,2026-08-18,2026-08-18,Broad industry; power-equipment relevance can be overridden.
"Goneo Group Co., Ltd.Class A",603195,China,SSE,CNY,TRADINGVIEW_SCREENER,Producer Manufacturing,Electrical Products,POWER_EQUIPMENT,10701610094.59311,UNDEFINED,,CNY,,TRUE,PRESENT,2026-08-18,2026-08-18,Broad industry; power-equipment relevance can be overridden.
"Jiangsu Yoke Technology Co., Ltd. Class A",002409,China,SZSE,CNY,TRADINGVIEW_SCREENER,Producer Manufacturing,Electrical Products,POWER_EQUIPMENT,10665218849.562408,UNDEFINED,,CNY,,TRUE,PRESENT,2026-08-18,2026-08-18,Broad industry; power-equipment relevance can be overridden.
"China Shipbuilding Industry Group Power Co., Ltd. Class A",600482,China,SSE,CNY,TRADINGVIEW_SCREENER,Producer Manufacturing,Electrical Products,POWER_EQUIPMENT,10584778490.393589,UNDEFINED,,CNY,,TRUE,PRESENT,2026-08-18,2026-08-18,Broad industry; power-equipment relevance can be overridden.
Smiths Group Plc,SMGKF,United Kingdom,OTC,USD,TRADINGVIEW_SCREENER,Producer Manufacturing,Electrical Products,POWER_EQUIPMENT,10427648737.181017,UNDEFINED,,USD,,TRUE,PRESENT,2026-08-18,2026-08-18,Broad industry; power-equipment relevance can be overridden.
Aptiv PLC,APTV,Switzerland,NYSE,USD,TRADINGVIEW_SCREENER,Producer Manufacturing,Electrical Products,POWER_EQUIPMENT,10389972185.78208,UNDEFINED,,USD,,TRUE,PRESENT,2026-08-18,2026-08-18,Broad industry; power-equipment relevance can be overridden.
"Shandong Sinocera Functional Material Co., Ltd. Class A",300285,China,SZSE,CNY,TRADINGVIEW_SCREENER,Producer Manufacturing,Electrical Products,POWER_EQUIPMENT,10300619381.968578,UNDEFINED,,CNY,,TRUE,PRESENT,2026-08-18,2026-08-18,Broad industry; power-equipment relevance can be overridden.
"China XD Electric Co., Ltd. Class A",601179,China,SSE,CNY,TRADINGVIEW_SCREENER,Producer Manufacturing,Electrical Products,POWER_EQUIPMENT,10262256990.76487,UNDEFINED,,CNY,,TRUE,PRESENT,2026-08-18,2026-08-18,Broad industry; power-equipment relevance can be overridden.
NGK Corp.,5333,Japan,TSE,JPY,TRADINGVIEW_SCREENER,Producer Manufacturing,Electrical Products,POWER_EQUIPMENT,10111726856.863726,UNDEFINED,,JPY,,TRUE,PRESENT,2026-08-18,2026-08-18,Broad industry; power-equipment relevance can be overridden.
"Anker Innovations Technology Co., Ltd. Class A",300866,China,SZSE,CNY,TRADINGVIEW_SCREENER,Producer Manufacturing,Electrical Products,POWER_EQUIPMENT,10086891512.082523,UNDEFINED,,CNY,,TRUE,PRESENT,2026-08-18,2026-08-18,Broad industry; power-equipment relevance can be overridden.
"Sigenergy Technology Co., Ltd. Class H",6656,China,HKEX,HKD,TRADINGVIEW_SCREENER,Producer Manufacturing,Electrical Products,POWER_EQUIPMENT,10068337929.631802,UNDEFINED,,HKD,,TRUE,PRESENT,2026-08-18,2026-08-18,Broad industry; power-equipment relevance can be overridden.
Yaskawa Electric Corporation,6506,Japan,TSE,JPY,TRADINGVIEW_SCREENER,Producer Manufacturing,Electrical Products,POWER_EQUIPMENT,8908847317.852726,UNDEFINED,,JPY,,TRUE,PRESENT,2026-08-18,2026-08-18,Broad industry; power-equipment relevance can be overridden.
"Anker Innovations Technology Co., Ltd. Class H",668,China,HKEX,HKD,TRADINGVIEW_SCREENER,Producer Manufacturing,Electrical Products,POWER_EQUIPMENT,8757928419.9498,UNDEFINED,,HKD,,TRUE,PRESENT,2026-08-18,2026-08-18,Broad industry; power-equipment relevance can be overridden.
Hebei Sinopack Electronic Technology Co. Ltd. Class A,003031,China,SZSE,CNY,TRADINGVIEW_SCREENER,Producer Manufacturing,Electrical Products,POWER_EQUIPMENT,8694745407.73048,UNDEFINED,,CNY,,TRUE,PRESENT,2026-08-18,2026-08-18,Broad industry; power-equipment relevance can be overridden.
Havells India Limited,HAVELLS,India,NSE,INR,TRADINGVIEW_SCREENER,Producer Manufacturing,Electrical Products,POWER_EQUIPMENT,8531858716.211906,UNDEFINED,,INR,,TRUE,PRESENT,2026-08-18,2026-08-18,Broad industry; power-equipment relevance can be overridden.
Anji Microelectronics Technology (Shanghai) Co.Ltd. Class A,688019,China,SSE,CNY,TRADINGVIEW_SCREENER,Producer Manufacturing,Electrical Products,POWER_EQUIPMENT,8399126978.072599,UNDEFINED,,CNY,,TRUE,PRESENT,2026-08-18,2026-08-18,Broad industry; power-equipment relevance can be overridden.
"Zhuzhou CRRC Times Electric Co., Ltd. Class H",A0M4ZN,China,LSX,EUR,TRADINGVIEW_SCREENER,Producer Manufacturing,Electrical Products,POWER_EQUIPMENT,8388465722.382203,UNDEFINED,,EUR,,TRUE,PRESENT,2026-08-18,2026-08-18,Broad industry; power-equipment relevance can be overridden.
"Zhuzhou CRRC Times Electric Co., Ltd. Class A",688187,China,SSE,CNY,TRADINGVIEW_SCREENER,Producer Manufacturing,Electrical Products,POWER_EQUIPMENT,8388465722.382201,UNDEFINED,,CNY,,TRUE,PRESENT,2026-08-18,2026-08-18,Broad industry; power-equipment relevance can be overridden.
"Hongfa Technology Co., Ltd. Class A",600885,China,SSE,CNY,TRADINGVIEW_SCREENER,Producer Manufacturing,Electrical Products,POWER_EQUIPMENT,8302036073.93475,UNDEFINED,,CNY,,TRUE,PRESENT,2026-08-18,2026-08-18,Broad industry; power-equipment relevance can be overridden.
NKT A/S,NKT,Denmark,XETR,EUR,TRADINGVIEW_SCREENER,Producer Manufacturing,Electrical Products,POWER_EQUIPMENT,8016513685.3112,UNDEFINED,,EUR,,TRUE,PRESENT,2026-08-18,2026-08-18,Broad industry; power-equipment relevance can be overridden.
"Ecopro BM Co., Ltd.",247540,South Korea,KRX,KRW,TRADINGVIEW_SCREENER,Producer Manufacturing,Electrical Products,POWER_EQUIPMENT,8008714254.130669,UNDEFINED,,KRW,,TRUE,PRESENT,2026-08-18,2026-08-18,Broad industry; power-equipment relevance can be overridden.
"Powell Industries, Inc.",POWL,United States,NASDAQ,USD,TRADINGVIEW_SCREENER,Producer Manufacturing,Electrical Products,POWER_EQUIPMENT,7968894516.014615,UNDEFINED,,USD,,TRUE,PRESENT,2026-08-18,2026-08-18,Broad industry; power-equipment relevance can be overridden.
"Zhejiang Chint Electrics Co., Ltd Class A",601877,China,SSE,CNY,TRADINGVIEW_SCREENER,Producer Manufacturing,Electrical Products,POWER_EQUIPMENT,7960854992.018319,UNDEFINED,,CNY,,TRUE,PRESENT,2026-08-18,2026-08-18,Broad industry; power-equipment relevance can be overridden.
"Wolong Electric Group Co., Ltd. Class A",600580,China,SSE,CNY,TRADINGVIEW_SCREENER,Producer Manufacturing,Electrical Products,POWER_EQUIPMENT,7934661760.59431,UNDEFINED,,CNY,,TRUE,PRESENT,2026-08-18,2026-08-18,Broad industry; power-equipment relevance can be overridden.
"Shanghai Putailai New Energy Technology Co., Ltd. Class A",603659,China,SSE,CNY,TRADINGVIEW_SCREENER,Producer Manufacturing,Electrical Products,POWER_EQUIPMENT,7799473647.84938,UNDEFINED,,CNY,,TRUE,PRESENT,2026-08-18,2026-08-18,Broad industry; power-equipment relevance can be overridden.
Shenzhen Kedali Industry Co Ltd Class A,002850,China,SZSE,CNY,TRADINGVIEW_SCREENER,Producer Manufacturing,Electrical Products,POWER_EQUIPMENT,7788738210.61154,UNDEFINED,,CNY,,TRUE,PRESENT,2026-08-18,2026-08-18,Broad industry; power-equipment relevance can be overridden.
"Fortune Electric Co., Ltd.",1519,Taiwan,TWSE,TWD,TRADINGVIEW_SCREENER,Producer Manufacturing,Electrical Products,POWER_EQUIPMENT,7695404885.558465,UNDEFINED,,TWD,,TRUE,PRESENT,2026-08-18,2026-08-18,Broad industry; power-equipment relevance can be overridden.
DPC Holdings PLC,DPC,United Kingdom,NYSE,USD,TRADINGVIEW_SCREENER,Producer Manufacturing,Electrical Products,POWER_EQUIPMENT,7469511363.970852,UNDEFINED,,USD,,TRUE,PRESENT,2026-08-18,2026-08-18,Broad industry; power-equipment relevance can be overridden.
EnerSys,FDN,United States,BX,CHF,TRADINGVIEW_SCREENER,Producer Manufacturing,Electrical Products,POWER_EQUIPMENT,7335666279.000001,UNDEFINED,,CHF,,TRUE,PRESENT,2026-08-18,2026-08-18,Broad industry; power-equipment relevance can be overridden.
Goldenmax International Group Ltd. Class A,002636,China,SZSE,CNY,TRADINGVIEW_SCREENER,Producer Manufacturing,Electrical Products,POWER_EQUIPMENT,7313342571.64273,UNDEFINED,,CNY,,TRUE,PRESENT,2026-08-18,2026-08-18,Broad industry; power-equipment relevance can be overridden.
"Gotion High-tech Co., Ltd Class A",002074,China,SZSE,CNY,TRADINGVIEW_SCREENER,Producer Manufacturing,Electrical Products,POWER_EQUIPMENT,7212561939.82156,UNDEFINED,,CNY,,TRUE,PRESENT,2026-08-18,2026-08-18,Broad industry; power-equipment relevance can be overridden.
Gates Industrial Corporation Ltd.,GTES,United States,NYSE,USD,TRADINGVIEW_SCREENER,Producer Manufacturing,Electrical Products,POWER_EQUIPMENT,7123673948.939482,UNDEFINED,,USD,,TRUE,PRESENT,2026-08-18,2026-08-18,Broad industry; power-equipment relevance can be overridden.
Nexans SA,NXS,France,TRADEGATE,EUR,TRADINGVIEW_SCREENER,Producer Manufacturing,Electrical Products,POWER_EQUIPMENT,7078849306.839001,UNDEFINED,,EUR,,TRUE,PRESENT,2026-08-18,2026-08-18,Broad industry; power-equipment relevance can be overridden.
Astor Enerji A.S.,ASTOR,Turkey,BIST,TRY,TRADINGVIEW_SCREENER,Producer Manufacturing,Electrical Products,POWER_EQUIPMENT,6998677095,UNDEFINED,,TRY,,TRUE,PRESENT,2026-08-18,2026-08-18,Broad industry; power-equipment relevance can be overridden.
Suzlon Energy Ltd,SUZLON,India,BSE,INR,TRADINGVIEW_SCREENER,Producer Manufacturing,Electrical Products,POWER_EQUIPMENT,6782486963.259814,UNDEFINED,,INR,,TRUE,PRESENT,2026-08-18,2026-08-18,Broad industry; power-equipment relevance can be overridden.
LS Corp.,006260,South Korea,KRX,KRW,TRADINGVIEW_SCREENER,Producer Manufacturing,Electrical Products,POWER_EQUIPMENT,6298512909.645061,UNDEFINED,,KRW,,TRUE,PRESENT,2026-08-18,2026-08-18,Broad industry; power-equipment relevance can be overridden.
"HANGZHOU FIRST APPLIED MATERIAL CO.,LTD. Class A",603806,China,SSE,CNY,TRADINGVIEW_SCREENER,Producer Manufacturing,Electrical Products,POWER_EQUIPMENT,5891632234.716689,UNDEFINED,,CNY,,TRUE,PRESENT,2026-08-18,2026-08-18,Broad industry; power-equipment relevance can be overridden.
"Qingdao TGOOD Electric Co., Ltd. Class A",300001,China,SZSE,CNY,TRADINGVIEW_SCREENER,Producer Manufacturing,Electrical Products,POWER_EQUIPMENT,5787980491.88758,UNDEFINED,,CNY,,TRUE,PRESENT,2026-08-18,2026-08-18,Broad industry; power-equipment relevance can be overridden.
"CNGR Advanced Material Co., Ltd. Class H",A41SW2,China,LSX,EUR,TRADINGVIEW_SCREENER,Producer Manufacturing,Electrical Products,POWER_EQUIPMENT,5781038464.983602,UNDEFINED,,EUR,,TRUE,PRESENT,2026-08-18,2026-08-18,Broad industry; power-equipment relevance can be overridden.
"CNGR Advanced Material Co., Ltd. Class A",300919,China,SZSE,CNY,TRADINGVIEW_SCREENER,Producer Manufacturing,Electrical Products,POWER_EQUIPMENT,5781038464.983601,UNDEFINED,,CNY,,TRUE,PRESENT,2026-08-18,2026-08-18,Broad industry; power-equipment relevance can be overridden.
Cenergy Holdings SA,A2DH76,Belgium,LSX,EUR,TRADINGVIEW_SCREENER,Producer Manufacturing,Electrical Products,POWER_EQUIPMENT,5770064907.225,UNDEFINED,,EUR,,TRUE,PRESENT,2026-08-18,2026-08-18,Broad industry; power-equipment relevance can be overridden.
KEI Industries Limited,KEI,India,BSE,INR,TRADINGVIEW_SCREENER,Producer Manufacturing,Electrical Products,POWER_EQUIPMENT,5707527517.008894,UNDEFINED,,INR,,TRUE,PRESENT,2026-08-18,2026-08-18,Broad industry; power-equipment relevance can be overridden.
"Beijing Sifang Automation Co., Ltd. Class A",601126,China,SSE,CNY,TRADINGVIEW_SCREENER,Producer Manufacturing,Electrical Products,POWER_EQUIPMENT,5692644234.408529,UNDEFINED,,CNY,,TRUE,PRESENT,2026-08-18,2026-08-18,Broad industry; power-equipment relevance can be overridden.
Far East Smarter Energy Co. Ltd. Class A,600869,China,SSE,CNY,TRADINGVIEW_SCREENER,Producer Manufacturing,Electrical Products,POWER_EQUIPMENT,5420039299.18969,UNDEFINED,,CNY,,TRUE,PRESENT,2026-08-18,2026-08-18,Broad industry; power-equipment relevance can be overridden.
Walsin Lihwa Corporation,1605,Taiwan,TWSE,TWD,TRADINGVIEW_SCREENER,Producer Manufacturing,Electrical Products,POWER_EQUIPMENT,5397747473.054782,UNDEFINED,,TWD,,TRUE,PRESENT,2026-08-18,2026-08-18,Broad industry; power-equipment relevance can be overridden.
Belden Inc,BDC,United States,NYSE,USD,TRADINGVIEW_SCREENER,Producer Manufacturing,Electrical Products,POWER_EQUIPMENT,5376767899.879176,UNDEFINED,,USD,,TRUE,PRESENT,2026-08-18,2026-08-18,Broad industry; power-equipment relevance can be overridden.
"Enphase Energy, Inc.",E0P,United States,BX,CHF,TRADINGVIEW_SCREENER,Producer Manufacturing,Electrical Products,POWER_EQUIPMENT,5349214888.000001,UNDEFINED,,CHF,,TRUE,PRESENT,2026-08-18,2026-08-18,Broad industry; power-equipment relevance can be overridden.
"Sunwoda Electronic Co., Ltd. Class A",300207,China,SZSE,CNY,TRADINGVIEW_SCREENER,Producer Manufacturing,Electrical Products,POWER_EQUIPMENT,5275855181.4948,UNDEFINED,,CNY,,TRUE,PRESENT,2026-08-18,2026-08-18,Broad industry; power-equipment relevance can be overridden.
"T&S Communications Co., Ltd. Class A",300570,China,SZSE,CNY,TRADINGVIEW_SCREENER,Producer Manufacturing,Electrical Products,POWER_EQUIPMENT,5271575938.57972,UNDEFINED,,CNY,,TRUE,PRESENT,2026-08-18,2026-08-18,Broad industry; power-equipment relevance can be overridden.
Shenzhen Honor Electronic Co. Ltd. Class A,300870,China,SZSE,CNY,TRADINGVIEW_SCREENER,Producer Manufacturing,Electrical Products,POWER_EQUIPMENT,5164428333.633659,UNDEFINED,,CNY,,TRUE,PRESENT,2026-08-18,2026-08-18,Broad industry; power-equipment relevance can be overridden.
"Teco Electric & Machinery Co., Ltd.",1504,Taiwan,TWSE,TWD,TRADINGVIEW_SCREENER,Producer Manufacturing,Electrical Products,POWER_EQUIPMENT,5157453566.896289,UNDEFINED,,TWD,,TRUE,PRESENT,2026-08-18,2026-08-18,Broad industry; power-equipment relevance can be overridden.
"Luster LightTech Co., Ltd. Class A",688400,China,SSE,CNY,TRADINGVIEW_SCREENER,Producer Manufacturing,Electrical Products,POWER_EQUIPMENT,5004358577.957899,UNDEFINED,,CNY,,TRUE,PRESENT,2026-08-18,2026-08-18,Broad industry; power-equipment relevance can be overridden.
Harbin Electric Co. Ltd. Class H,HP6H,China,GETTEX,EUR,TRADINGVIEW_SCREENER,Producer Manufacturing,Electrical Products,POWER_EQUIPMENT,4928796776.631001,UNDEFINED,,EUR,,TRUE,PRESENT,2026-08-18,2026-08-18,Broad industry; power-equipment relevance can be overridden.
"Guangzhou Great Power Energy & Technology Co., Ltd. Class A",300438,China,SZSE,CNY,TRADINGVIEW_SCREENER,Producer Manufacturing,Electrical Products,POWER_EQUIPMENT,4880198610.747179,UNDEFINED,,CNY,,TRUE,PRESENT,2026-08-18,2026-08-18,Broad industry; power-equipment relevance can be overridden.
"Hainan Jinpan Smart Technology Co., Ltd. Class A",688676,China,SSE,CNY,TRADINGVIEW_SCREENER,Producer Manufacturing,Electrical Products,POWER_EQUIPMENT,4784471011.63423,UNDEFINED,,CNY,,TRUE,PRESENT,2026-08-18,2026-08-18,Broad industry; power-equipment relevance can be overridden.
"MARUWA CO., LTD.",5344,Japan,TSE,JPY,TRADINGVIEW_SCREENER,Producer Manufacturing,Electrical Products,POWER_EQUIPMENT,4723348949.398125,UNDEFINED,,JPY,,TRUE,PRESENT,2026-08-18,2026-08-18,Broad industry; power-equipment relevance can be overridden.
Time Interconnect Technology Limited,1729,Hong Kong,HKEX,HKD,TRADINGVIEW_SCREENER,Producer Manufacturing,Electrical Products,POWER_EQUIPMENT,4706040288.5678005,UNDEFINED,,HKD,,TRUE,PRESENT,2026-08-18,2026-08-18,Broad industry; power-equipment relevance can be overridden.
Rosebank Industries Plc,ROSE,United Kingdom,LSE,GBX,TRADINGVIEW_SCREENER,Producer Manufacturing,Electrical Products,POWER_EQUIPMENT,4680668610.189,UNDEFINED,,GBX,,TRUE,PRESENT,2026-08-18,2026-08-18,Broad industry; power-equipment relevance can be overridden.
Ningbo Orient Wires & Cables Co Ltd Class A,603606,China,SSE,CNY,TRADINGVIEW_SCREENER,Producer Manufacturing,Electrical Products,POWER_EQUIPMENT,4644677961.91756,UNDEFINED,,CNY,,TRUE,PRESENT,2026-08-18,2026-08-18,Broad industry; power-equipment relevance can be overridden.
Electrical Industries Co.,1303,Saudi Arabia,TADAWUL,SAR,TRADINGVIEW_SCREENER,Producer Manufacturing,Electrical Products,POWER_EQUIPMENT,4619967711.09312,UNDEFINED,,SAR,,TRUE,PRESENT,2026-08-18,2026-08-18,Broad industry; power-equipment relevance can be overridden.
"TDG Holding Co., Ltd. Class A",600330,China,SSE,CNY,TRADINGVIEW_SCREENER,Producer Manufacturing,Electrical Products,POWER_EQUIPMENT,4565910083.535569,UNDEFINED,,CNY,,TRUE,PRESENT,2026-08-18,2026-08-18,Broad industry; power-equipment relevance can be overridden.
El Sewedy Electric Company,SWDY,Egypt,EGX,EGP,TRADINGVIEW_SCREENER,Producer Manufacturing,Electrical Products,POWER_EQUIPMENT,4486556367.76182,UNDEFINED,,EGP,,TRUE,PRESENT,2026-08-18,2026-08-18,Broad industry; power-equipment relevance can be overridden.
"CALB Group Co., Ltd. Class H",3931,China,HKEX,HKD,TRADINGVIEW_SCREENER,Producer Manufacturing,Electrical Products,POWER_EQUIPMENT,4445829951.745001,UNDEFINED,,HKD,,TRUE,PRESENT,2026-08-18,2026-08-18,Broad industry; power-equipment relevance can be overridden.
Riyadh Cables Group Co.,4142,Saudi Arabia,TADAWUL,SAR,TRADINGVIEW_SCREENER,Producer Manufacturing,Electrical Products,POWER_EQUIPMENT,4275903080.03424,UNDEFINED,,SAR,,TRUE,PRESENT,2026-08-18,2026-08-18,Broad industry; power-equipment relevance can be overridden.
"State Grid Yingda Co., Ltd. Class A",600517,China,SSE,CNY,TRADINGVIEW_SCREENER,Producer Manufacturing,Electrical Products,POWER_EQUIPMENT,4169281686.0281296,UNDEFINED,,CNY,,TRUE,PRESENT,2026-08-18,2026-08-18,Broad industry; power-equipment relevance can be overridden.
NuScale Power Corporation,SMR,United States,NYSE,USD,TRADINGVIEW_SCREENER,Producer Manufacturing,Electrical Products,POWER_EQUIPMENT,3949157054.5761447,UNDEFINED,,USD,,TRUE,PRESENT,2026-08-18,2026-08-18,Broad industry; power-equipment relevance can be overridden.
"Hunan Yuneng New Energy Battery Material Co., Ltd. Class A",301358,China,SZSE,CNY,TRADINGVIEW_SCREENER,Producer Manufacturing,Electrical Products,POWER_EQUIPMENT,3944325446.1344995,UNDEFINED,,CNY,,TRUE,PRESENT,2026-08-18,2026-08-18,Broad industry; power-equipment relevance can be overridden.
"Henan Pinggao Electric Co., Ltd. Class A",600312,China,SSE,CNY,TRADINGVIEW_SCREENER,Producer Manufacturing,Electrical Products,POWER_EQUIPMENT,3927135119.23866,UNDEFINED,,CNY,,TRUE,PRESENT,2026-08-18,2026-08-18,Broad industry; power-equipment relevance can be overridden.
"Sanil Electric Co., Ltd.",062040,South Korea,KRX,KRW,TRADINGVIEW_SCREENER,Producer Manufacturing,Electrical Products,POWER_EQUIPMENT,3918025486.192428,UNDEFINED,,KRW,,TRUE,PRESENT,2026-08-18,2026-08-18,Broad industry; power-equipment relevance can be overridden.
Ming Yang Smart Energy Group Limited Class A,601615,China,SSE,CNY,TRADINGVIEW_SCREENER,Producer Manufacturing,Electrical Products,POWER_EQUIPMENT,3863983038.6292095,UNDEFINED,,CNY,,TRUE,PRESENT,2026-08-18,2026-08-18,Broad industry; power-equipment relevance can be overridden.
"Zhefu Holding Group Co., Ltd. Class A",002266,China,SZSE,CNY,TRADINGVIEW_SCREENER,Producer Manufacturing,Electrical Products,POWER_EQUIPMENT,3838248177.9917097,UNDEFINED,,CNY,,TRUE,PRESENT,2026-08-18,2026-08-18,Broad industry; power-equipment relevance can be overridden.
QuantumScape Corporation Class A,A2QJX9,United States,LSX,EUR,TRADINGVIEW_SCREENER,Producer Manufacturing,Electrical Products,POWER_EQUIPMENT,3832312726,UNDEFINED,,EUR,,TRUE,PRESENT,2026-08-18,2026-08-18,Broad industry; power-equipment relevance can be overridden.
QuantumScape Corporation,QS,United States,NASDAQ,USD,TRADINGVIEW_SCREENER,Producer Manufacturing,Electrical Products,POWER_EQUIPMENT,3788974779.1793213,UNDEFINED,,USD,,TRUE,PRESENT,2026-08-18,2026-08-18,Broad industry; power-equipment relevance can be overridden.
"ERock, Inc.",EROC,United States,NYSE,USD,TRADINGVIEW_SCREENER,Producer Manufacturing,Electrical Products,POWER_EQUIPMENT,3668369337.6,UNDEFINED,,USD,,TRUE,PRESENT,2026-08-18,2026-08-18,Broad industry; power-equipment relevance can be overridden.
Ugreen Group Limited Class A,301606,China,SZSE,CNY,TRADINGVIEW_SCREENER,Producer Manufacturing,Electrical Products,POWER_EQUIPMENT,3582922007.53424,UNDEFINED,,CNY,,TRUE,PRESENT,2026-08-18,2026-08-18,Broad industry; power-equipment relevance can be overridden.
GS Yuasa Corporation,6674,Japan,TSE,JPY,TRADINGVIEW_SCREENER,Producer Manufacturing,Electrical Products,POWER_EQUIPMENT,3558040110.5766253,UNDEFINED,,JPY,,TRUE,PRESENT,2026-08-18,2026-08-18,Broad industry; power-equipment relevance can be overridden.
"Tongding Interconnection Information Co., Ltd. Class A",002491,China,SZSE,CNY,TRADINGVIEW_SCREENER,Producer Manufacturing,Electrical Products,POWER_EQUIPMENT,3550457656.4266596,UNDEFINED,,CNY,,TRUE,PRESENT,2026-08-18,2026-08-18,Broad industry; power-equipment relevance can be overridden.
Meidensha Corporation,6508,Japan,TSE,JPY,TRADINGVIEW_SCREENER,Producer Manufacturing,Electrical Products,POWER_EQUIPMENT,3521647192.5839753,UNDEFINED,,JPY,,TRUE,PRESENT,2026-08-18,2026-08-18,Broad industry; power-equipment relevance can be overridden.
"Gaon Cable Co., Ltd.",000500,South Korea,KRX,KRW,TRADINGVIEW_SCREENER,Producer Manufacturing,Electrical Products,POWER_EQUIPMENT,3493038362.839506,UNDEFINED,,KRW,,TRUE,PRESENT,2026-08-18,2026-08-18,Broad industry; power-equipment relevance can be overridden.
"Taiyo Holdings Co., Ltd.",4626,Japan,TSE,JPY,TRADINGVIEW_SCREENER,Producer Manufacturing,Electrical Products,POWER_EQUIPMENT,3483599131.131775,UNDEFINED,,JPY,,TRUE,PRESENT,2026-08-18,2026-08-18,Broad industry; power-equipment relevance can be overridden.
"Shenzhen Woer Heat-Shrinkable Material Co., Ltd. Class A",002130,China,SZSE,CNY,TRADINGVIEW_SCREENER,Producer Manufacturing,Electrical Products,POWER_EQUIPMENT,3482188530.282325,UNDEFINED,,CNY,,TRUE,PRESENT,2026-08-18,2026-08-18,Broad industry; power-equipment relevance can be overridden.
"Hangzhou Zhongheng Electric Co., Ltd. Class A",002364,China,SZSE,CNY,TRADINGVIEW_SCREENER,Producer Manufacturing,Electrical Products,POWER_EQUIPMENT,3428336086.8265595,UNDEFINED,,CNY,,TRUE,PRESENT,2026-08-18,2026-08-18,Broad industry; power-equipment relevance can be overridden.
Schneider Electric Infrastructure Limited,SCHNEIDER,India,NSE,INR,TRADINGVIEW_SCREENER,Producer Manufacturing,Electrical Products,POWER_EQUIPMENT,3426987709.571382,UNDEFINED,,INR,,TRUE,PRESENT,2026-08-18,2026-08-18,Broad industry; power-equipment relevance can be overridden.
"Sany Renewable Energy Co., Ltd. Class A",688349,China,SSE,CNY,TRADINGVIEW_SCREENER,Producer Manufacturing,Electrical Products,POWER_EQUIPMENT,3404822453.3603697,UNDEFINED,,CNY,,TRUE,PRESENT,2026-08-18,2026-08-18,Broad industry; power-equipment relevance can be overridden.
"Shenzhen FRD Science & Technology Co., Ltd. Class A",300602,China,SZSE,CNY,TRADINGVIEW_SCREENER,Producer Manufacturing,Electrical Products,POWER_EQUIPMENT,3344139228.6724095,UNDEFINED,,CNY,,TRUE,PRESENT,2026-08-18,2026-08-18,Broad industry; power-equipment relevance can be overridden.
"XJ Electric Co., Ltd. Class A",000400,China,SZSE,CNY,TRADINGVIEW_SCREENER,Producer Manufacturing,Electrical Products,POWER_EQUIPMENT,3325420490.7149796,UNDEFINED,,CNY,,TRUE,PRESENT,2026-08-18,2026-08-18,Broad industry; power-equipment relevance can be overridden.
Versigent PLC,VGNT,Switzerland,NYSE,USD,TRADINGVIEW_SCREENER,Producer Manufacturing,Electrical Products,POWER_EQUIPMENT,3313673803.018182,UNDEFINED,,USD,,TRUE,PRESENT,2026-08-18,2026-08-18,Broad industry; power-equipment relevance can be overridden.
"Qingdao Hanhe Cable Co., Ltd Class A",002498,China,SZSE,CNY,TRADINGVIEW_SCREENER,Producer Manufacturing,Electrical Products,POWER_EQUIPMENT,3308015821.6549497,UNDEFINED,,CNY,,TRUE,PRESENT,2026-08-18,2026-08-18,Broad industry; power-equipment relevance can be overridden.
RR Kabel Ltd.,RRKABEL,India,BSE,INR,TRADINGVIEW_SCREENER,Producer Manufacturing,Electrical Products,POWER_EQUIPMENT,3298586899.7376924,UNDEFINED,,INR,,TRUE,PRESENT,2026-08-18,2026-08-18,Broad industry; power-equipment relevance can be overridden.
Rept Battero Energy Company Ltd Class H,666,China,HKEX,HKD,TRADINGVIEW_SCREENER,Producer Manufacturing,Electrical Products,POWER_EQUIPMENT,3271918041.1554003,UNDEFINED,,HKD,,TRUE,PRESENT,2026-08-18,2026-08-18,Broad industry; power-equipment relevance can be overridden.
"Shenzhen Senior Technology Material Co., Ltd. Class A",300568,China,SZSE,CNY,TRADINGVIEW_SCREENER,Producer Manufacturing,Electrical Products,POWER_EQUIPMENT,3244253084.472627,UNDEFINED,,CNY,,TRUE,PRESENT,2026-08-18,2026-08-18,Broad industry; power-equipment relevance can be overridden.
Shanghai Moons Electrical Co. Ltd. Class A,603728,China,SSE,CNY,TRADINGVIEW_SCREENER,Producer Manufacturing,Electrical Products,POWER_EQUIPMENT,3206210854.6148796,UNDEFINED,,CNY,,TRUE,PRESENT,2026-08-18,2026-08-18,Broad industry; power-equipment relevance can be overridden.
Kirloskar Oil Engines Limited,KIRLOSENG,India,NSE,INR,TRADINGVIEW_SCREENER,Producer Manufacturing,Electrical Products,POWER_EQUIPMENT,3200691398.186468,UNDEFINED,,INR,,TRUE,PRESENT,2026-08-18,2026-08-18,Broad industry; power-equipment relevance can be overridden.
"Baoding Tianwei Baobian Electric Co., Ltd. Class A",600550,China,SSE,CNY,TRADINGVIEW_SCREENER,Producer Manufacturing,Electrical Products,POWER_EQUIPMENT,3181968482.89383,UNDEFINED,,CNY,,TRUE,PRESENT,2026-08-18,2026-08-18,Broad industry; power-equipment relevance can be overridden.
Atkore Inc,AOA,United States,SWB,EUR,TRADINGVIEW_SCREENER,Producer Manufacturing,Electrical Products,POWER_EQUIPMENT,3167865527,UNDEFINED,,EUR,,TRUE,PRESENT,2026-08-18,2026-08-18,Broad industry; power-equipment relevance can be overridden.
Tianneng Battery Group Co Ltd Class A,688819,China,SSE,CNY,TRADINGVIEW_SCREENER,Producer Manufacturing,Electrical Products,POWER_EQUIPMENT,3157696469.7644095,UNDEFINED,,CNY,,TRUE,PRESENT,2026-08-18,2026-08-18,Broad industry; power-equipment relevance can be overridden.
"Weihai Guangwei Composites Co., Ltd. Class A",300699,China,SZSE,CNY,TRADINGVIEW_SCREENER,Producer Manufacturing,Electrical Products,POWER_EQUIPMENT,3141879975.01469,UNDEFINED,,CNY,,TRUE,PRESENT,2026-08-18,2026-08-18,Broad industry; power-equipment relevance can be overridden.
PhiChem Corporation Class A,300398,China,SZSE,CNY,TRADINGVIEW_SCREENER,Producer Manufacturing,Electrical Products,POWER_EQUIPMENT,3088858768.45777,UNDEFINED,,CNY,,TRUE,PRESENT,2026-08-18,2026-08-18,Broad industry; power-equipment relevance can be overridden.
Hangzhou Cable Co Ltd Class A,603618,China,SSE,CNY,TRADINGVIEW_SCREENER,Producer Manufacturing,Electrical Products,POWER_EQUIPMENT,3060329493.13959,UNDEFINED,,CNY,,TRUE,PRESENT,2026-08-18,2026-08-18,Broad industry; power-equipment relevance can be overridden.
"Shenzhen Kstar Science and Technology Co., Ltd. Class A",002518,China,SZSE,CNY,TRADINGVIEW_SCREENER,Producer Manufacturing,Electrical Products,POWER_EQUIPMENT,3028521587.12908,UNDEFINED,,CNY,,TRUE,PRESENT,2026-08-18,2026-08-18,Broad industry; power-equipment relevance can be overridden.
"Wuhan Raycus Fiber Laser Technologies Co., Ltd. Class A",300747,China,SZSE,CNY,TRADINGVIEW_SCREENER,Producer Manufacturing,Electrical Products,POWER_EQUIPMENT,3028289136.73965,UNDEFINED,,CNY,,TRUE,PRESENT,2026-08-18,2026-08-18,Broad industry; power-equipment relevance can be overridden.
Daming Electronics Co. Ltd. Class A,603376,China,SSE,CNY,TRADINGVIEW_SCREENER,Producer Manufacturing,Electrical Products,POWER_EQUIPMENT,2995820029.010185,UNDEFINED,,CNY,,TRUE,PRESENT,2026-08-18,2026-08-18,Broad industry; power-equipment relevance can be overridden.
"Advanced Energy Solution Holding Co., Ltd.",6781,Taiwan,TWSE,TWD,TRADINGVIEW_SCREENER,Producer Manufacturing,Electrical Products,POWER_EQUIPMENT,2984204076.559066,UNDEFINED,,TWD,,TRUE,PRESENT,2026-08-18,2026-08-18,Broad industry; power-equipment relevance can be overridden.
KONCAR - Elektroindustrija d.d.,KOEI,Croatia,ZSE,EUR,TRADINGVIEW_SCREENER,Producer Manufacturing,Electrical Products,POWER_EQUIPMENT,2973249908.1585,UNDEFINED,,EUR,,TRUE,PRESENT,2026-08-18,2026-08-18,Broad industry; power-equipment relevance can be overridden.
Xinyi Solar Holdings Limited,XNYIF,China,OTC,USD,TRADINGVIEW_SCREENER,Producer Manufacturing,Electrical Products,POWER_EQUIPMENT,2959983246.2401767,UNDEFINED,,USD,,TRUE,PRESENT,2026-08-18,2026-08-18,Broad industry; power-equipment relevance can be overridden.
"Tianhai Auto Electronics Group Co., Ltd. Class A",001365,China,SZSE,CNY,TRADINGVIEW_SCREENER,Producer Manufacturing,Electrical Products,POWER_EQUIPMENT,2936162565,UNDEFINED,,CNY,,TRUE,PRESENT,2026-08-18,2026-08-18,Broad industry; power-equipment relevance can be overridden.
"Shijiazhuang Shangtai Technology Co., Ltd. Class A",001301,China,SZSE,CNY,TRADINGVIEW_SCREENER,Producer Manufacturing,Electrical Products,POWER_EQUIPMENT,2920432001.33377,UNDEFINED,,CNY,,TRUE,PRESENT,2026-08-18,2026-08-18,Broad industry; power-equipment relevance can be overridden.
"Delijia Transmission Technology (Jiangsu) Co., Ltd. Class A",603092,China,SSE,CNY,TRADINGVIEW_SCREENER,Producer Manufacturing,Electrical Products,POWER_EQUIPMENT,2879628799.9070196,UNDEFINED,,CNY,,TRUE,PRESENT,2026-08-18,2026-08-18,Broad industry; power-equipment relevance can be overridden.
"Shenzhen Leadshine Technology Co., Ltd. Class A",002979,China,SZSE,CNY,TRADINGVIEW_SCREENER,Producer Manufacturing,Electrical Products,POWER_EQUIPMENT,2829691098.8610597,UNDEFINED,,CNY,,TRUE,PRESENT,2026-08-18,2026-08-18,Broad industry; power-equipment relevance can be overridden.
"Up-Shine Lighting Co., Ltd. Class A",301362,China,SZSE,CNY,TRADINGVIEW_SCREENER,Producer Manufacturing,Electrical Products,POWER_EQUIPMENT,2824339746.49393,UNDEFINED,,CNY,,TRUE,PRESENT,2026-08-18,2026-08-18,Broad industry; power-equipment relevance can be overridden.
"Mabuchi Motor Co., Ltd.",6592,Japan,TSE,JPY,TRADINGVIEW_SCREENER,Producer Manufacturing,Electrical Products,POWER_EQUIPMENT,2816839314.2374,UNDEFINED,,JPY,,TRUE,PRESENT,2026-08-18,2026-08-18,Broad industry; power-equipment relevance can be overridden.
Voltronic Power Technology Corp.,6409,Taiwan,TWSE,TWD,TRADINGVIEW_SCREENER,Producer Manufacturing,Electrical Products,POWER_EQUIPMENT,2782219023.086492,UNDEFINED,,TWD,,TRUE,PRESENT,2026-08-18,2026-08-18,Broad industry; power-equipment relevance can be overridden.
"Tongling Jingda Special Magnet Wire Co., Ltd. Class A",600577,China,SSE,CNY,TRADINGVIEW_SCREENER,Producer Manufacturing,Electrical Products,POWER_EQUIPMENT,2682240847.78111,UNDEFINED,,CNY,,TRUE,PRESENT,2026-08-18,2026-08-18,Broad industry; power-equipment relevance can be overridden.
"Huaming Power Equipment Co., Ltd. Class A",002270,China,SZSE,CNY,TRADINGVIEW_SCREENER,Producer Manufacturing,Electrical Products,POWER_EQUIPMENT,2670842392.4787498,UNDEFINED,,CNY,,TRUE,PRESENT,2026-08-18,2026-08-18,Broad industry; power-equipment relevance can be overridden.
SWCC Corporation,5805,Japan,TSE,JPY,TRADINGVIEW_SCREENER,Producer Manufacturing,Electrical Products,POWER_EQUIPMENT,2669996385.2227,UNDEFINED,,JPY,,TRUE,PRESENT,2026-08-18,2026-08-18,Broad industry; power-equipment relevance can be overridden.
"Nuode New Materials Co., Ltd. Class A",600110,China,SSE,CNY,TRADINGVIEW_SCREENER,Producer Manufacturing,Electrical Products,POWER_EQUIPMENT,2663933624.7104697,UNDEFINED,,CNY,,TRUE,PRESENT,2026-08-18,2026-08-18,Broad industry; power-equipment relevance can be overridden.
"Zhongshan Broad-Ocean Motor Co., Ltd. Class A",002249,China,SZSE,CNY,TRADINGVIEW_SCREENER,Producer Manufacturing,Electrical Products,POWER_EQUIPMENT,2651763191.23772,UNDEFINED,,CNY,,TRUE,PRESENT,2026-08-18,2026-08-18,Broad industry; power-equipment relevance can be overridden.
Xinyi Solar Holdings Ltd.,968,China,HKEX,HKD,TRADINGVIEW_SCREENER,Producer Manufacturing,Electrical Products,POWER_EQUIPMENT,2639479992.3310003,UNDEFINED,,HKD,,TRUE,PRESENT,2026-08-18,2026-08-18,Broad industry; power-equipment relevance can be overridden.
Chung-Hsin Electric & Machinery Manufacturing Corp.,1513,Taiwan,TWSE,TWD,TRADINGVIEW_SCREENER,Producer Manufacturing,Electrical Products,POWER_EQUIPMENT,2619977824.042468,UNDEFINED,,TWD,,TRUE,PRESENT,2026-08-18,2026-08-18,Broad industry; power-equipment relevance can be overridden.
"Koncar - Distribution and Special Transformers, Inc.",KODT,Croatia,ZSE,EUR,TRADINGVIEW_SCREENER,Producer Manufacturing,Electrical Products,POWER_EQUIPMENT,2599758910.8675003,UNDEFINED,,EUR,,TRUE,PRESENT,2026-08-18,2026-08-18,Broad industry; power-equipment relevance can be overridden.
Koncar-Distributirni i specijalni transformatori d.d. Pref.,KODT2,Croatia,ZSE,EUR,TRADINGVIEW_SCREENER,Producer Manufacturing,Electrical Products,POWER_EQUIPMENT,2599758910.8675003,UNDEFINED,,EUR,,TRUE,PRESENT,2026-08-18,2026-08-18,Broad industry; power-equipment relevance can be overridden.
Zhuhai CosMX Battery Co. Ltd. Class A,688772,China,SSE,CNY,TRADINGVIEW_SCREENER,Producer Manufacturing,Electrical Products,POWER_EQUIPMENT,2509983168.8042297,UNDEFINED,,CNY,,TRUE,PRESENT,2026-08-18,2026-08-18,Broad industry; power-equipment relevance can be overridden.
"Iljin Electric Co., Ltd.",103590,South Korea,KRX,KRW,TRADINGVIEW_SCREENER,Producer Manufacturing,Electrical Products,POWER_EQUIPMENT,2486779601.921316,UNDEFINED,,KRW,,TRUE,PRESENT,2026-08-18,2026-08-18,Broad industry; power-equipment relevance can be overridden.
TD Power Systems Limited,TDPOWERSYS,India,BSE,INR,TRADINGVIEW_SCREENER,Producer Manufacturing,Electrical Products,POWER_EQUIPMENT,2431350806.451084,UNDEFINED,,INR,,TRUE,PRESENT,2026-08-18,2026-08-18,Broad industry; power-equipment relevance can be overridden.
"Fluence Energy, Inc. Class A",98W,United States,FWB,EUR,TRADINGVIEW_SCREENER,Producer Manufacturing,Electrical Products,POWER_EQUIPMENT,2425596371,UNDEFINED,,EUR,,TRUE,PRESENT,2026-08-18,2026-08-18,Broad industry; power-equipment relevance can be overridden.
"Tokai Carbon Co., Ltd.",5301,Japan,TSE,JPY,TRADINGVIEW_SCREENER,Producer Manufacturing,Electrical Products,POWER_EQUIPMENT,2406437708.2154503,UNDEFINED,,JPY,,TRUE,PRESENT,2026-08-18,2026-08-18,Broad industry; power-equipment relevance can be overridden.
"Sinfonia Technology Co., Ltd.",6507,Japan,TSE,JPY,TRADINGVIEW_SCREENER,Producer Manufacturing,Electrical Products,POWER_EQUIPMENT,2386137645.04475,UNDEFINED,,JPY,,TRUE,PRESENT,2026-08-18,2026-08-18,Broad industry; power-equipment relevance can be overridden.
Simplo Technology Co. Ltd.,6121,Taiwan,TPEX,TWD,TRADINGVIEW_SCREENER,Producer Manufacturing,Electrical Products,POWER_EQUIPMENT,2377151597.5578637,UNDEFINED,,TWD,,TRUE,PRESENT,2026-08-18,2026-08-18,Broad industry; power-equipment relevance can be overridden.
"Jiangxi Special Electric Motor Co., Ltd. Class A",002176,China,SZSE,CNY,TRADINGVIEW_SCREENER,Producer Manufacturing,Electrical Products,POWER_EQUIPMENT,2375248910.75556,UNDEFINED,,CNY,,TRUE,PRESENT,2026-08-18,2026-08-18,Broad industry; power-equipment relevance can be overridden.
"Fluence Energy, Inc.",FLNC,United States,NASDAQ,USD,TRADINGVIEW_SCREENER,Producer Manufacturing,Electrical Products,POWER_EQUIPMENT,2331452219.6141553,UNDEFINED,,USD,,TRUE,PRESENT,2026-08-18,2026-08-18,Broad industry; power-equipment relevance can be overridden.
"Shenzhen Hopewind Electric Co., Ltd. Class A",603063,China,SSE,CNY,TRADINGVIEW_SCREENER,Producer Manufacturing,Electrical Products,POWER_EQUIPMENT,2328315289.52988,UNDEFINED,,CNY,,TRUE,PRESENT,2026-08-18,2026-08-18,Broad industry; power-equipment relevance can be overridden.
SMA Solar Technology AG,S92,Germany,BSESOF,EUR,TRADINGVIEW_SCREENER,Producer Manufacturing,Electrical Products,POWER_EQUIPMENT,2327571950.886,UNDEFINED,,EUR,,TRUE,PRESENT,2026-08-18,2026-08-18,Broad industry; power-equipment relevance can be overridden.
Diamond Power Infrastructure Limited,DIACABS,India,NSE,INR,TRADINGVIEW_SCREENER,Producer Manufacturing,Electrical Products,POWER_EQUIPMENT,2310235454.257758,UNDEFINED,,INR,,TRUE,PRESENT,2026-08-18,2026-08-18,Broad industry; power-equipment relevance can be overridden.
Jiangsu Leili Motor Corp. Ltd. Class A,300660,China,SZSE,CNY,TRADINGVIEW_SCREENER,Producer Manufacturing,Electrical Products,POWER_EQUIPMENT,2293930635.0527697,UNDEFINED,,CNY,,TRUE,PRESENT,2026-08-18,2026-08-18,Broad industry; power-equipment relevance can be overridden.
Hammond Power Solutions Inc. Class A,HPS.A,Canada,NEO,CAD,TRADINGVIEW_SCREENER,Producer Manufacturing,Electrical Products,POWER_EQUIPMENT,2282696206.2429004,UNDEFINED,,CAD,,TRUE,PRESENT,2026-08-18,2026-08-18,Broad industry; power-equipment relevance can be overridden.
CETC Chips Technology Inc. Class A,600877,China,SSE,CNY,TRADINGVIEW_SCREENER,Producer Manufacturing,Electrical Products,POWER_EQUIPMENT,2279300307.44878,UNDEFINED,,CNY,,TRUE,PRESENT,2026-08-18,2026-08-18,Broad industry; power-equipment relevance can be overridden.
Hammond Power Solutions Inc.,HMDPF,Canada,OTC,USD,TRADINGVIEW_SCREENER,Producer Manufacturing,Electrical Products,POWER_EQUIPMENT,2258007059.1991363,UNDEFINED,,USD,,TRUE,PRESENT,2026-08-18,2026-08-18,Broad industry; power-equipment relevance can be overridden.
"Minmetals New Energy Materials (Hunan) Co., Ltd. Class A",688779,China,SSE,CNY,TRADINGVIEW_SCREENER,Producer Manufacturing,Electrical Products,POWER_EQUIPMENT,2249962983.03231,UNDEFINED,,CNY,,TRUE,PRESENT,2026-08-18,2026-08-18,Broad industry; power-equipment relevance can be overridden.
"Shandong Hi-tech Spring Material Technology Co., Ltd. Class A",301292,China,SZSE,CNY,TRADINGVIEW_SCREENER,Producer Manufacturing,Electrical Products,POWER_EQUIPMENT,2249813179.24321,UNDEFINED,,CNY,,TRUE,PRESENT,2026-08-18,2026-08-18,Broad industry; power-equipment relevance can be overridden.
"Fortior Technology (Shenzhen) Co., Ltd. Class A",688279,China,SSE,CNY,TRADINGVIEW_SCREENER,Producer Manufacturing,Electrical Products,POWER_EQUIPMENT,2249039472.2796,UNDEFINED,,CNY,,TRUE,PRESENT,2026-08-18,2026-08-18,Broad industry; power-equipment relevance can be overridden.
"Fortior Technology (Shenzhen) Co., Ltd. Class H",1304,China,HKEX,HKD,TRADINGVIEW_SCREENER,Producer Manufacturing,Electrical Products,POWER_EQUIPMENT,2249039472.2796,UNDEFINED,,HKD,,TRUE,PRESENT,2026-08-18,2026-08-18,Broad industry; power-equipment relevance can be overridden.
Ushio Inc.,6925,Japan,TSE,JPY,TRADINGVIEW_SCREENER,Producer Manufacturing,Electrical Products,POWER_EQUIPMENT,2182746855.304525,UNDEFINED,,JPY,,TRUE,PRESENT,2026-08-18,2026-08-18,Broad industry; power-equipment relevance can be overridden.
Signify NV,G14,Netherlands,TRADEGATE,EUR,TRADINGVIEW_SCREENER,Producer Manufacturing,Electrical Products,POWER_EQUIPMENT,2172083746.7385,UNDEFINED,,EUR,,TRUE,PRESENT,2026-08-18,2026-08-18,Broad industry; power-equipment relevance can be overridden.
Long Young Electronic (Kunshan) Co. Ltd. Class A,301389,China,SZSE,CNY,TRADINGVIEW_SCREENER,Producer Manufacturing,Electrical Products,POWER_EQUIPMENT,2148768964.24008,UNDEFINED,,CNY,,TRUE,PRESENT,2026-08-18,2026-08-18,Broad industry; power-equipment relevance can be overridden.
"Hangzhou Gold Electronic Equipment Co., Ltd Class A",301669,China,SZSE,CNY,TRADINGVIEW_SCREENER,Producer Manufacturing,Electrical Products,POWER_EQUIPMENT,2139626473.712224,UNDEFINED,,CNY,,TRUE,PRESENT,2026-08-18,2026-08-18,Broad industry; power-equipment relevance can be overridden.
"Jonjee Hi-Tech Industrial and Commercial Holding Co., Ltd. Class A",600872,China,SSE,CNY,TRADINGVIEW_SCREENER,Producer Manufacturing,Electrical Products,POWER_EQUIPMENT,2122394427.38953,UNDEFINED,,CNY,,TRUE,PRESENT,2026-08-18,2026-08-18,Broad industry; power-equipment relevance can be overridden.
"Wuxi Huaguang Environment & Energy Group Co., Ltd. Class A",600475,China,SSE,CNY,TRADINGVIEW_SCREENER,Producer Manufacturing,Electrical Products,POWER_EQUIPMENT,2077668167.1968598,UNDEFINED,,CNY,,TRUE,PRESENT,2026-08-18,2026-08-18,Broad industry; power-equipment relevance can be overridden.
"FOCI Fiber Optic Communications, Inc.",3363,Taiwan,TPEX,TWD,TRADINGVIEW_SCREENER,Producer Manufacturing,Electrical Products,POWER_EQUIPMENT,2077247144.940122,UNDEFINED,,TWD,,TRUE,PRESENT,2026-08-18,2026-08-18,Broad industry; power-equipment relevance can be overridden.
"Yangtze Optical Electronic Co., Ltd. Class A",688143,China,SSE,CNY,TRADINGVIEW_SCREENER,Producer Manufacturing,Electrical Products,POWER_EQUIPMENT,2052712422.5974798,UNDEFINED,,CNY,,TRUE,PRESENT,2026-08-18,2026-08-18,Broad industry; power-equipment relevance can be overridden.
AQ Group AB,AQ,Sweden,OMXSTO,SEK,TRADINGVIEW_SCREENER,Producer Manufacturing,Electrical Products,POWER_EQUIPMENT,2015002423.0908,UNDEFINED,,SEK,,TRUE,PRESENT,2026-08-18,2026-08-18,Broad industry; power-equipment relevance can be overridden.
"SolarEdge Technologies, Inc.",2ED,Israel,GETTEX,EUR,TRADINGVIEW_SCREENER,Producer Manufacturing,Electrical Products,POWER_EQUIPMENT,1994664553,UNDEFINED,,EUR,,TRUE,PRESENT,2026-08-18,2026-08-18,Broad industry; power-equipment relevance can be overridden.
"Zhejiang E-P Equipment Co., Ltd. Class A",603194,China,SSE,CNY,TRADINGVIEW_SCREENER,Producer Manufacturing,Electrical Products,POWER_EQUIPMENT,1993681529.1538599,UNDEFINED,,CNY,,TRUE,PRESENT,2026-08-18,2026-08-18,Broad industry; power-equipment relevance can be overridden.
Finolex Cables Limited,FINCABLES,India,BSE,INR,TRADINGVIEW_SCREENER,Producer Manufacturing,Electrical Products,POWER_EQUIPMENT,1993307692.5673742,UNDEFINED,,INR,,TRUE,PRESENT,2026-08-18,2026-08-18,Broad industry; power-equipment relevance can be overridden.
HBL Engineering Limited,HBLENGINE,India,BSE,INR,TRADINGVIEW_SCREENER,Producer Manufacturing,Electrical Products,POWER_EQUIPMENT,1970351671.919758,UNDEFINED,,INR,,TRUE,PRESENT,2026-08-18,2026-08-18,Broad industry; power-equipment relevance can be overridden.
"Xian Sinofuse Electric Co., Ltd. Class A",301031,China,SZSE,CNY,TRADINGVIEW_SCREENER,Producer Manufacturing,Electrical Products,POWER_EQUIPMENT,1966602244.37936,UNDEFINED,,CNY,,TRUE,PRESENT,2026-08-18,2026-08-18,Broad industry; power-equipment relevance can be overridden.
Daihen Corporation,6622,Japan,TSE,JPY,TRADINGVIEW_SCREENER,Producer Manufacturing,Electrical Products,POWER_EQUIPMENT,1962759567.0061002,UNDEFINED,,JPY,,TRUE,PRESENT,2026-08-18,2026-08-18,Broad industry; power-equipment relevance can be overridden.
"Chengdu Jiachi Electronic Technology Co., Ltd. Class A",688708,China,SSE,CNY,TRADINGVIEW_SCREENER,Producer Manufacturing,Electrical Products,POWER_EQUIPMENT,1952933785.75995,UNDEFINED,,CNY,,TRUE,PRESENT,2026-08-18,2026-08-18,Broad industry; power-equipment relevance can be overridden.
"Jinlongyu Group Co., Ltd. Class A",002882,China,SZSE,CNY,TRADINGVIEW_SCREENER,Producer Manufacturing,Electrical Products,POWER_EQUIPMENT,1950226486.94181,UNDEFINED,,CNY,,TRUE,PRESENT,2026-08-18,2026-08-18,Broad industry; power-equipment relevance can be overridden.
Allient Inc.,ALNT,United States,NASDAQ,USD,TRADINGVIEW_SCREENER,Producer Manufacturing,Electrical Products,POWER_EQUIPMENT,1921623967.1882236,UNDEFINED,,USD,,TRUE,PRESENT,2026-08-18,2026-08-18,Broad industry; power-equipment relevance can be overridden.
"Shenzhen SDG Information Co., Ltd. Class A",000070,China,SZSE,CNY,TRADINGVIEW_SCREENER,Producer Manufacturing,Electrical Products,POWER_EQUIPMENT,1900187491.8068697,UNDEFINED,,CNY,,TRUE,PRESENT,2026-08-18,2026-08-18,Broad industry; power-equipment relevance can be overridden.
"Hubei Zhongyi Technology, Inc. Class A",301150,China,SZSE,CNY,TRADINGVIEW_SCREENER,Producer Manufacturing,Electrical Products,POWER_EQUIPMENT,1883966703.17268,UNDEFINED,,CNY,,TRUE,PRESENT,2026-08-18,2026-08-18,Broad industry; power-equipment relevance can be overridden.
Dynapack International Technology Corporation,3211,Taiwan,TPEX,TWD,TRADINGVIEW_SCREENER,Producer Manufacturing,Electrical Products,POWER_EQUIPMENT,1881975506.104317,UNDEFINED,,TWD,,TRUE,PRESENT,2026-08-18,2026-08-18,Broad industry; power-equipment relevance can be overridden.
Pfeiffer Vacuum Technology AG,PFV,Germany,SWB,EUR,TRADINGVIEW_SCREENER,Producer Manufacturing,Electrical Products,POWER_EQUIPMENT,1871559519.4485002,UNDEFINED,,EUR,,TRUE,PRESENT,2026-08-18,2026-08-18,Broad industry; power-equipment relevance can be overridden.
"Tokai Carbon Korea Co., Ltd.",064760,South Korea,KRX,KRW,TRADINGVIEW_SCREENER,Producer Manufacturing,Electrical Products,POWER_EQUIPMENT,1862057522.59839,UNDEFINED,,KRW,,TRUE,PRESENT,2026-08-18,2026-08-18,Broad industry; power-equipment relevance can be overridden.
"Shenzhen Woer Heat-Shrinkable Material Co., Ltd. Class H",9981,China,HKEX,HKD,TRADINGVIEW_SCREENER,Producer Manufacturing,Electrical Products,POWER_EQUIPMENT,1859779598.709942,UNDEFINED,,HKD,,TRUE,PRESENT,2026-08-18,2026-08-18,Broad industry; power-equipment relevance can be overridden.
"Guangdong Mingyang Electric Co., Ltd. Class A",301291,China,SZSE,CNY,TRADINGVIEW_SCREENER,Producer Manufacturing,Electrical Products,POWER_EQUIPMENT,1850485524.0034099,UNDEFINED,,CNY,,TRUE,PRESENT,2026-08-18,2026-08-18,Broad industry; power-equipment relevance can be overridden.
"SPG Co., Ltd",058610,South Korea,KRX,KRW,TRADINGVIEW_SCREENER,Producer Manufacturing,Electrical Products,POWER_EQUIPMENT,1846424782.7064002,UNDEFINED,,KRW,,TRUE,PRESENT,2026-08-18,2026-08-18,Broad industry; power-equipment relevance can be overridden.
Zhejiang Zhaolong Interconnect Technology Co. Limited. Class A,300913,China,SZSE,CNY,TRADINGVIEW_SCREENER,Producer Manufacturing,Electrical Products,POWER_EQUIPMENT,1836302060.3806198,UNDEFINED,,CNY,,TRUE,PRESENT,2026-08-18,2026-08-18,Broad industry; power-equipment relevance can be overridden.
"Opple Lighting Co., Ltd. Class A",603515,China,SSE,CNY,TRADINGVIEW_SCREENER,Producer Manufacturing,Electrical Products,POWER_EQUIPMENT,1832458759.69555,UNDEFINED,,CNY,,TRUE,PRESENT,2026-08-18,2026-08-18,Broad industry; power-equipment relevance can be overridden.
Amara Raja Energy & Mobility Ltd,ARE&M,India,NSE,INR,TRADINGVIEW_SCREENER,Producer Manufacturing,Electrical Products,POWER_EQUIPMENT,1814160116.052706,UNDEFINED,,INR,,TRUE,PRESENT,2026-08-18,2026-08-18,Broad industry; power-equipment relevance can be overridden.
Farasis Energy (Gan Zhou) Co. Ltd. Class A,688567,China,SSE,CNY,TRADINGVIEW_SCREENER,Producer Manufacturing,Electrical Products,POWER_EQUIPMENT,1809224665.3249998,UNDEFINED,,CNY,,TRUE,PRESENT,2026-08-18,2026-08-18,Broad industry; power-equipment relevance can be overridden.
"Roshow Technology Co., Ltd. Class A",002617,China,SZSE,CNY,TRADINGVIEW_SCREENER,Producer Manufacturing,Electrical Products,POWER_EQUIPMENT,1774713459.69988,UNDEFINED,,CNY,,TRUE,PRESENT,2026-08-18,2026-08-18,Broad industry; power-equipment relevance can be overridden.
"Jiangsu Cnano Technology Co., Ltd. Class A",688116,China,SSE,CNY,TRADINGVIEW_SCREENER,Producer Manufacturing,Electrical Products,POWER_EQUIPMENT,1767998389.3023198,UNDEFINED,,CNY,,TRUE,PRESENT,2026-08-18,2026-08-18,Broad industry; power-equipment relevance can be overridden.
Jiangsu Zenergy Battery Technologies Group Co Ltd. Class H,3677,China,HKEX,HKD,TRADINGVIEW_SCREENER,Producer Manufacturing,Electrical Products,POWER_EQUIPMENT,1767102457.3930001,UNDEFINED,,HKD,,TRUE,PRESENT,2026-08-18,2026-08-18,Broad industry; power-equipment relevance can be overridden.
Vietnam Engine & Agricultural Machinery Corp.,VEA,Vietnam,UPCOM,VND,TRADINGVIEW_SCREENER,Producer Manufacturing,Electrical Products,POWER_EQUIPMENT,1752155680,UNDEFINED,,VND,,TRUE,PRESENT,2026-08-18,2026-08-18,Broad industry; power-equipment relevance can be overridden.
Shanghai Electric Wind Power Group Co. Ltd. Class A,688660,China,SSE,CNY,TRADINGVIEW_SCREENER,Producer Manufacturing,Electrical Products,POWER_EQUIPMENT,1748642128.7771099,UNDEFINED,,CNY,,TRUE,PRESENT,2026-08-18,2026-08-18,Broad industry; power-equipment relevance can be overridden.
"HANKOOK & COMPANY CO., LTD.",000240,South Korea,KRX,KRW,TRADINGVIEW_SCREENER,Producer Manufacturing,Electrical Products,POWER_EQUIPMENT,1745418518.371242,UNDEFINED,,KRW,,TRUE,PRESENT,2026-08-18,2026-08-18,Broad industry; power-equipment relevance can be overridden.
"Aerospace Hi-Tech Holding Group Co., Ltd. Class A",000901,China,SZSE,CNY,TRADINGVIEW_SCREENER,Producer Manufacturing,Electrical Products,POWER_EQUIPMENT,1741162118.1968298,UNDEFINED,,CNY,,TRUE,PRESENT,2026-08-18,2026-08-18,Broad industry; power-equipment relevance can be overridden.
"Titan Wind Energy (Suzhou) Co., Ltd. Class A",002531,China,SZSE,CNY,TRADINGVIEW_SCREENER,Producer Manufacturing,Electrical Products,POWER_EQUIPMENT,1732265983.37814,UNDEFINED,,CNY,,TRUE,PRESENT,2026-08-18,2026-08-18,Broad industry; power-equipment relevance can be overridden.
"Aerospace Intelligent Manufacturing Technology Co., Ltd. Class A",300446,China,SZSE,CNY,TRADINGVIEW_SCREENER,Producer Manufacturing,Electrical Products,POWER_EQUIPMENT,1723871009.2084599,UNDEFINED,,CNY,,TRUE,PRESENT,2026-08-18,2026-08-18,Broad industry; power-equipment relevance can be overridden.
HydroGraph Clean Power Inc.,HGRAF,Canada,OTC,USD,TRADINGVIEW_SCREENER,Producer Manufacturing,Electrical Products,POWER_EQUIPMENT,1715864271.1974113,UNDEFINED,,USD,,TRUE,PRESENT,2026-08-18,2026-08-18,Broad industry; power-equipment relevance can be overridden.
PFISTERER Holding SE,PFSE21,Germany,LS,EUR,TRADINGVIEW_SCREENER,Producer Manufacturing,Electrical Products,POWER_EQUIPMENT,1706891491.3095002,UNDEFINED,,EUR,,TRUE,PRESENT,2026-08-18,2026-08-18,Broad industry; power-equipment relevance can be overridden.
"Ningbo KBE Electrical Technology Co., Ltd. Class A",300863,China,SZSE,CNY,TRADINGVIEW_SCREENER,Producer Manufacturing,Electrical Products,POWER_EQUIPMENT,1700588739.0098598,UNDEFINED,,CNY,,TRUE,PRESENT,2026-08-18,2026-08-18,Broad industry; power-equipment relevance can be overridden.
"Hainan Drinda New Energy Technology Co., Ltd. Class H",2865,China,HKEX,HKD,TRADINGVIEW_SCREENER,Producer Manufacturing,Electrical Products,POWER_EQUIPMENT,1698291503.3084002,UNDEFINED,,HKD,,TRUE,PRESENT,2026-08-18,2026-08-18,Broad industry; power-equipment relevance can be overridden.
"Hainan Drinda New Energy Technology Co., Ltd. Class A",002865,China,SZSE,CNY,TRADINGVIEW_SCREENER,Producer Manufacturing,Electrical Products,POWER_EQUIPMENT,1698291503.3084,UNDEFINED,,CNY,,TRUE,PRESENT,2026-08-18,2026-08-18,Broad industry; power-equipment relevance can be overridden.
"Shenzhen Mason Technologies Co., Ltd. Class A",002654,China,SZSE,CNY,TRADINGVIEW_SCREENER,Producer Manufacturing,Electrical Products,POWER_EQUIPMENT,1694748691.8847098,UNDEFINED,,CNY,,TRUE,PRESENT,2026-08-18,2026-08-18,Broad industry; power-equipment relevance can be overridden.
"Amprius Technologies, Inc.",AMPX,United States,NYSE,USD,TRADINGVIEW_SCREENER,Producer Manufacturing,Electrical Products,POWER_EQUIPMENT,1691613696.9736211,UNDEFINED,,USD,,TRUE,PRESENT,2026-08-18,2026-08-18,Broad industry; power-equipment relevance can be overridden.
Jiangsu Cai Qin Technology Co. Ltd. Class A,688182,China,SSE,CNY,TRADINGVIEW_SCREENER,Producer Manufacturing,Electrical Products,POWER_EQUIPMENT,1686402245.19795,UNDEFINED,,CNY,,TRUE,PRESENT,2026-08-18,2026-08-18,Broad industry; power-equipment relevance can be overridden.
Inox Wind Ltd.,INOXWIND,India,BSE,INR,TRADINGVIEW_SCREENER,Producer Manufacturing,Electrical Products,POWER_EQUIPMENT,1674564629.8707361,UNDEFINED,,INR,,TRUE,PRESENT,2026-08-18,2026-08-18,Broad industry; power-equipment relevance can be overridden.
"Vanchip (Tianjin) Technology Co., Ltd. Class A",688153,China,SSE,CNY,TRADINGVIEW_SCREENER,Producer Manufacturing,Electrical Products,POWER_EQUIPMENT,1668798947.8931398,UNDEFINED,,CNY,,TRUE,PRESENT,2026-08-18,2026-08-18,Broad industry; power-equipment relevance can be overridden.
POET Technologies Inc.,A3DWD8,Canada,LSX,EUR,TRADINGVIEW_SCREENER,Producer Manufacturing,Electrical Products,POWER_EQUIPMENT,1653412152,UNDEFINED,,EUR,,TRUE,PRESENT,2026-08-18,2026-08-18,Broad industry; power-equipment relevance can be overridden.
"Eaglerise Electric & Electronic (China) Co., Ltd. Class A",002922,China,SZSE,CNY,TRADINGVIEW_SCREENER,Producer Manufacturing,Electrical Products,POWER_EQUIPMENT,1645903611.86146,UNDEFINED,,CNY,,TRUE,PRESENT,2026-08-18,2026-08-18,Broad industry; power-equipment relevance can be overridden.
"Beijing Victory Electric Co.,Ltd. Class A",001393,China,SZSE,CNY,TRADINGVIEW_SCREENER,Producer Manufacturing,Electrical Products,POWER_EQUIPMENT,1644956436.80452,UNDEFINED,,CNY,,TRUE,PRESENT,2026-08-18,2026-08-18,Broad industry; power-equipment relevance can be overridden.
"Guodian Nanjing Automation Co., Ltd. Class A",600268,China,SSE,CNY,TRADINGVIEW_SCREENER,Producer Manufacturing,Electrical Products,POWER_EQUIPMENT,1631417731.5708299,UNDEFINED,,CNY,,TRUE,PRESENT,2026-08-18,2026-08-18,Broad industry; power-equipment relevance can be overridden.
"Pylon Technologies Co., Ltd. Class A",688063,China,SSE,CNY,TRADINGVIEW_SCREENER,Producer Manufacturing,Electrical Products,POWER_EQUIPMENT,1630736422.5628,UNDEFINED,,CNY,,TRUE,PRESENT,2026-08-18,2026-08-18,Broad industry; power-equipment relevance can be overridden.
"East Group Co., Ltd. Class A",300376,China,SZSE,CNY,TRADINGVIEW_SCREENER,Producer Manufacturing,Electrical Products,POWER_EQUIPMENT,1629067191.8790498,UNDEFINED,,CNY,,TRUE,PRESENT,2026-08-18,2026-08-18,Broad industry; power-equipment relevance can be overridden.
"Hengdian Group Tospo Lighting Co., Ltd. Class A",603303,China,SSE,CNY,TRADINGVIEW_SCREENER,Producer Manufacturing,Electrical Products,POWER_EQUIPMENT,1620656027.0627298,UNDEFINED,,CNY,,TRUE,PRESENT,2026-08-18,2026-08-18,Broad industry; power-equipment relevance can be overridden.
"Sinofibers Technology Co., Ltd. Class A",300777,China,SZSE,CNY,TRADINGVIEW_SCREENER,Producer Manufacturing,Electrical Products,POWER_EQUIPMENT,1578833005.02543,UNDEFINED,,CNY,,TRUE,PRESENT,2026-08-18,2026-08-18,Broad industry; power-equipment relevance can be overridden.
American Superconductor Corporation,AMSC,United States,NASDAQ,USD,TRADINGVIEW_SCREENER,Producer Manufacturing,Electrical Products,POWER_EQUIPMENT,1556446164.75,UNDEFINED,,USD,,TRUE,PRESENT,2026-08-18,2026-08-18,Broad industry; power-equipment relevance can be overridden.
"Guangzhou Zhiguang Electric Co., Ltd. Class A",002169,China,SZSE,CNY,TRADINGVIEW_SCREENER,Producer Manufacturing,Electrical Products,POWER_EQUIPMENT,1546433058.7737498,UNDEFINED,,CNY,,TRUE,PRESENT,2026-08-18,2026-08-18,Broad industry; power-equipment relevance can be overridden.
"Hubei Wanrun New Energy Technology Co., Ltd. Class A",688275,China,SSE,CNY,TRADINGVIEW_SCREENER,Producer Manufacturing,Electrical Products,POWER_EQUIPMENT,1524300429.5533,UNDEFINED,,CNY,,TRUE,PRESENT,2026-08-18,2026-08-18,Broad industry; power-equipment relevance can be overridden.
"Suzhou Anjie Technology Co., Ltd. Class A",002635,China,SZSE,CNY,TRADINGVIEW_SCREENER,Producer Manufacturing,Electrical Products,POWER_EQUIPMENT,1523748572.2161498,UNDEFINED,,CNY,,TRUE,PRESENT,2026-08-18,2026-08-18,Broad industry; power-equipment relevance can be overridden.
"Shenzhen Senior Technology Material Co., Ltd. Class H",6067,China,HKEX,HKD,TRADINGVIEW_SCREENER,Producer Manufacturing,Electrical Products,POWER_EQUIPMENT,1522348985.93232,UNDEFINED,,HKD,,TRUE,PRESENT,2026-08-18,2026-08-18,Broad industry; power-equipment relevance can be overridden.
T1 Energy Inc.,T2T,United States,FWB,EUR,TRADINGVIEW_SCREENER,Producer Manufacturing,Electrical Products,POWER_EQUIPMENT,1505033362,UNDEFINED,,EUR,,TRUE,PRESENT,2026-08-18,2026-08-18,Broad industry; power-equipment relevance can be overridden.
Al-Babtain Power & Telecommunication Co.,2320,Saudi Arabia,TADAWUL,SAR,TRADINGVIEW_SCREENER,Producer Manufacturing,Electrical Products,POWER_EQUIPMENT,1501096776.7152,UNDEFINED,,SAR,,TRUE,PRESENT,2026-08-18,2026-08-18,Broad industry; power-equipment relevance can be overridden.
"Shandong Sacred Sun Power Sources Co., Ltd. Class A",002580,China,SZSE,CNY,TRADINGVIEW_SCREENER,Producer Manufacturing,Electrical Products,POWER_EQUIPMENT,1498527120.2793498,UNDEFINED,,CNY,,TRUE,PRESENT,2026-08-18,2026-08-18,Broad industry; power-equipment relevance can be overridden.
"Zhejiang Wanma Co., Ltd. Class A",002276,China,SZSE,CNY,TRADINGVIEW_SCREENER,Producer Manufacturing,Electrical Products,POWER_EQUIPMENT,1495513151.5921798,UNDEFINED,,CNY,,TRUE,PRESENT,2026-08-18,2026-08-18,Broad industry; power-equipment relevance can be overridden.
V-Guard Industries Limited,VGUARD,India,BSE,INR,TRADINGVIEW_SCREENER,Producer Manufacturing,Electrical Products,POWER_EQUIPMENT,1495288864.03918,UNDEFINED,,INR,,TRUE,PRESENT,2026-08-18,2026-08-18,Broad industry; power-equipment relevance can be overridden.
"Eos Energy Enterprises, Inc. Class A",F9Q,United States,GETTEX,EUR,TRADINGVIEW_SCREENER,Producer Manufacturing,Electrical Products,POWER_EQUIPMENT,1463954369,UNDEFINED,,EUR,,TRUE,PRESENT,2026-08-18,2026-08-18,Broad industry; power-equipment relevance can be overridden.
"Taihan Fiberoptics Co., Ltd",010170,South Korea,KRX,KRW,TRADINGVIEW_SCREENER,Producer Manufacturing,Electrical Products,POWER_EQUIPMENT,1459347947.874882,UNDEFINED,,KRW,,TRUE,PRESENT,2026-08-18,2026-08-18,Broad industry; power-equipment relevance can be overridden.
"Shanghai Zhezhong Group Co., Ltd. Class A",002346,China,SZSE,CNY,TRADINGVIEW_SCREENER,Producer Manufacturing,Electrical Products,POWER_EQUIPMENT,1455507715.7668598,UNDEFINED,,CNY,,TRUE,PRESENT,2026-08-18,2026-08-18,Broad industry; power-equipment relevance can be overridden.
"Jiangsu Zhongli Group Co., Ltd. Class A",002309,China,SZSE,CNY,TRADINGVIEW_SCREENER,Producer Manufacturing,Electrical Products,POWER_EQUIPMENT,1453001255.15097,UNDEFINED,,CNY,,TRUE,PRESENT,2026-08-18,2026-08-18,Broad industry; power-equipment relevance can be overridden.
"Eos Energy Enterprises, Inc.",EOSE,United States,NASDAQ,USD,TRADINGVIEW_SCREENER,Producer Manufacturing,Electrical Products,POWER_EQUIPMENT,1431179271.1865673,UNDEFINED,,USD,,TRUE,PRESENT,2026-08-18,2026-08-18,Broad industry; power-equipment relevance can be overridden.
"Harbin Electric Corp. Jiamusi Electric Machine Co., Ltd. Class A",000922,China,SZSE,CNY,TRADINGVIEW_SCREENER,Producer Manufacturing,Electrical Products,POWER_EQUIPMENT,1428754167.28317,UNDEFINED,,CNY,,TRUE,PRESENT,2026-08-18,2026-08-18,Broad industry; power-equipment relevance can be overridden.
"Hoymiles Power Electronics, Inc. Class A",688032,China,SSE,CNY,TRADINGVIEW_SCREENER,Producer Manufacturing,Electrical Products,POWER_EQUIPMENT,1420976043.4726498,UNDEFINED,,CNY,,TRUE,PRESENT,2026-08-18,2026-08-18,Broad industry; power-equipment relevance can be overridden.
"Shenzhen Desay Battery Technology Co., Ltd. Class A",000049,China,SZSE,CNY,TRADINGVIEW_SCREENER,Producer Manufacturing,Electrical Products,POWER_EQUIPMENT,1402777354.1652498,UNDEFINED,,CNY,,TRUE,PRESENT,2026-08-18,2026-08-18,Broad industry; power-equipment relevance can be overridden.
"Sanyo Denki Co., Ltd.",6516,Japan,TSE,JPY,TRADINGVIEW_SCREENER,Producer Manufacturing,Electrical Products,POWER_EQUIPMENT,1402063502.361725,UNDEFINED,,JPY,,TRUE,PRESENT,2026-08-18,2026-08-18,Broad industry; power-equipment relevance can be overridden.
"Windey Energy Technology Group Co., Ltd Class A",300772,China,SZSE,CNY,TRADINGVIEW_SCREENER,Producer Manufacturing,Electrical Products,POWER_EQUIPMENT,1392256316.73751,UNDEFINED,,CNY,,TRUE,PRESENT,2026-08-18,2026-08-18,Broad industry; power-equipment relevance can be overridden.
CS Wind Corp.,112610,South Korea,KRX,KRW,TRADINGVIEW_SCREENER,Producer Manufacturing,Electrical Products,POWER_EQUIPMENT,1386961709.995836,UNDEFINED,,KRW,,TRUE,PRESENT,2026-08-18,2026-08-18,Broad industry; power-equipment relevance can be overridden.
"Hunan Valin Wire & Cable Co., Ltd. Class A",001208,China,SZSE,CNY,TRADINGVIEW_SCREENER,Producer Manufacturing,Electrical Products,POWER_EQUIPMENT,1384385320.92028,UNDEFINED,,CNY,,TRUE,PRESENT,2026-08-18,2026-08-18,Broad industry; power-equipment relevance can be overridden.
Volex Group Plc.,VLXGF,United Kingdom,OTC,USD,TRADINGVIEW_SCREENER,Producer Manufacturing,Electrical Products,POWER_EQUIPMENT,1378945042.7283394,UNDEFINED,,USD,,TRUE,PRESENT,2026-08-18,2026-08-18,Broad industry; power-equipment relevance can be overridden.
Emerald Horizon AG,A42CXA,Austria,LS,EUR,TRADINGVIEW_SCREENER,Producer Manufacturing,Electrical Products,POWER_EQUIPMENT,1365302534.9535,UNDEFINED,,EUR,,TRUE,PRESENT,2026-08-18,2026-08-18,Broad industry; power-equipment relevance can be overridden.
Volex plc,VLX,United Kingdom,LSE,GBX,TRADINGVIEW_SCREENER,Producer Manufacturing,Electrical Products,POWER_EQUIPMENT,1360901651.241,UNDEFINED,,GBX,,TRUE,PRESENT,2026-08-18,2026-08-18,Broad industry; power-equipment relevance can be overridden.
Atlanta Electricals Limited,ATLANTAELE,India,BSE,INR,TRADINGVIEW_SCREENER,Producer Manufacturing,Electrical Products,POWER_EQUIPMENT,1351365900.0484262,UNDEFINED,,INR,,TRUE,PRESENT,2026-08-18,2026-08-18,Broad industry; power-equipment relevance can be overridden.
"Camel Group Co., Ltd. Class A",601311,China,SSE,CNY,TRADINGVIEW_SCREENER,Producer Manufacturing,Electrical Products,POWER_EQUIPMENT,1331540462.8344,UNDEFINED,,CNY,,TRUE,PRESENT,2026-08-18,2026-08-18,Broad industry; power-equipment relevance can be overridden.
Jiangsu New Vision Automotive Electronics Co. Ltd. Class H,2632,China,HKEX,HKD,TRADINGVIEW_SCREENER,Producer Manufacturing,Electrical Products,POWER_EQUIPMENT,1325243037.4456,UNDEFINED,,HKD,,TRUE,PRESENT,2026-08-18,2026-08-18,Broad industry; power-equipment relevance can be overridden.
Europower Enerji ve Otomasyon Teknolojileri Sanayi Ticaret AS,EUPWR,Turkey,BIST,TRY,TRADINGVIEW_SCREENER,Producer Manufacturing,Electrical Products,POWER_EQUIPMENT,1314474438.73314,UNDEFINED,,TRY,,TRUE,PRESENT,2026-08-18,2026-08-18,Broad industry; power-equipment relevance can be overridden.
JIANGSU XIHUA NEW ENGY TECH CO LTD,603248,China,SSE,CNY,TRADINGVIEW_SCREENER,Producer Manufacturing,Electrical Products,POWER_EQUIPMENT,1285637216.31107,UNDEFINED,,CNY,,TRUE,PRESENT,2026-08-18,2026-08-18,Broad industry; power-equipment relevance can be overridden.
"PowerX, Inc.",485A,Japan,TSE,JPY,TRADINGVIEW_SCREENER,Producer Manufacturing,Electrical Products,POWER_EQUIPMENT,1284790282.9111001,UNDEFINED,,JPY,,TRUE,PRESENT,2026-08-18,2026-08-18,Broad industry; power-equipment relevance can be overridden.
"Beijing SOJO Electric Co., Ltd. Class A",300444,China,SZSE,CNY,TRADINGVIEW_SCREENER,Producer Manufacturing,Electrical Products,POWER_EQUIPMENT,1272255023.2795897,UNDEFINED,,CNY,,TRUE,PRESENT,2026-08-18,2026-08-18,Broad industry; power-equipment relevance can be overridden.
LOTTE ENERGY MATERIALS CORPORATION,020150,South Korea,KRX,KRW,TRADINGVIEW_SCREENER,Producer Manufacturing,Electrical Products,POWER_EQUIPMENT,1266401126.856996,UNDEFINED,,KRW,,TRUE,PRESENT,2026-08-18,2026-08-18,Broad industry; power-equipment relevance can be overridden.
Taiwan Puritic Corp.,6826,Taiwan,TPEX,TWD,TRADINGVIEW_SCREENER,Producer Manufacturing,Electrical Products,POWER_EQUIPMENT,1266084268.427762,UNDEFINED,,TWD,,TRUE,PRESENT,2026-08-18,2026-08-18,Broad industry; power-equipment relevance can be overridden.
"Shenzhen Uniconn Technology Co., Ltd. Class A",301631,China,SZSE,CNY,TRADINGVIEW_SCREENER,Producer Manufacturing,Electrical Products,POWER_EQUIPMENT,1261200224.14379,UNDEFINED,,CNY,,TRUE,PRESENT,2026-08-18,2026-08-18,Broad industry; power-equipment relevance can be overridden.
"Baosheng Science & Technology Innovation Co., Ltd. Class A",600973,China,SSE,CNY,TRADINGVIEW_SCREENER,Producer Manufacturing,Electrical Products,POWER_EQUIPMENT,1257948888.5675597,UNDEFINED,,CNY,,TRUE,PRESENT,2026-08-18,2026-08-18,Broad industry; power-equipment relevance can be overridden.
Jiangsu Haili Wind Power Equipment Technology Co. Ltd. Class A,301155,China,SZSE,CNY,TRADINGVIEW_SCREENER,Producer Manufacturing,Electrical Products,POWER_EQUIPMENT,1248697011.3541,UNDEFINED,,CNY,,TRUE,PRESENT,2026-08-18,2026-08-18,Broad industry; power-equipment relevance can be overridden.
"Beijing Creative Group Co., Ltd. Class A",002350,China,SZSE,CNY,TRADINGVIEW_SCREENER,Producer Manufacturing,Electrical Products,POWER_EQUIPMENT,1226699035.12534,UNDEFINED,,CNY,,TRUE,PRESENT,2026-08-18,2026-08-18,Broad industry; power-equipment relevance can be overridden.
"Shanghai QiFan Cable Co., Ltd. Class A",605222,China,SSE,CNY,TRADINGVIEW_SCREENER,Producer Manufacturing,Electrical Products,POWER_EQUIPMENT,1220716582.4486501,UNDEFINED,,CNY,,TRUE,PRESENT,2026-08-18,2026-08-18,Broad industry; power-equipment relevance can be overridden.
"Sunstone Development Co., Ltd. Class A",603612,China,SSE,CNY,TRADINGVIEW_SCREENER,Producer Manufacturing,Electrical Products,POWER_EQUIPMENT,1220683650.62952,UNDEFINED,,CNY,,TRUE,PRESENT,2026-08-18,2026-08-18,Broad industry; power-equipment relevance can be overridden.
"Goldcup Electric Apparatus Co., Ltd. Class A",002533,China,SZSE,CNY,TRADINGVIEW_SCREENER,Producer Manufacturing,Electrical Products,POWER_EQUIPMENT,1219872246.2132497,UNDEFINED,,CNY,,TRUE,PRESENT,2026-08-18,2026-08-18,Broad industry; power-equipment relevance can be overridden.
"CSG Smart Science&Technology Co., Ltd. Class A",300222,China,SZSE,CNY,TRADINGVIEW_SCREENER,Producer Manufacturing,Electrical Products,POWER_EQUIPMENT,1218291557.86898,UNDEFINED,,CNY,,TRUE,PRESENT,2026-08-18,2026-08-18,Broad industry; power-equipment relevance can be overridden.
"Ongoal Technology Co., Ltd. Class A",301662,China,SZSE,CNY,TRADINGVIEW_SCREENER,Producer Manufacturing,Electrical Products,POWER_EQUIPMENT,1206912694.02557,UNDEFINED,,CNY,,TRUE,PRESENT,2026-08-18,2026-08-18,Broad industry; power-equipment relevance can be overridden.
Ficont Industry(Beijing) Co. Ltd. Class A,605305,China,SSE,CNY,TRADINGVIEW_SCREENER,Producer Manufacturing,Electrical Products,POWER_EQUIPMENT,1198006660.85583,UNDEFINED,,CNY,,TRUE,PRESENT,2026-08-18,2026-08-18,Broad industry; power-equipment relevance can be overridden.
"Guangdong Shunna Electric Co., Ltd. Class A",000533,China,SZSE,CNY,TRADINGVIEW_SCREENER,Producer Manufacturing,Electrical Products,POWER_EQUIPMENT,1185467982.9389598,UNDEFINED,,CNY,,TRUE,PRESENT,2026-08-18,2026-08-18,Broad industry; power-equipment relevance can be overridden.
"Xiangtan Electrochemical Scientific Co., Ltd. Class A",002125,China,SZSE,CNY,TRADINGVIEW_SCREENER,Producer Manufacturing,Electrical Products,POWER_EQUIPMENT,1179172951.61337,UNDEFINED,,CNY,,TRUE,PRESENT,2026-08-18,2026-08-18,Broad industry; power-equipment relevance can be overridden.
"Wuxi Xinhongye Wire & Cable Co., Ltd. Class A",301310,China,SZSE,CNY,TRADINGVIEW_SCREENER,Producer Manufacturing,Electrical Products,POWER_EQUIPMENT,1176456942.92798,UNDEFINED,,CNY,,TRUE,PRESENT,2026-08-18,2026-08-18,Broad industry; power-equipment relevance can be overridden.
"Jiangsu Zhongchao Holding Co., Ltd. Class A",002471,China,SZSE,CNY,TRADINGVIEW_SCREENER,Producer Manufacturing,Electrical Products,POWER_EQUIPMENT,1164281726.77117,UNDEFINED,,CNY,,TRUE,PRESENT,2026-08-18,2026-08-18,Broad industry; power-equipment relevance can be overridden.
Mersen,CBLNF,France,OTC,USD,TRADINGVIEW_SCREENER,Producer Manufacturing,Electrical Products,POWER_EQUIPMENT,1161500853.5505865,UNDEFINED,,USD,,TRUE,PRESENT,2026-08-18,2026-08-18,Broad industry; power-equipment relevance can be overridden.
Gulf Cables and Electrical Industries Group Co.(K.S.C.P),CABLE,Kuwait,KSE,KWF,TRADINGVIEW_SCREENER,Producer Manufacturing,Electrical Products,POWER_EQUIPMENT,1156423201.4742,UNDEFINED,,KWF,,TRUE,PRESENT,2026-08-18,2026-08-18,Broad industry; power-equipment relevance can be overridden.
Longwell Company,6290,Taiwan,TPEX,TWD,TRADINGVIEW_SCREENER,Producer Manufacturing,Electrical Products,POWER_EQUIPMENT,1155262181.696375,UNDEFINED,,TWD,,TRUE,PRESENT,2026-08-18,2026-08-18,Broad industry; power-equipment relevance can be overridden.
Mersen SA,CBE,France,GETTEX,EUR,TRADINGVIEW_SCREENER,Producer Manufacturing,Electrical Products,POWER_EQUIPMENT,1153069921.6155,UNDEFINED,,EUR,,TRUE,PRESENT,2026-08-18,2026-08-18,Broad industry; power-equipment relevance can be overridden.
KBC Corp. Ltd. Class A,688598,China,SSE,CNY,TRADINGVIEW_SCREENER,Producer Manufacturing,Electrical Products,POWER_EQUIPMENT,1138744780.39903,UNDEFINED,,CNY,,TRUE,PRESENT,2026-08-18,2026-08-18,Broad industry; power-equipment relevance can be overridden.
"Beijing Jingwei Hirain Technologies Co., Inc. Class A",688326,China,SSE,CNY,TRADINGVIEW_SCREENER,Producer Manufacturing,Electrical Products,POWER_EQUIPMENT,1111883434.0636399,UNDEFINED,,CNY,,TRUE,PRESENT,2026-08-18,2026-08-18,Broad industry; power-equipment relevance can be overridden.
"Topsec Technologies Group, Inc. Class A",002212,China,SZSE,CNY,TRADINGVIEW_SCREENER,Producer Manufacturing,Electrical Products,POWER_EQUIPMENT,1107030326.55908,UNDEFINED,,CNY,,TRUE,PRESENT,2026-08-18,2026-08-18,Broad industry; power-equipment relevance can be overridden.
Changshu Fengfan Power Equipment Co Ltd Class A,601700,China,SSE,CNY,TRADINGVIEW_SCREENER,Producer Manufacturing,Electrical Products,POWER_EQUIPMENT,1107015929.75239,UNDEFINED,,CNY,,TRUE,PRESENT,2026-08-18,2026-08-18,Broad industry; power-equipment relevance can be overridden.
"Shenzhen Center Power Tech. Co., Ltd. Class A",002733,China,SZSE,CNY,TRADINGVIEW_SCREENER,Producer Manufacturing,Electrical Products,POWER_EQUIPMENT,1101069614.6891,UNDEFINED,,CNY,,TRUE,PRESENT,2026-08-18,2026-08-18,Broad industry; power-equipment relevance can be overridden.
Elco Ltd.,ELCO,Israel,TASE,ILA,TRADINGVIEW_SCREENER,Producer Manufacturing,Electrical Products,POWER_EQUIPMENT,1084357135.16901,UNDEFINED,,ILA,,TRUE,PRESENT,2026-08-18,2026-08-18,Broad industry; power-equipment relevance can be overridden.
NITTO KOGYO Corporation,6651,Japan,TSE,JPY,TRADINGVIEW_SCREENER,Producer Manufacturing,Electrical Products,POWER_EQUIPMENT,1081802602.9170501,UNDEFINED,,JPY,,TRUE,PRESENT,2026-08-18,2026-08-18,Broad industry; power-equipment relevance can be overridden.
Shenzhen Minkave Technology Co. Ltd. Class A,300506,China,SZSE,CNY,TRADINGVIEW_SCREENER,Producer Manufacturing,Electrical Products,POWER_EQUIPMENT,1079534397.00456,UNDEFINED,,CNY,,TRUE,PRESENT,2026-08-18,2026-08-18,Broad industry; power-equipment relevance can be overridden.
"Kunshan GuoLi Electronic Technology Co., Ltd. Class A",688103,China,SSE,CNY,TRADINGVIEW_SCREENER,Producer Manufacturing,Electrical Products,POWER_EQUIPMENT,1076451966.46386,UNDEFINED,,CNY,,TRUE,PRESENT,2026-08-18,2026-08-18,Broad industry; power-equipment relevance can be overridden.
Voltamp Transformers Limited,VOLTAMP,India,BSE,INR,TRADINGVIEW_SCREENER,Producer Manufacturing,Electrical Products,POWER_EQUIPMENT,1073411030.0440961,UNDEFINED,,INR,,TRUE,PRESENT,2026-08-18,2026-08-18,Broad industry; power-equipment relevance can be overridden.
Shijiazhuang Kelin Electric Co. Ltd. Class A,603050,China,SSE,CNY,TRADINGVIEW_SCREENER,Producer Manufacturing,Electrical Products,POWER_EQUIPMENT,1072235615.8293499,UNDEFINED,,CNY,,TRUE,PRESENT,2026-08-18,2026-08-18,Broad industry; power-equipment relevance can be overridden.
"Shanghai Cooltech Power Co., Ltd. Class A",300153,China,SZSE,CNY,TRADINGVIEW_SCREENER,Producer Manufacturing,Electrical Products,POWER_EQUIPMENT,1063648558.52262,UNDEFINED,,CNY,,TRUE,PRESENT,2026-08-18,2026-08-18,Broad industry; power-equipment relevance can be overridden.
"Tellhow Sci-Tech Co., Ltd. Class A",600590,China,SSE,CNY,TRADINGVIEW_SCREENER,Producer Manufacturing,Electrical Products,POWER_EQUIPMENT,1053791126.5845599,UNDEFINED,,CNY,,TRUE,PRESENT,2026-08-18,2026-08-18,Broad industry; power-equipment relevance can be overridden.
Changgao Electric Group Co. Ltd. Class A,002452,China,SZSE,CNY,TRADINGVIEW_SCREENER,Producer Manufacturing,Electrical Products,POWER_EQUIPMENT,1052564278.4682199,UNDEFINED,,CNY,,TRUE,PRESENT,2026-08-18,2026-08-18,Broad industry; power-equipment relevance can be overridden.
discoverIE Group PLC,9A5,United Kingdom,GETTEX,EUR,TRADINGVIEW_SCREENER,Producer Manufacturing,Electrical Products,POWER_EQUIPMENT,1052120072.421,UNDEFINED,,EUR,,TRUE,PRESENT,2026-08-18,2026-08-18,Broad industry; power-equipment relevance can be overridden.
Nano Nuclear Energy Inc.,NNE,United States,NASDAQ,USD,TRADINGVIEW_SCREENER,Producer Manufacturing,Electrical Products,POWER_EQUIPMENT,1051946613.0198371,UNDEFINED,,USD,,TRUE,PRESENT,2026-08-18,2026-08-18,Broad industry; power-equipment relevance can be overridden.
"Keli Motor Group Co., Ltd. Class A",002892,China,SZSE,CNY,TRADINGVIEW_SCREENER,Producer Manufacturing,Electrical Products,POWER_EQUIPMENT,1039434083.8654499,UNDEFINED,,CNY,,TRUE,PRESENT,2026-08-18,2026-08-18,Broad industry; power-equipment relevance can be overridden.
"Guangdong Xinyaguang Cable Co., Ltd. Class A",001382,China,SZSE,CNY,TRADINGVIEW_SCREENER,Producer Manufacturing,Electrical Products,POWER_EQUIPMENT,1030196830.33757,UNDEFINED,,CNY,,TRUE,PRESENT,2026-08-18,2026-08-18,Broad industry; power-equipment relevance can be overridden.
LS Eco Energy Ltd.,229640,South Korea,KRX,KRW,TRADINGVIEW_SCREENER,Producer Manufacturing,Electrical Products,POWER_EQUIPMENT,1028304977.6736361,UNDEFINED,,KRW,,TRUE,PRESENT,2026-08-18,2026-08-18,Broad industry; power-equipment relevance can be overridden.
Leedarson IoT Technology Inc. Class A,605365,China,SSE,CNY,TRADINGVIEW_SCREENER,Producer Manufacturing,Electrical Products,POWER_EQUIPMENT,1025883444.8910599,UNDEFINED,,CNY,,TRUE,PRESENT,2026-08-18,2026-08-18,Broad industry; power-equipment relevance can be overridden.
ITM Power PLC,ITM,United Kingdom,LSE,GBX,TRADINGVIEW_SCREENER,Producer Manufacturing,Electrical Products,POWER_EQUIPMENT,1022470671.255,UNDEFINED,,GBX,,TRUE,PRESENT,2026-08-18,2026-08-18,Broad industry; power-equipment relevance can be overridden.
"Daejoo Electronic Materials Co., Ltd.",078600,South Korea,KRX,KRW,TRADINGVIEW_SCREENER,Producer Manufacturing,Electrical Products,POWER_EQUIPMENT,1020796683.78987,UNDEFINED,,KRW,,TRUE,PRESENT,2026-08-18,2026-08-18,Broad industry; power-equipment relevance can be overridden.
Elecon Engineering Co. Ltd.,ELECON,India,NSE,INR,TRADINGVIEW_SCREENER,Producer Manufacturing,Electrical Products,POWER_EQUIPMENT,1016532817.8664621,UNDEFINED,,INR,,TRUE,PRESENT,2026-08-18,2026-08-18,Broad industry; power-equipment relevance can be overridden.
"Jiangsu Tongguang Electronic Wire and Cable Co., Ltd. Class A",300265,China,SZSE,CNY,TRADINGVIEW_SCREENER,Producer Manufacturing,Electrical Products,POWER_EQUIPMENT,1014421788.92474,UNDEFINED,,CNY,,TRUE,PRESENT,2026-08-18,2026-08-18,Broad industry; power-equipment relevance can be overridden.
Quality Power Electrical Equipments Ltd.,QPOWER,India,BSE,INR,TRADINGVIEW_SCREENER,Producer Manufacturing,Electrical Products,POWER_EQUIPMENT,1014342446.491842,UNDEFINED,,INR,,TRUE,PRESENT,2026-08-18,2026-08-18,Broad industry; power-equipment relevance can be overridden.
Jolywood (Suzhou) Sunwatt Co Ltd Class A,300393,China,SZSE,CNY,TRADINGVIEW_SCREENER,Producer Manufacturing,Electrical Products,POWER_EQUIPMENT,1009199202.8497399,UNDEFINED,,CNY,,TRUE,PRESENT,2026-08-18,2026-08-18,Broad industry; power-equipment relevance can be overridden.
"Motic (Xiamen) Electric Group Co., Ltd. Class A",300341,China,SZSE,CNY,TRADINGVIEW_SCREENER,Producer Manufacturing,Electrical Products,POWER_EQUIPMENT,1005976492.2466699,UNDEFINED,,CNY,,TRUE,PRESENT,2026-08-18,2026-08-18,Broad industry; power-equipment relevance can be overridden.
Esab India Limited,ESABINDIA,India,BSE,INR,TRADINGVIEW_SCREENER,Producer Manufacturing,Electrical Products,POWER_EQUIPMENT,1005110094.9706141,UNDEFINED,,INR,,TRUE,PRESENT,2026-08-18,2026-08-18,Broad industry; power-equipment relevance can be overridden.
Henan Carve Electronics Technology Co. Ltd. Class A,301182,China,SZSE,CNY,TRADINGVIEW_SCREENER,Producer Manufacturing,Electrical Products,POWER_EQUIPMENT,998673217.3578999,UNDEFINED,,CNY,,TRUE,PRESENT,2026-08-18,2026-08-18,Broad industry; power-equipment relevance can be overridden.
"VITZROCELL Co., Ltd.",082920,South Korea,KRX,KRW,TRADINGVIEW_SCREENER,Producer Manufacturing,Electrical Products,POWER_EQUIPMENT,995495336.224272,UNDEFINED,,KRW,,TRUE,PRESENT,2026-08-18,2026-08-18,Broad industry; power-equipment relevance can be overridden.
"Zhuhai Enpower Electric Co., Ltd. Class A",300681,China,SZSE,CNY,TRADINGVIEW_SCREENER,Producer Manufacturing,Electrical Products,POWER_EQUIPMENT,995074323.4760299,UNDEFINED,,CNY,,TRUE,PRESENT,2026-08-18,2026-08-18,Broad industry; power-equipment relevance can be overridden.
"Guangzhou Baiyun Electric Equipment Co., Ltd. Class A",603861,China,SSE,CNY,TRADINGVIEW_SCREENER,Producer Manufacturing,Electrical Products,POWER_EQUIPMENT,983129104.5713899,UNDEFINED,,CNY,,TRUE,PRESENT,2026-08-18,2026-08-18,Broad industry; power-equipment relevance can be overridden.
"Zhejiang Grandwall Electric Science & Technology Co., Ltd. Class A",603897,China,SSE,CNY,TRADINGVIEW_SCREENER,Producer Manufacturing,Electrical Products,POWER_EQUIPMENT,978934529.4200499,UNDEFINED,,CNY,,TRUE,PRESENT,2026-08-18,2026-08-18,Broad industry; power-equipment relevance can be overridden.
"Jinlei Technology Co., Ltd. Class A",300443,China,SZSE,CNY,TRADINGVIEW_SCREENER,Producer Manufacturing,Electrical Products,POWER_EQUIPMENT,973958502.4598099,UNDEFINED,,CNY,,TRUE,PRESENT,2026-08-18,2026-08-18,Broad industry; power-equipment relevance can be overridden.
Enovix Corporation,6Q81,United States,GETTEX,EUR,TRADINGVIEW_SCREENER,Producer Manufacturing,Electrical Products,POWER_EQUIPMENT,963379027,UNDEFINED,,EUR,,TRUE,PRESENT,2026-08-18,2026-08-18,Broad industry; power-equipment relevance can be overridden.
CWB Automotive Electronics Co. Ltd. Class A,605005,China,SSE,CNY,TRADINGVIEW_SCREENER,Producer Manufacturing,Electrical Products,POWER_EQUIPMENT,947221563.7040799,UNDEFINED,,CNY,,TRUE,PRESENT,2026-08-18,2026-08-18,Broad industry; power-equipment relevance can be overridden.
"Shenzhen Bromake New Material Co., Ltd. Class A",301387,China,SZSE,CNY,TRADINGVIEW_SCREENER,Producer Manufacturing,Electrical Products,POWER_EQUIPMENT,938222311.4666499,UNDEFINED,,CNY,,TRUE,PRESENT,2026-08-18,2026-08-18,Broad industry; power-equipment relevance can be overridden.
Transformers and Rectifiers (India) Limited,TARIL,India,NSE,INR,TRADINGVIEW_SCREENER,Producer Manufacturing,Electrical Products,POWER_EQUIPMENT,936421633.7327521,UNDEFINED,,INR,,TRUE,PRESENT,2026-08-18,2026-08-18,Broad industry; power-equipment relevance can be overridden.
"Ta Ya Electric Wire & Cable Co., Ltd.",1609,Taiwan,TWSE,TWD,TRADINGVIEW_SCREENER,Producer Manufacturing,Electrical Products,POWER_EQUIPMENT,931714154.053028,UNDEFINED,,TWD,,TRUE,PRESENT,2026-08-18,2026-08-18,Broad industry; power-equipment relevance can be overridden.
"Hangzhou Weiguang Electronic Co., Ltd. Class A",002801,China,SZSE,CNY,TRADINGVIEW_SCREENER,Producer Manufacturing,Electrical Products,POWER_EQUIPMENT,930697720.5922899,UNDEFINED,,CNY,,TRUE,PRESENT,2026-08-18,2026-08-18,Broad industry; power-equipment relevance can be overridden.
"Dalian Insulator Group Co., Ltd. Class A",002606,China,SZSE,CNY,TRADINGVIEW_SCREENER,Producer Manufacturing,Electrical Products,POWER_EQUIPMENT,921555501.6077899,UNDEFINED,,CNY,,TRUE,PRESENT,2026-08-18,2026-08-18,Broad industry; power-equipment relevance can be overridden.
"Guoxia Technology Co., Ltd. Class H",2655,China,HKEX,HKD,TRADINGVIEW_SCREENER,Producer Manufacturing,Electrical Products,POWER_EQUIPMENT,904598728.2150002,UNDEFINED,,HKD,,TRUE,PRESENT,2026-08-18,2026-08-18,Broad industry; power-equipment relevance can be overridden.
ADS-TEC ENERGY PLC,ADSE,Ireland,NASDAQ,USD,TRADINGVIEW_SCREENER,Producer Manufacturing,Electrical Products,POWER_EQUIPMENT,901556730.5389221,UNDEFINED,,USD,,TRUE,PRESENT,2026-08-18,2026-08-18,Broad industry; power-equipment relevance can be overridden.
Huarui Electrical Appliance Co. Ltd. Class A,300626,China,SZSE,CNY,TRADINGVIEW_SCREENER,Producer Manufacturing,Electrical Products,POWER_EQUIPMENT,889584529.2477499,UNDEFINED,,CNY,,TRUE,PRESENT,2026-08-18,2026-08-18,Broad industry; power-equipment relevance can be overridden.
"Jiangsu Zhenjiang New Energy Equipment Co., Ltd. Class A",603507,China,SSE,CNY,TRADINGVIEW_SCREENER,Producer Manufacturing,Electrical Products,POWER_EQUIPMENT,889080189.7750499,UNDEFINED,,CNY,,TRUE,PRESENT,2026-08-18,2026-08-18,Broad industry; power-equipment relevance can be overridden.
"Xinya Electronic Co., Ltd. Class A",605277,China,SSE,CNY,TRADINGVIEW_SCREENER,Producer Manufacturing,Electrical Products,POWER_EQUIPMENT,886104995.14957,UNDEFINED,,CNY,,TRUE,PRESENT,2026-08-18,2026-08-18,Broad industry; power-equipment relevance can be overridden.
R&S Group Holding AG Pref Class A,B8D,Switzerland,GETTEX,EUR,TRADINGVIEW_SCREENER,Producer Manufacturing,Electrical Products,POWER_EQUIPMENT,879321720.3036001,UNDEFINED,,EUR,,TRUE,PRESENT,2026-08-18,2026-08-18,Broad industry; power-equipment relevance can be overridden.
ADS-TEC Energy Public Limited Company,A3DA9W,Ireland,LSX,EUR,TRADINGVIEW_SCREENER,Producer Manufacturing,Electrical Products,POWER_EQUIPMENT,878266515,UNDEFINED,,EUR,,TRUE,PRESENT,2026-08-18,2026-08-18,Broad industry; power-equipment relevance can be overridden.
"Guangdong Greenway Technology Co., Ltd. Class A",688345,China,SSE,CNY,TRADINGVIEW_SCREENER,Producer Manufacturing,Electrical Products,POWER_EQUIPMENT,876500650.9849099,UNDEFINED,,CNY,,TRUE,PRESENT,2026-08-18,2026-08-18,Broad industry; power-equipment relevance can be overridden.
Precision Wires India Limited,PRECWIRE,India,NSE,INR,TRADINGVIEW_SCREENER,Producer Manufacturing,Electrical Products,POWER_EQUIPMENT,875319108.7500061,UNDEFINED,,INR,,TRUE,PRESENT,2026-08-18,2026-08-18,Broad industry; power-equipment relevance can be overridden.
"Anhui Xinke New Materials Co., Ltd. Class A",600255,China,SSE,CNY,TRADINGVIEW_SCREENER,Producer Manufacturing,Electrical Products,POWER_EQUIPMENT,871240432.05941,UNDEFINED,,CNY,,TRUE,PRESENT,2026-08-18,2026-08-18,Broad industry; power-equipment relevance can be overridden.
"Lintes Technology Co., Ltd.",6715,Taiwan,TWSE,TWD,TRADINGVIEW_SCREENER,Producer Manufacturing,Electrical Products,POWER_EQUIPMENT,870184996.722345,UNDEFINED,,TWD,,TRUE,PRESENT,2026-08-18,2026-08-18,Broad industry; power-equipment relevance can be overridden.
"Allis Electric Co., Ltd.",1514,Taiwan,TWSE,TWD,TRADINGVIEW_SCREENER,Producer Manufacturing,Electrical Products,POWER_EQUIPMENT,869182156.713792,UNDEFINED,,TWD,,TRUE,PRESENT,2026-08-18,2026-08-18,Broad industry; power-equipment relevance can be overridden.
"Henan Hengxing Science & Technology Co., Ltd. Class A",002132,China,SZSE,CNY,TRADINGVIEW_SCREENER,Producer Manufacturing,Electrical Products,POWER_EQUIPMENT,866096292.5837599,UNDEFINED,,CNY,,TRUE,PRESENT,2026-08-18,2026-08-18,Broad industry; power-equipment relevance can be overridden.
"Shandong University Electric Power Technology Co., Ltd. Class A",301609,China,SZSE,CNY,TRADINGVIEW_SCREENER,Producer Manufacturing,Electrical Products,POWER_EQUIPMENT,848556425.6374099,UNDEFINED,,CNY,,TRUE,PRESENT,2026-08-18,2026-08-18,Broad industry; power-equipment relevance can be overridden.
"Hiconics Eco-energy Technology Co., Ltd. Class A",300048,China,SZSE,CNY,TRADINGVIEW_SCREENER,Producer Manufacturing,Electrical Products,POWER_EQUIPMENT,832319058.8397299,UNDEFINED,,CNY,,TRUE,PRESENT,2026-08-18,2026-08-18,Broad industry; power-equipment relevance can be overridden.
Daewon Cable Co Ltd Pfd Registered Shs Non-Voting,006345,South Korea,KRX,KRW,TRADINGVIEW_SCREENER,Producer Manufacturing,Electrical Products,POWER_EQUIPMENT,828601010.85411,UNDEFINED,,KRW,,TRUE,PRESENT,2026-08-18,2026-08-18,Broad industry; power-equipment relevance can be overridden.
"Daewon Cable Co., Ltd.",006340,South Korea,KRX,KRW,TRADINGVIEW_SCREENER,Producer Manufacturing,Electrical Products,POWER_EQUIPMENT,828601010.85411,UNDEFINED,,KRW,,TRUE,PRESENT,2026-08-18,2026-08-18,Broad industry; power-equipment relevance can be overridden.
"Suzhou Huazhijie Telecom Co., Ltd. Class A",603400,China,SSE,CNY,TRADINGVIEW_SCREENER,Producer Manufacturing,Electrical Products,POWER_EQUIPMENT,826914515.1539999,UNDEFINED,,CNY,,TRUE,PRESENT,2026-08-18,2026-08-18,Broad industry; power-equipment relevance can be overridden.
"Sunway Co., Ltd. Class A",603333,China,SSE,CNY,TRADINGVIEW_SCREENER,Producer Manufacturing,Electrical Products,POWER_EQUIPMENT,822715607.51982,UNDEFINED,,CNY,,TRUE,PRESENT,2026-08-18,2026-08-18,Broad industry; power-equipment relevance can be overridden.
"Shijiazhuang Tonhe Electronics Technologies Co., Ltd. Class A",300491,China,SZSE,CNY,TRADINGVIEW_SCREENER,Producer Manufacturing,Electrical Products,POWER_EQUIPMENT,819867462.1089399,UNDEFINED,,CNY,,TRUE,PRESENT,2026-08-18,2026-08-18,Broad industry; power-equipment relevance can be overridden.
"Nanjing CIGU Technology Corp., Ltd. Class A",688448,China,SSE,CNY,TRADINGVIEW_SCREENER,Producer Manufacturing,Electrical Products,POWER_EQUIPMENT,817669401.0357599,UNDEFINED,,CNY,,TRUE,PRESENT,2026-08-18,2026-08-18,Broad industry; power-equipment relevance can be overridden.
Ballard Power Systems Inc.,0QY5,Canada,LSIN,CAD,TRADINGVIEW_SCREENER,Producer Manufacturing,Electrical Products,POWER_EQUIPMENT,812167499.9424001,UNDEFINED,,CAD,,TRUE,PRESENT,2026-08-18,2026-08-18,Broad industry; power-equipment relevance can be overridden.
"Shenzhen INVT Electric Co., Ltd. Class A",002334,China,SZSE,CNY,TRADINGVIEW_SCREENER,Producer Manufacturing,Electrical Products,POWER_EQUIPMENT,810169343.9050399,UNDEFINED,,CNY,,TRUE,PRESENT,2026-08-18,2026-08-18,Broad industry; power-equipment relevance can be overridden.
"Warom Technology, Inc. Co. Class A",603855,China,SSE,CNY,TRADINGVIEW_SCREENER,Producer Manufacturing,Electrical Products,POWER_EQUIPMENT,803261751.87622,UNDEFINED,,CNY,,TRUE,PRESENT,2026-08-18,2026-08-18,Broad industry; power-equipment relevance can be overridden.
Shanghai Zhongchen Electronic Technology Co. Ltd. Class A,603275,China,SSE,CNY,TRADINGVIEW_SCREENER,Producer Manufacturing,Electrical Products,POWER_EQUIPMENT,802573576.18816,UNDEFINED,,CNY,,TRUE,PRESENT,2026-08-18,2026-08-18,Broad industry; power-equipment relevance can be overridden.
Honbridge Holdings Limited,8137,Hong Kong,HKEX,HKD,TRADINGVIEW_SCREENER,Producer Manufacturing,Electrical Products,POWER_EQUIPMENT,800108136.7552,UNDEFINED,,HKD,,TRUE,PRESENT,2026-08-18,2026-08-18,Broad industry; power-equipment relevance can be overridden.
Southern Cable Group Bhd.,SCGBHD,Malaysia,MYX,MYR,TRADINGVIEW_SCREENER,Producer Manufacturing,Electrical Products,POWER_EQUIPMENT,795430399.4160999,UNDEFINED,,MYR,,TRUE,PRESENT,2026-08-18,2026-08-18,Broad industry; power-equipment relevance can be overridden.
Jensen-Group NV,A0LG0S,Belgium,LS,EUR,TRADINGVIEW_SCREENER,Producer Manufacturing,Electrical Products,POWER_EQUIPMENT,795304842.4755001,UNDEFINED,,EUR,,TRUE,PRESENT,2026-08-18,2026-08-18,Broad industry; power-equipment relevance can be overridden.
"Qingdao CHOHO Industrial Co., Ltd. Class A",003033,China,SZSE,CNY,TRADINGVIEW_SCREENER,Producer Manufacturing,Electrical Products,POWER_EQUIPMENT,789382982.0088099,UNDEFINED,,CNY,,TRUE,PRESENT,2026-08-18,2026-08-18,Broad industry; power-equipment relevance can be overridden.
"TAKAOKA TOKO CO., LTD.",6617,Japan,TSE,JPY,TRADINGVIEW_SCREENER,Producer Manufacturing,Electrical Products,POWER_EQUIPMENT,783048844.0853,UNDEFINED,,JPY,,TRUE,PRESENT,2026-08-18,2026-08-18,Broad industry; power-equipment relevance can be overridden.
"Shenzhen Highpower Technology Co., Ltd. Class A",001283,China,SZSE,CNY,TRADINGVIEW_SCREENER,Producer Manufacturing,Electrical Products,POWER_EQUIPMENT,781693681.2096299,UNDEFINED,,CNY,,TRUE,PRESENT,2026-08-18,2026-08-18,Broad industry; power-equipment relevance can be overridden.
Chongqing Wangbian Electric (Group) Corp. Ltd. Class A,603191,China,SSE,CNY,TRADINGVIEW_SCREENER,Producer Manufacturing,Electrical Products,POWER_EQUIPMENT,779123530.6063999,UNDEFINED,,CNY,,TRUE,PRESENT,2026-08-18,2026-08-18,Broad industry; power-equipment relevance can be overridden.
Array Technologies Inc,A2QFA4,United States,LS,EUR,TRADINGVIEW_SCREENER,Producer Manufacturing,Electrical Products,POWER_EQUIPMENT,777738866,UNDEFINED,,EUR,,TRUE,PRESENT,2026-08-18,2026-08-18,Broad industry; power-equipment relevance can be overridden.
"Fujian Nanping Sun Cable Co., Ltd. Class A",002300,China,SZSE,CNY,TRADINGVIEW_SCREENER,Producer Manufacturing,Electrical Products,POWER_EQUIPMENT,777129503.1564399,UNDEFINED,,CNY,,TRUE,PRESENT,2026-08-18,2026-08-18,Broad industry; power-equipment relevance can be overridden.
"Ocean's King Lighting Science & Technology Co., Ltd. Class A",002724,China,SZSE,CNY,TRADINGVIEW_SCREENER,Producer Manufacturing,Electrical Products,POWER_EQUIPMENT,775145752.09022,UNDEFINED,,CNY,,TRUE,PRESENT,2026-08-18,2026-08-18,Broad industry; power-equipment relevance can be overridden.
"Tianjin Jingwei Huikai Optoelectronic Co., Ltd. Class A",300120,China,SZSE,CNY,TRADINGVIEW_SCREENER,Producer Manufacturing,Electrical Products,POWER_EQUIPMENT,772868671.3669599,UNDEFINED,,CNY,,TRUE,PRESENT,2026-08-18,2026-08-18,Broad industry; power-equipment relevance can be overridden.
"Zhejiang Founder Motor Co., Ltd. Class A",002196,China,SZSE,CNY,TRADINGVIEW_SCREENER,Producer Manufacturing,Electrical Products,POWER_EQUIPMENT,768529573.47355,UNDEFINED,,CNY,,TRUE,PRESENT,2026-08-18,2026-08-18,Broad industry; power-equipment relevance can be overridden.
Doosan Skoda Power AS,A410GL,Czech Republic,LSX,EUR,TRADINGVIEW_SCREENER,Producer Manufacturing,Electrical Products,POWER_EQUIPMENT,764514816.681469,UNDEFINED,,EUR,,TRUE,PRESENT,2026-08-18,2026-08-18,Broad industry; power-equipment relevance can be overridden.
"SEC Electric Machinery Co., Ltd. Class A",603988,China,SSE,CNY,TRADINGVIEW_SCREENER,Producer Manufacturing,Electrical Products,POWER_EQUIPMENT,762611782.31784,UNDEFINED,,CNY,,TRUE,PRESENT,2026-08-18,2026-08-18,Broad industry; power-equipment relevance can be overridden.
"Jiangsu Yangdian Science & Technology Co., Ltd. Class A",301012,China,SZSE,CNY,TRADINGVIEW_SCREENER,Producer Manufacturing,Electrical Products,POWER_EQUIPMENT,761794439.92827,UNDEFINED,,CNY,,TRUE,PRESENT,2026-08-18,2026-08-18,Broad industry; power-equipment relevance can be overridden.
Jiangsu Tongling Electric Co. Ltd. Class A,301168,China,SZSE,CNY,TRADINGVIEW_SCREENER,Producer Manufacturing,Electrical Products,POWER_EQUIPMENT,751501098.21381,UNDEFINED,,CNY,,TRUE,PRESENT,2026-08-18,2026-08-18,Broad industry; power-equipment relevance can be overridden.
"Henan Senyuan Electric Co., Ltd. Class A",002358,China,SZSE,CNY,TRADINGVIEW_SCREENER,Producer Manufacturing,Electrical Products,POWER_EQUIPMENT,743387764.3257799,UNDEFINED,,CNY,,TRUE,PRESENT,2026-08-18,2026-08-18,Broad industry; power-equipment relevance can be overridden.
"CyberPower Systems, Inc.",3617,Taiwan,TWSE,TWD,TRADINGVIEW_SCREENER,Producer Manufacturing,Electrical Products,POWER_EQUIPMENT,739009307.4267219,UNDEFINED,,TWD,,TRUE,PRESENT,2026-08-18,2026-08-18,Broad industry; power-equipment relevance can be overridden.
Qingdao Tianneng Heavy Industries Co. Ltd. Class A,300569,China,SZSE,CNY,TRADINGVIEW_SCREENER,Producer Manufacturing,Electrical Products,POWER_EQUIPMENT,733539751.04774,UNDEFINED,,CNY,,TRUE,PRESENT,2026-08-18,2026-08-18,Broad industry; power-equipment relevance can be overridden.
KSH International Ltd.,KSHINTL,India,BSE,INR,TRADINGVIEW_SCREENER,Producer Manufacturing,Electrical Products,POWER_EQUIPMENT,729898961.170294,UNDEFINED,,INR,,TRUE,PRESENT,2026-08-18,2026-08-18,Broad industry; power-equipment relevance can be overridden.
"Sanbian Sci-Tech Co., Ltd. Class A",002112,China,SZSE,CNY,TRADINGVIEW_SCREENER,Producer Manufacturing,Electrical Products,POWER_EQUIPMENT,727908199.8430899,UNDEFINED,,CNY,,TRUE,PRESENT,2026-08-18,2026-08-18,Broad industry; power-equipment relevance can be overridden.
Powerica Limited,POWERICA,India,BSE,INR,TRADINGVIEW_SCREENER,Producer Manufacturing,Electrical Products,POWER_EQUIPMENT,727503008.176578,UNDEFINED,,INR,,TRUE,PRESENT,2026-08-18,2026-08-18,Broad industry; power-equipment relevance can be overridden.
"Shaanxi Baoguang Vacuum Electronic Apparatus Co., Ltd. Class A",600379,China,SSE,CNY,TRADINGVIEW_SCREENER,Producer Manufacturing,Electrical Products,POWER_EQUIPMENT,709522271.58155,UNDEFINED,,CNY,,TRUE,PRESENT,2026-08-18,2026-08-18,Broad industry; power-equipment relevance can be overridden.
"SolaX Power Network Technology (Zhejiang) Co., Ltd. Class A",688717,China,SSE,CNY,TRADINGVIEW_SCREENER,Producer Manufacturing,Electrical Products,POWER_EQUIPMENT,709208162.27814,UNDEFINED,,CNY,,TRUE,PRESENT,2026-08-18,2026-08-18,Broad industry; power-equipment relevance can be overridden.
"Guangzhou Haoyang Electronic Co., Ltd. Class A",300833,China,SZSE,CNY,TRADINGVIEW_SCREENER,Producer Manufacturing,Electrical Products,POWER_EQUIPMENT,704610546.9297299,UNDEFINED,,CNY,,TRUE,PRESENT,2026-08-18,2026-08-18,Broad industry; power-equipment relevance can be overridden.
Centiel AG,A0MYT7,Switzerland,LSX,EUR,TRADINGVIEW_SCREENER,Producer Manufacturing,Electrical Products,POWER_EQUIPMENT,698096217.4928,UNDEFINED,,EUR,,TRUE,PRESENT,2026-08-18,2026-08-18,Broad industry; power-equipment relevance can be overridden.
Sanyou Corp. Ltd. Class A,300932,China,SZSE,CNY,TRADINGVIEW_SCREENER,Producer Manufacturing,Electrical Products,POWER_EQUIPMENT,695984067.5264399,UNDEFINED,,CNY,,TRUE,PRESENT,2026-08-18,2026-08-18,Broad industry; power-equipment relevance can be overridden.
"Energy Vault Holdings, Inc.",NRGV,United States,NYSE,USD,TRADINGVIEW_SCREENER,Producer Manufacturing,Electrical Products,POWER_EQUIPMENT,694627147.0184696,UNDEFINED,,USD,,TRUE,PRESENT,2026-08-18,2026-08-18,Broad industry; power-equipment relevance can be overridden.
Guangdong Rifeng Electric Co. Ltd. Class A,002953,China,SZSE,CNY,TRADINGVIEW_SCREENER,Producer Manufacturing,Electrical Products,POWER_EQUIPMENT,692195989.10392,UNDEFINED,,CNY,,TRUE,PRESENT,2026-08-18,2026-08-18,Broad industry; power-equipment relevance can be overridden.
"Weihai Honglin Electronic Co., Ltd. Class A",301439,China,SZSE,CNY,TRADINGVIEW_SCREENER,Producer Manufacturing,Electrical Products,POWER_EQUIPMENT,691837620.4859699,UNDEFINED,,CNY,,TRUE,PRESENT,2026-08-18,2026-08-18,Broad industry; power-equipment relevance can be overridden.
Tianneng Power International Limited,819,Hong Kong,HKEX,HKD,TRADINGVIEW_SCREENER,Producer Manufacturing,Electrical Products,POWER_EQUIPMENT,690082335.8338001,UNDEFINED,,HKD,,TRUE,PRESENT,2026-08-18,2026-08-18,Broad industry; power-equipment relevance can be overridden.
"Henan Tong-Da Cable Co., Ltd. Class A",002560,China,SZSE,CNY,TRADINGVIEW_SCREENER,Producer Manufacturing,Electrical Products,POWER_EQUIPMENT,688997490.67219,UNDEFINED,,CNY,,TRUE,PRESENT,2026-08-18,2026-08-18,Broad industry; power-equipment relevance can be overridden.
"Dajin Heavy Industry Co., Ltd. Class A",002487,China,SZSE,CNY,TRADINGVIEW_SCREENER,Producer Manufacturing,Electrical Products,POWER_EQUIPMENT,677017818.1186243,UNDEFINED,,CNY,,TRUE,PRESENT,2026-08-18,2026-08-18,Broad industry; power-equipment relevance can be overridden.
Terra Innovatum Global N.V.,A41MS2,Italy,LSX,EUR,TRADINGVIEW_SCREENER,Producer Manufacturing,Electrical Products,POWER_EQUIPMENT,673503010,UNDEFINED,,EUR,,TRUE,PRESENT,2026-08-18,2026-08-18,Broad industry; power-equipment relevance can be overridden.
"Shenzhen UUGreenPower Co., Ltd. Class A",301590,China,SZSE,CNY,TRADINGVIEW_SCREENER,Producer Manufacturing,Electrical Products,POWER_EQUIPMENT,671793761.62094,UNDEFINED,,CNY,,TRUE,PRESENT,2026-08-18,2026-08-18,Broad industry; power-equipment relevance can be overridden.
"Jiangsu Huachen Transformer Co., Ltd. Class A",603097,China,SSE,CNY,TRADINGVIEW_SCREENER,Producer Manufacturing,Electrical Products,POWER_EQUIPMENT,671792876.9266399,UNDEFINED,,CNY,,TRUE,PRESENT,2026-08-18,2026-08-18,Broad industry; power-equipment relevance can be overridden.
"Suzhou Longway Electronic Machinery Co., Ltd. Class A",301202,China,SZSE,CNY,TRADINGVIEW_SCREENER,Producer Manufacturing,Electrical Products,POWER_EQUIPMENT,667487977.43229,UNDEFINED,,CNY,,TRUE,PRESENT,2026-08-18,2026-08-18,Broad industry; power-equipment relevance can be overridden.
Kempower Oy,A3C9H1,Finland,LS,EUR,TRADINGVIEW_SCREENER,Producer Manufacturing,Electrical Products,POWER_EQUIPMENT,667405728.7785001,UNDEFINED,,EUR,,TRUE,PRESENT,2026-08-18,2026-08-18,Broad industry; power-equipment relevance can be overridden.
Song Chuan Precision Co Ltd,7788,Taiwan,TWSE,TWD,TRADINGVIEW_SCREENER,Producer Manufacturing,Electrical Products,POWER_EQUIPMENT,666654508.30538,UNDEFINED,,TWD,,TRUE,PRESENT,2026-08-18,2026-08-18,Broad industry; power-equipment relevance can be overridden.
"Zhejiang Meishuo Electric Technology Co., Ltd. Class A",301295,China,SZSE,CNY,TRADINGVIEW_SCREENER,Producer Manufacturing,Electrical Products,POWER_EQUIPMENT,663221116.23628,UNDEFINED,,CNY,,TRUE,PRESENT,2026-08-18,2026-08-18,Broad industry; power-equipment relevance can be overridden.
XP Power Ltd.,XPP,Singapore,LSE,GBX,TRADINGVIEW_SCREENER,Producer Manufacturing,Electrical Products,POWER_EQUIPMENT,660212562.999,UNDEFINED,,GBX,,TRUE,PRESENT,2026-08-18,2026-08-18,Broad industry; power-equipment relevance can be overridden.
"SEMCNS Co., Ltd.",252990,South Korea,KRX,KRW,TRADINGVIEW_SCREENER,Producer Manufacturing,Electrical Products,POWER_EQUIPMENT,659320638.8731561,UNDEFINED,,KRW,,TRUE,PRESENT,2026-08-18,2026-08-18,Broad industry; power-equipment relevance can be overridden.
"Jiangsu SINOJIT Wind Energy Technology Co., Ltd. Class A",601218,China,SSE,CNY,TRADINGVIEW_SCREENER,Producer Manufacturing,Electrical Products,POWER_EQUIPMENT,656302354.68259,UNDEFINED,,CNY,,TRUE,PRESENT,2026-08-18,2026-08-18,Broad industry; power-equipment relevance can be overridden.
"Anhui Coreach Technology Co., Ltd. Class A",002983,China,SZSE,CNY,TRADINGVIEW_SCREENER,Producer Manufacturing,Electrical Products,POWER_EQUIPMENT,654748568.30635,UNDEFINED,,CNY,,TRUE,PRESENT,2026-08-18,2026-08-18,Broad industry; power-equipment relevance can be overridden.
Electro-Alfa International SA,EAI,Romania,BVB,RON,TRADINGVIEW_SCREENER,Producer Manufacturing,Electrical Products,POWER_EQUIPMENT,653067334.4061,UNDEFINED,,RON,,TRUE,PRESENT,2026-08-18,2026-08-18,Broad industry; power-equipment relevance can be overridden.
Wuxi New Hongtai Electrical Technology Co. Ltd. Class A,603016,China,SSE,CNY,TRADINGVIEW_SCREENER,Producer Manufacturing,Electrical Products,POWER_EQUIPMENT,641768928.3714099,UNDEFINED,,CNY,,TRUE,PRESENT,2026-08-18,2026-08-18,Broad industry; power-equipment relevance can be overridden.
"Veken Technology Co., Ltd. Class A",600152,China,SSE,CNY,TRADINGVIEW_SCREENER,Producer Manufacturing,Electrical Products,POWER_EQUIPMENT,640562877.53605,UNDEFINED,,CNY,,TRUE,PRESENT,2026-08-18,2026-08-18,Broad industry; power-equipment relevance can be overridden.
"Shenyu Communication Technology, Inc. Class A",300563,China,SZSE,CNY,TRADINGVIEW_SCREENER,Producer Manufacturing,Electrical Products,POWER_EQUIPMENT,637574532.97454,UNDEFINED,,CNY,,TRUE,PRESENT,2026-08-18,2026-08-18,Broad industry; power-equipment relevance can be overridden.
"Nanjing Quanxin Cable Technology Co., Ltd. Class A",300447,China,SZSE,CNY,TRADINGVIEW_SCREENER,Producer Manufacturing,Electrical Products,POWER_EQUIPMENT,635863567.24471,UNDEFINED,,CNY,,TRUE,PRESENT,2026-08-18,2026-08-18,Broad industry; power-equipment relevance can be overridden.
"Ceepower Co., Ltd. Class A",300062,China,SZSE,CNY,TRADINGVIEW_SCREENER,Producer Manufacturing,Electrical Products,POWER_EQUIPMENT,625447796.43528,UNDEFINED,,CNY,,TRUE,PRESENT,2026-08-18,2026-08-18,Broad industry; power-equipment relevance can be overridden.
"Googol Technology Co., Ltd. Class A",301510,China,SZSE,CNY,TRADINGVIEW_SCREENER,Producer Manufacturing,Electrical Products,POWER_EQUIPMENT,622473153.22479,UNDEFINED,,CNY,,TRUE,PRESENT,2026-08-18,2026-08-18,Broad industry; power-equipment relevance can be overridden.
"Cinderson Tech (Suzhou) Co., Ltd. Class A",603344,China,SSE,CNY,TRADINGVIEW_SCREENER,Producer Manufacturing,Electrical Products,POWER_EQUIPMENT,620672859.89667,UNDEFINED,,CNY,,TRUE,PRESENT,2026-08-18,2026-08-18,Broad industry; power-equipment relevance can be overridden.
"Nantong Xingqiu Graphite Co., Ltd. Class A",688633,China,SSE,CNY,TRADINGVIEW_SCREENER,Producer Manufacturing,Electrical Products,POWER_EQUIPMENT,609045499.65063,UNDEFINED,,CNY,,TRUE,PRESENT,2026-08-18,2026-08-18,Broad industry; power-equipment relevance can be overridden.
DUK SAN NEOLUX CO.LTD,213420,South Korea,KRX,KRW,TRADINGVIEW_SCREENER,Producer Manufacturing,Electrical Products,POWER_EQUIPMENT,604372952.669616,UNDEFINED,,KRW,,TRUE,PRESENT,2026-08-18,2026-08-18,Broad industry; power-equipment relevance can be overridden.
"Shenzhen SNC Opto Electronic Co., Ltd. Class A",001326,China,SZSE,CNY,TRADINGVIEW_SCREENER,Producer Manufacturing,Electrical Products,POWER_EQUIPMENT,602235905.66881,UNDEFINED,,CNY,,TRUE,PRESENT,2026-08-18,2026-08-18,Broad industry; power-equipment relevance can be overridden.
"Harbin Jiuzhou Group Co., Ltd. Class A",300040,China,SZSE,CNY,TRADINGVIEW_SCREENER,Producer Manufacturing,Electrical Products,POWER_EQUIPMENT,598563522.73585,UNDEFINED,,CNY,,TRUE,PRESENT,2026-08-18,2026-08-18,Broad industry; power-equipment relevance can be overridden.
"GnCenergy Co., Ltd.",119850,South Korea,KRX,KRW,TRADINGVIEW_SCREENER,Producer Manufacturing,Electrical Products,POWER_EQUIPMENT,598249667.5974001,UNDEFINED,,KRW,,TRUE,PRESENT,2026-08-18,2026-08-18,Broad industry; power-equipment relevance can be overridden.
"Arisawa Mfg.Co., Ltd.",5208,Japan,TSE,JPY,TRADINGVIEW_SCREENER,Producer Manufacturing,Electrical Products,POWER_EQUIPMENT,595448498.56265,UNDEFINED,,JPY,,TRUE,PRESENT,2026-08-18,2026-08-18,Broad industry; power-equipment relevance can be overridden.
"Zhejiang Sunflower Great Health Co., Ltd Class A",300111,China,SZSE,CNY,TRADINGVIEW_SCREENER,Producer Manufacturing,Electrical Products,POWER_EQUIPMENT,595145446.43904,UNDEFINED,,CNY,,TRUE,PRESENT,2026-08-18,2026-08-18,Broad industry; power-equipment relevance can be overridden.
"Beijing HCRT Electrical Equipments Co., Ltd. Class A",301668,China,SZSE,CNY,TRADINGVIEW_SCREENER,Producer Manufacturing,Electrical Products,POWER_EQUIPMENT,589277565.6753299,UNDEFINED,,CNY,,TRUE,PRESENT,2026-08-18,2026-08-18,Broad industry; power-equipment relevance can be overridden.
"Tianjin Guoan Mengguli New Materials Science and Technology Co., Ltd. Class A",301487,China,SZSE,CNY,TRADINGVIEW_SCREENER,Producer Manufacturing,Electrical Products,POWER_EQUIPMENT,584244638.0525999,UNDEFINED,,CNY,,TRUE,PRESENT,2026-08-18,2026-08-18,Broad industry; power-equipment relevance can be overridden.
"Zhejiang Yankon Group Co., Ltd. Class A",600261,China,SSE,CNY,TRADINGVIEW_SCREENER,Producer Manufacturing,Electrical Products,POWER_EQUIPMENT,583489679.05914,UNDEFINED,,CNY,,TRUE,PRESENT,2026-08-18,2026-08-18,Broad industry; power-equipment relevance can be overridden.
"Sichuan Huati Lighting Technology Co., Ltd. Class A",603679,China,SSE,CNY,TRADINGVIEW_SCREENER,Producer Manufacturing,Electrical Products,POWER_EQUIPMENT,581388865.5988,UNDEFINED,,CNY,,TRUE,PRESENT,2026-08-18,2026-08-18,Broad industry; power-equipment relevance can be overridden.
Qingdao Topscomm Communication Co. Ltd. Class A,603421,China,SSE,CNY,TRADINGVIEW_SCREENER,Producer Manufacturing,Electrical Products,POWER_EQUIPMENT,578998047.7168299,UNDEFINED,,CNY,,TRUE,PRESENT,2026-08-18,2026-08-18,Broad industry; power-equipment relevance can be overridden.
"Zhejiang Narada Power Source Co., Ltd. Class A",300068,China,SZSE,CNY,TRADINGVIEW_SCREENER,Producer Manufacturing,Electrical Products,POWER_EQUIPMENT,568461049.1887599,UNDEFINED,,CNY,,TRUE,PRESENT,2026-08-18,2026-08-18,Broad industry; power-equipment relevance can be overridden.
"Maxell, Ltd.",6810,Japan,TSE,JPY,TRADINGVIEW_SCREENER,Producer Manufacturing,Electrical Products,POWER_EQUIPMENT,564844884.7644501,UNDEFINED,,JPY,,TRUE,PRESENT,2026-08-18,2026-08-18,Broad industry; power-equipment relevance can be overridden.
V-Marc India Limited,VMARCIND,India,NSE,INR,TRADINGVIEW_SCREENER,Producer Manufacturing,Electrical Products,POWER_EQUIPMENT,561390471.1408,UNDEFINED,,INR,,TRUE,PRESENT,2026-08-18,2026-08-18,Broad industry; power-equipment relevance can be overridden.
"Aichi Electric Co., Ltd.",6623,Japan,NAG,JPY,TRADINGVIEW_SCREENER,Producer Manufacturing,Electrical Products,POWER_EQUIPMENT,550848293.308125,UNDEFINED,,JPY,,TRUE,PRESENT,2026-08-18,2026-08-18,Broad industry; power-equipment relevance can be overridden.
"Sichuan Zhongguang Lightning Protection Technologies Co., Ltd. Class A",300414,China,SZSE,CNY,TRADINGVIEW_SCREENER,Producer Manufacturing,Electrical Products,POWER_EQUIPMENT,549316818.02641,UNDEFINED,,CNY,,TRUE,PRESENT,2026-08-18,2026-08-18,Broad industry; power-equipment relevance can be overridden.
"Cheryong Electric Co., Ltd.",033100,South Korea,KRX,KRW,TRADINGVIEW_SCREENER,Producer Manufacturing,Electrical Products,POWER_EQUIPMENT,549131982.550164,UNDEFINED,,KRW,,TRUE,PRESENT,2026-08-18,2026-08-18,Broad industry; power-equipment relevance can be overridden.
"Zhejiang Mustang Battery Co., Ltd. Class A",605378,China,SSE,CNY,TRADINGVIEW_SCREENER,Producer Manufacturing,Electrical Products,POWER_EQUIPMENT,548014256.3788899,UNDEFINED,,CNY,,TRUE,PRESENT,2026-08-18,2026-08-18,Broad industry; power-equipment relevance can be overridden.
"Guizhou Taiyong-Changzheng Technology Co., Ltd. Class A",002927,China,SZSE,CNY,TRADINGVIEW_SCREENER,Producer Manufacturing,Electrical Products,POWER_EQUIPMENT,545385458.54583,UNDEFINED,,CNY,,TRUE,PRESENT,2026-08-18,2026-08-18,Broad industry; power-equipment relevance can be overridden.
"Senci Electric Machinery Co., Ltd. Class A",603109,China,SSE,CNY,TRADINGVIEW_SCREENER,Producer Manufacturing,Electrical Products,POWER_EQUIPMENT,543159106.6679399,UNDEFINED,,CNY,,TRUE,PRESENT,2026-08-18,2026-08-18,Broad industry; power-equipment relevance can be overridden.
"STL Technology Co., Ltd.",4931,Taiwan,TPEX,TWD,TRADINGVIEW_SCREENER,Producer Manufacturing,Electrical Products,POWER_EQUIPMENT,537885675.2567769,UNDEFINED,,TWD,,TRUE,PRESENT,2026-08-18,2026-08-18,Broad industry; power-equipment relevance can be overridden.
"Solid Power, Inc.",SLDP,United States,NASDAQ,USD,TRADINGVIEW_SCREENER,Producer Manufacturing,Electrical Products,POWER_EQUIPMENT,536225868.553719,UNDEFINED,,USD,,TRUE,PRESENT,2026-08-18,2026-08-18,Broad industry; power-equipment relevance can be overridden.
"SEBANG GLOBAL BATTERY Co., Ltd.",004490,South Korea,KRX,KRW,TRADINGVIEW_SCREENER,Producer Manufacturing,Electrical Products,POWER_EQUIPMENT,535985289.49329,UNDEFINED,,KRW,,TRUE,PRESENT,2026-08-18,2026-08-18,Broad industry; power-equipment relevance can be overridden.
"Beijing Dinghan Technology Group Co., Ltd. Class A",300011,China,SZSE,CNY,TRADINGVIEW_SCREENER,Producer Manufacturing,Electrical Products,POWER_EQUIPMENT,535731398.26625997,UNDEFINED,,CNY,,TRUE,PRESENT,2026-08-18,2026-08-18,Broad industry; power-equipment relevance can be overridden.
"Chongqing VDL Electronics Co., Ltd. Class A",301121,China,SZSE,CNY,TRADINGVIEW_SCREENER,Producer Manufacturing,Electrical Products,POWER_EQUIPMENT,534980404.54081994,UNDEFINED,,CNY,,TRUE,PRESENT,2026-08-18,2026-08-18,Broad industry; power-equipment relevance can be overridden.
Sinostar Cable Co. Ltd. Class A,300933,China,SZSE,CNY,TRADINGVIEW_SCREENER,Producer Manufacturing,Electrical Products,POWER_EQUIPMENT,533462534.08574,UNDEFINED,,CNY,,TRUE,PRESENT,2026-08-18,2026-08-18,Broad industry; power-equipment relevance can be overridden.
Sarkuysan Elektrolitik Bakir Sanayi ve Ticaret A.S.,SARKY,Turkey,BIST,TRY,TRADINGVIEW_SCREENER,Producer Manufacturing,Electrical Products,POWER_EQUIPMENT,533149809.38442004,UNDEFINED,,TRY,,TRUE,PRESENT,2026-08-18,2026-08-18,Broad industry; power-equipment relevance can be overridden.
L.G. Balakrishnan & Bros Ltd.,LGBBROSLTD,India,BSE,INR,TRADINGVIEW_SCREENER,Producer Manufacturing,Electrical Products,POWER_EQUIPMENT,533012793.39138,UNDEFINED,,INR,,TRUE,PRESENT,2026-08-18,2026-08-18,Broad industry; power-equipment relevance can be overridden.
WCE Holdings Berhad,WCEHB,Malaysia,MYX,MYR,TRADINGVIEW_SCREENER,Producer Manufacturing,Electrical Products,POWER_EQUIPMENT,528104627.5099,UNDEFINED,,MYR,,TRUE,PRESENT,2026-08-18,2026-08-18,Broad industry; power-equipment relevance can be overridden.
"Jiangsu Ruitai New Energy Materials Co., Ltd. Class A",301238,China,SZSE,CNY,TRADINGVIEW_SCREENER,Producer Manufacturing,Electrical Products,POWER_EQUIPMENT,526686925.99851996,UNDEFINED,,CNY,,TRUE,PRESENT,2026-08-18,2026-08-18,Broad industry; power-equipment relevance can be overridden.
"Shanghai Smart Control Co., Ltd. Class A",001266,China,SZSE,CNY,TRADINGVIEW_SCREENER,Producer Manufacturing,Electrical Products,POWER_EQUIPMENT,520942428.82157,UNDEFINED,,CNY,,TRUE,PRESENT,2026-08-18,2026-08-18,Broad industry; power-equipment relevance can be overridden.
Zhejiang Tengen Electrics Co. Ltd. Class A,605066,China,SSE,CNY,TRADINGVIEW_SCREENER,Producer Manufacturing,Electrical Products,POWER_EQUIPMENT,512777569.71510994,UNDEFINED,,CNY,,TRUE,PRESENT,2026-08-18,2026-08-18,Broad industry; power-equipment relevance can be overridden.
"Zhejiang Hengwei Battery Co., Ltd. CLass A",301222,China,SZSE,CNY,TRADINGVIEW_SCREENER,Producer Manufacturing,Electrical Products,POWER_EQUIPMENT,512431267.17152995,UNDEFINED,,CNY,,TRUE,PRESENT,2026-08-18,2026-08-18,Broad industry; power-equipment relevance can be overridden.
"Shenzhen Deren Electronic Co., Ltd. Class A",002055,China,SZSE,CNY,TRADINGVIEW_SCREENER,Producer Manufacturing,Electrical Products,POWER_EQUIPMENT,509446713.45840997,UNDEFINED,,CNY,,TRUE,PRESENT,2026-08-18,2026-08-18,Broad industry; power-equipment relevance can be overridden.
Ulusoy Elektrik Imalat Taahhut ve Ticaret AS,ULUSE,Turkey,BIST,TRY,TRADINGVIEW_SCREENER,Producer Manufacturing,Electrical Products,POWER_EQUIPMENT,497087400.00000006,UNDEFINED,,TRY,,TRUE,PRESENT,2026-08-18,2026-08-18,Broad industry; power-equipment relevance can be overridden.
Changzhou Xiangming Intelligent Drive System Corp. Class A,301226,China,SZSE,CNY,TRADINGVIEW_SCREENER,Producer Manufacturing,Electrical Products,POWER_EQUIPMENT,494655867.78012997,UNDEFINED,,CNY,,TRUE,PRESENT,2026-08-18,2026-08-18,Broad industry; power-equipment relevance can be overridden.
Kalyon Gunes Teknolojileri Uretim Anonim Sirketi,KLYPV,Turkey,BIST,TRY,TRADINGVIEW_SCREENER,Producer Manufacturing,Electrical Products,POWER_EQUIPMENT,491072367.52518004,UNDEFINED,,TRY,,TRUE,PRESENT,2026-08-18,2026-08-18,Broad industry; power-equipment relevance can be overridden.
"Hua Eng Wire & Cable Co., Ltd.",1608,Taiwan,TWSE,TWD,TRADINGVIEW_SCREENER,Producer Manufacturing,Electrical Products,POWER_EQUIPMENT,489597580.18908095,UNDEFINED,,TWD,,TRUE,PRESENT,2026-08-18,2026-08-18,Broad industry; power-equipment relevance can be overridden.
"Shanghai Morn Electric Equipment Co., Ltd. Class A",002451,China,SZSE,CNY,TRADINGVIEW_SCREENER,Producer Manufacturing,Electrical Products,POWER_EQUIPMENT,483241386.91479,UNDEFINED,,CNY,,TRUE,PRESENT,2026-08-18,2026-08-18,Broad industry; power-equipment relevance can be overridden.
Anfu CE LINK Ltd. Class A,300787,China,SZSE,CNY,TRADINGVIEW_SCREENER,Producer Manufacturing,Electrical Products,POWER_EQUIPMENT,482126538.13302994,UNDEFINED,,CNY,,TRUE,PRESENT,2026-08-18,2026-08-18,Broad industry; power-equipment relevance can be overridden.
"Dajin Heavy Industry Co., Ltd. Class H",1081,China,HKEX,HKD,TRADINGVIEW_SCREENER,Producer Manufacturing,Electrical Products,POWER_EQUIPMENT,482040718.20377207,UNDEFINED,,HKD,,TRUE,PRESENT,2026-08-18,2026-08-18,Broad industry; power-equipment relevance can be overridden.
"Jinlihua Electric Co., Ltd. Class A",300069,China,SZSE,CNY,TRADINGVIEW_SCREENER,Producer Manufacturing,Electrical Products,POWER_EQUIPMENT,478881927.12262,UNDEFINED,,CNY,,TRUE,PRESENT,2026-08-18,2026-08-18,Broad industry; power-equipment relevance can be overridden.
"Shanghai XFH Technology Co., Ltd. Class A",300890,China,SZSE,CNY,TRADINGVIEW_SCREENER,Producer Manufacturing,Electrical Products,POWER_EQUIPMENT,472430079.21255994,UNDEFINED,,CNY,,TRUE,PRESENT,2026-08-18,2026-08-18,Broad industry; power-equipment relevance can be overridden.
"Lanzhou Greatwall Electrcal Co., Ltd. Class A",600192,China,SSE,CNY,TRADINGVIEW_SCREENER,Producer Manufacturing,Electrical Products,POWER_EQUIPMENT,469367090.90347993,UNDEFINED,,CNY,,TRUE,PRESENT,2026-08-18,2026-08-18,Broad industry; power-equipment relevance can be overridden.
Shilchar Technologies Limited,SHILCTECH,India,BSE,INR,TRADINGVIEW_SCREENER,Producer Manufacturing,Electrical Products,POWER_EQUIPMENT,467316147.67650205,UNDEFINED,,INR,,TRUE,PRESENT,2026-08-18,2026-08-18,Broad industry; power-equipment relevance can be overridden.
Ram Ratna Wires Limited,RAMRAT,India,BSE,INR,TRADINGVIEW_SCREENER,Producer Manufacturing,Electrical Products,POWER_EQUIPMENT,464718923.617442,UNDEFINED,,INR,,TRUE,PRESENT,2026-08-18,2026-08-18,Broad industry; power-equipment relevance can be overridden.
Lutian Machinery Co. Ltd. Class A,605259,China,SSE,CNY,TRADINGVIEW_SCREENER,Producer Manufacturing,Electrical Products,POWER_EQUIPMENT,463654948.04923,UNDEFINED,,CNY,,TRUE,PRESENT,2026-08-18,2026-08-18,Broad industry; power-equipment relevance can be overridden.
"Osaki Electric Co., Ltd.",6644,Japan,TSE,JPY,TRADINGVIEW_SCREENER,Producer Manufacturing,Electrical Products,POWER_EQUIPMENT,461563324.739375,UNDEFINED,,JPY,,TRUE,PRESENT,2026-08-18,2026-08-18,Broad industry; power-equipment relevance can be overridden.
"Chang Lan Technology Group Co., Ltd. Class A",002879,China,SZSE,CNY,TRADINGVIEW_SCREENER,Producer Manufacturing,Electrical Products,POWER_EQUIPMENT,460138837.99162996,UNDEFINED,,CNY,,TRUE,PRESENT,2026-08-18,2026-08-18,Broad industry; power-equipment relevance can be overridden.
Changzhou Shenli Electrical Machine Co. Ltd. Class A,603819,China,SSE,CNY,TRADINGVIEW_SCREENER,Producer Manufacturing,Electrical Products,POWER_EQUIPMENT,457364938.58636,UNDEFINED,,CNY,,TRUE,PRESENT,2026-08-18,2026-08-18,Broad industry; power-equipment relevance can be overridden.
"Hubei DP Co., Ltd. Class A",300808,China,SZSE,CNY,TRADINGVIEW_SCREENER,Producer Manufacturing,Electrical Products,POWER_EQUIPMENT,455950981.18213,UNDEFINED,,CNY,,TRUE,PRESENT,2026-08-18,2026-08-18,Broad industry; power-equipment relevance can be overridden.
Zaptec ASA,ZAPO,Norway,OMXSTO,NOK,TRADINGVIEW_SCREENER,Producer Manufacturing,Electrical Products,POWER_EQUIPMENT,455730914.85264003,UNDEFINED,,NOK,,TRUE,PRESENT,2026-08-18,2026-08-18,Broad industry; power-equipment relevance can be overridden.
Hind Rectifiers Limited,HIRECT,India,BSE,INR,TRADINGVIEW_SCREENER,Producer Manufacturing,Electrical Products,POWER_EQUIPMENT,453258661.49710804,UNDEFINED,,INR,,TRUE,PRESENT,2026-08-18,2026-08-18,Broad industry; power-equipment relevance can be overridden.
"Jiusheng Electric Co., Ltd. Class A",301082,China,SZSE,CNY,TRADINGVIEW_SCREENER,Producer Manufacturing,Electrical Products,POWER_EQUIPMENT,452109022.5057,UNDEFINED,,CNY,,TRUE,PRESENT,2026-08-18,2026-08-18,Broad industry; power-equipment relevance can be overridden.
"Taier Heavy Industry Co., Ltd. Class A",002347,China,SZSE,CNY,TRADINGVIEW_SCREENER,Producer Manufacturing,Electrical Products,POWER_EQUIPMENT,451742654.73973995,UNDEFINED,,CNY,,TRUE,PRESENT,2026-08-18,2026-08-18,Broad industry; power-equipment relevance can be overridden.
"HIGEN RNM Co., Ltd.",160190,South Korea,KRX,KRW,TRADINGVIEW_SCREENER,Producer Manufacturing,Electrical Products,POWER_EQUIPMENT,448321918.249764,UNDEFINED,,KRW,,TRUE,PRESENT,2026-08-18,2026-08-18,Broad industry; power-equipment relevance can be overridden.
"Sichuan Dawn Precision Technology Co., Ltd. Class A",300780,China,SZSE,CNY,TRADINGVIEW_SCREENER,Producer Manufacturing,Electrical Products,POWER_EQUIPMENT,447741565.04741997,UNDEFINED,,CNY,,TRUE,PRESENT,2026-08-18,2026-08-18,Broad industry; power-equipment relevance can be overridden.
"Yuan Cheng Cable Co., Ltd. Class A",002692,China,SZSE,CNY,TRADINGVIEW_SCREENER,Producer Manufacturing,Electrical Products,POWER_EQUIPMENT,446972611.43492997,UNDEFINED,,CNY,,TRUE,PRESENT,2026-08-18,2026-08-18,Broad industry; power-equipment relevance can be overridden.
Laser Power & Infra Limited,LASERPOWER,India,NSE,INR,TRADINGVIEW_SCREENER,Producer Manufacturing,Electrical Products,POWER_EQUIPMENT,444740974.61475,UNDEFINED,,INR,,TRUE,PRESENT,2026-08-18,2026-08-18,Broad industry; power-equipment relevance can be overridden.
"Changshu Guorui Technology Co., Ltd. Class A",300600,China,SZSE,CNY,TRADINGVIEW_SCREENER,Producer Manufacturing,Electrical Products,POWER_EQUIPMENT,443002466.18565,UNDEFINED,,CNY,,TRUE,PRESENT,2026-08-18,2026-08-18,Broad industry; power-equipment relevance can be overridden.
Ta Tun Electric Wire & Cable Co Ltd,1623,Taiwan,TWSE,TWD,TRADINGVIEW_SCREENER,Producer Manufacturing,Electrical Products,POWER_EQUIPMENT,430276242,UNDEFINED,,TWD,,TRUE,PRESENT,2026-08-18,2026-08-18,Broad industry; power-equipment relevance can be overridden.
"Jilin Jinguan Electric Co., Ltd. Class A",300510,China,SZSE,CNY,TRADINGVIEW_SCREENER,Producer Manufacturing,Electrical Products,POWER_EQUIPMENT,422849756.57896996,UNDEFINED,,CNY,,TRUE,PRESENT,2026-08-18,2026-08-18,Broad industry; power-equipment relevance can be overridden.
China Railway High-speed Electrification Equipment Corporation Limited Class A,688285,China,SSE,CNY,TRADINGVIEW_SCREENER,Producer Manufacturing,Electrical Products,POWER_EQUIPMENT,422679008.94898,UNDEFINED,,CNY,,TRUE,PRESENT,2026-08-18,2026-08-18,Broad industry; power-equipment relevance can be overridden.
"Shanghai Guangdian Electric Group Co., Ltd. Class A",601616,China,SSE,CNY,TRADINGVIEW_SCREENER,Producer Manufacturing,Electrical Products,POWER_EQUIPMENT,422023208.03383994,UNDEFINED,,CNY,,TRUE,PRESENT,2026-08-18,2026-08-18,Broad industry; power-equipment relevance can be overridden.
AirJoule Technologies Corporation,AIRJ,United States,NASDAQ,USD,TRADINGVIEW_SCREENER,Producer Manufacturing,Electrical Products,POWER_EQUIPMENT,420647419.6274834,UNDEFINED,,USD,,TRUE,PRESENT,2026-08-18,2026-08-18,Broad industry; power-equipment relevance can be overridden.
"Jiangsu Luokai Mechanical & Electrical Co., Ltd. Class A",603829,China,SSE,CNY,TRADINGVIEW_SCREENER,Producer Manufacturing,Electrical Products,POWER_EQUIPMENT,414869807.76899,UNDEFINED,,CNY,,TRUE,PRESENT,2026-08-18,2026-08-18,Broad industry; power-equipment relevance can be overridden.
"Shuangdeng Group Co., Ltd. Class H",6960,China,HKEX,HKD,TRADINGVIEW_SCREENER,Producer Manufacturing,Electrical Products,POWER_EQUIPMENT,414261038.22740006,UNDEFINED,,HKD,,TRUE,PRESENT,2026-08-18,2026-08-18,Broad industry; power-equipment relevance can be overridden.
"Tecnon Electronics Co., Ltd. Class A",300650,China,SZSE,CNY,TRADINGVIEW_SCREENER,Producer Manufacturing,Electrical Products,POWER_EQUIPMENT,413541248.11244,UNDEFINED,,CNY,,TRUE,PRESENT,2026-08-18,2026-08-18,Broad industry; power-equipment relevance can be overridden.
Shenzhen V&T Technologies Co. Ltd. Class A,300484,China,SZSE,CNY,TRADINGVIEW_SCREENER,Producer Manufacturing,Electrical Products,POWER_EQUIPMENT,413047711.54254997,UNDEFINED,,CNY,,TRUE,PRESENT,2026-08-18,2026-08-18,Broad industry; power-equipment relevance can be overridden.
"Jiangnan Yifan Motor Co., Ltd. Class A",301023,China,SZSE,CNY,TRADINGVIEW_SCREENER,Producer Manufacturing,Electrical Products,POWER_EQUIPMENT,411694865.32328,UNDEFINED,,CNY,,TRUE,PRESENT,2026-08-18,2026-08-18,Broad industry; power-equipment relevance can be overridden.
"Beijing Dynamic Power Co., Ltd. Class A",600405,China,SSE,CNY,TRADINGVIEW_SCREENER,Producer Manufacturing,Electrical Products,POWER_EQUIPMENT,410484769.34549,UNDEFINED,,CNY,,TRUE,PRESENT,2026-08-18,2026-08-18,Broad industry; power-equipment relevance can be overridden.
"Shandong Yabo Technology Co., Ltd. Class A",002323,China,SZSE,CNY,TRADINGVIEW_SCREENER,Producer Manufacturing,Electrical Products,POWER_EQUIPMENT,408576381.48928994,UNDEFINED,,CNY,,TRUE,PRESENT,2026-08-18,2026-08-18,Broad industry; power-equipment relevance can be overridden.
"Hezong Science and Technology Co., Ltd. Class A",300477,China,SZSE,CNY,TRADINGVIEW_SCREENER,Producer Manufacturing,Electrical Products,POWER_EQUIPMENT,406131036.05948997,UNDEFINED,,CNY,,TRUE,PRESENT,2026-08-18,2026-08-18,Broad industry; power-equipment relevance can be overridden.
"Sunfly Intelligent Technology Co., Ltd. Class A",300423,China,SZSE,CNY,TRADINGVIEW_SCREENER,Producer Manufacturing,Electrical Products,POWER_EQUIPMENT,401536605.61055994,UNDEFINED,,CNY,,TRUE,PRESENT,2026-08-18,2026-08-18,Broad industry; power-equipment relevance can be overridden.
Electrovaya Inc.,4EV0,Canada,GETTEX,EUR,TRADINGVIEW_SCREENER,Producer Manufacturing,Electrical Products,POWER_EQUIPMENT,397956981.7881,UNDEFINED,,EUR,,TRUE,PRESENT,2026-08-18,2026-08-18,Broad industry; power-equipment relevance can be overridden.
"Haoersai Technology Group Corp., Ltd. Class A",002963,China,SZSE,CNY,TRADINGVIEW_SCREENER,Producer Manufacturing,Electrical Products,POWER_EQUIPMENT,397285195.59309,UNDEFINED,,CNY,,TRUE,PRESENT,2026-08-18,2026-08-18,Broad industry; power-equipment relevance can be overridden.
"Suzhou Industrial Park Heshun Electric Co., Ltd. Class A",300141,China,SZSE,CNY,TRADINGVIEW_SCREENER,Producer Manufacturing,Electrical Products,POWER_EQUIPMENT,396619712.53611,UNDEFINED,,CNY,,TRUE,PRESENT,2026-08-18,2026-08-18,Broad industry; power-equipment relevance can be overridden.
Indo Tech Transformers Ltd.,INDOTECH,India,BSE,INR,TRADINGVIEW_SCREENER,Producer Manufacturing,Electrical Products,POWER_EQUIPMENT,393701179.76849204,UNDEFINED,,INR,,TRUE,PRESENT,2026-08-18,2026-08-18,Broad industry; power-equipment relevance can be overridden.
"Qijing Machinery Co., Ltd. Class A",603677,China,SSE,CNY,TRADINGVIEW_SCREENER,Producer Manufacturing,Electrical Products,POWER_EQUIPMENT,391875077.59231997,UNDEFINED,,CNY,,TRUE,PRESENT,2026-08-18,2026-08-18,Broad industry; power-equipment relevance can be overridden.
"QC Solar (Suzhou) Co., Ltd. Class A",301278,China,SZSE,CNY,TRADINGVIEW_SCREENER,Producer Manufacturing,Electrical Products,POWER_EQUIPMENT,391790022.31172997,UNDEFINED,,CNY,,TRUE,PRESENT,2026-08-18,2026-08-18,Broad industry; power-equipment relevance can be overridden.
"Guangdong PAK Corp. Co. , Ltd. Class A",300625,China,SZSE,CNY,TRADINGVIEW_SCREENER,Producer Manufacturing,Electrical Products,POWER_EQUIPMENT,391287860.78745997,UNDEFINED,,CNY,,TRUE,PRESENT,2026-08-18,2026-08-18,Broad industry; power-equipment relevance can be overridden.
FW Thorpe Plc,TFW,United Kingdom,LSE,GBX,TRADINGVIEW_SCREENER,Producer Manufacturing,Electrical Products,POWER_EQUIPMENT,389662766.064,UNDEFINED,,GBX,,TRUE,PRESENT,2026-08-18,2026-08-18,Broad industry; power-equipment relevance can be overridden.
CHENG MEI MATERIALS TECHNOLOGY CORPORATION,4960,Taiwan,TWSE,TWD,TRADINGVIEW_SCREENER,Producer Manufacturing,Electrical Products,POWER_EQUIPMENT,389655558.361699,UNDEFINED,,TWD,,TRUE,PRESENT,2026-08-18,2026-08-18,Broad industry; power-equipment relevance can be overridden.
NET Power Inc.,NPWR,United States,NYSE,USD,TRADINGVIEW_SCREENER,Producer Manufacturing,Electrical Products,POWER_EQUIPMENT,388837930.8564102,UNDEFINED,,USD,,TRUE,PRESENT,2026-08-18,2026-08-18,Broad industry; power-equipment relevance can be overridden.
"Mirai Industry Co., Ltd.",7931,Japan,TSE,JPY,TRADINGVIEW_SCREENER,Producer Manufacturing,Electrical Products,POWER_EQUIPMENT,387856427.7069,UNDEFINED,,JPY,,TRUE,PRESENT,2026-08-18,2026-08-18,Broad industry; power-equipment relevance can be overridden.
"Moso Power Supply Technology Co., Ltd. Class A",002660,China,SZSE,CNY,TRADINGVIEW_SCREENER,Producer Manufacturing,Electrical Products,POWER_EQUIPMENT,386321892.37166,UNDEFINED,,CNY,,TRUE,PRESENT,2026-08-18,2026-08-18,Broad industry; power-equipment relevance can be overridden.
"Wonderful Hi-Tech Co., Ltd.",6190,Taiwan,TPEX,TWD,TRADINGVIEW_SCREENER,Producer Manufacturing,Electrical Products,POWER_EQUIPMENT,370468364.692433,UNDEFINED,,TWD,,TRUE,PRESENT,2026-08-18,2026-08-18,Broad industry; power-equipment relevance can be overridden.
"grems,Inc",3150,Japan,TSE,JPY,TRADINGVIEW_SCREENER,Producer Manufacturing,Electrical Products,POWER_EQUIPMENT,362702663.61985004,UNDEFINED,,JPY,,TRUE,PRESENT,2026-08-18,2026-08-18,Broad industry; power-equipment relevance can be overridden.
Shenzhen Kexin Communication Technologies Co. Ltd. Class A,300565,China,SZSE,CNY,TRADINGVIEW_SCREENER,Producer Manufacturing,Electrical Products,POWER_EQUIPMENT,361156368.67456996,UNDEFINED,,CNY,,TRUE,PRESENT,2026-08-18,2026-08-18,Broad industry; power-equipment relevance can be overridden.
Dongguan Chitwing Technology Co. Ltd. Class A,002855,China,SZSE,CNY,TRADINGVIEW_SCREENER,Producer Manufacturing,Electrical Products,POWER_EQUIPMENT,359674082.19505,UNDEFINED,,CNY,,TRUE,PRESENT,2026-08-18,2026-08-18,Broad industry; power-equipment relevance can be overridden.
"Sichuan Huiyuan Optical Communications Co., Ltd. Class A",000586,China,SZSE,CNY,TRADINGVIEW_SCREENER,Producer Manufacturing,Electrical Products,POWER_EQUIPMENT,358610089.85024995,UNDEFINED,,CNY,,TRUE,PRESENT,2026-08-18,2026-08-18,Broad industry; power-equipment relevance can be overridden.
"Tianli Lithium Energy Group Co., Ltd. Class A",301152,China,SZSE,CNY,TRADINGVIEW_SCREENER,Producer Manufacturing,Electrical Products,POWER_EQUIPMENT,352759483.89122,UNDEFINED,,CNY,,TRUE,PRESENT,2026-08-18,2026-08-18,Broad industry; power-equipment relevance can be overridden.
Hirakawa Hewtech Corp.,5821,Japan,TSE,JPY,TRADINGVIEW_SCREENER,Producer Manufacturing,Electrical Products,POWER_EQUIPMENT,351183907.417125,UNDEFINED,,JPY,,TRUE,PRESENT,2026-08-18,2026-08-18,Broad industry; power-equipment relevance can be overridden.
Gersan Elektrik Ticaret ve Sanayi A.S.,GEREL,Turkey,BIST,TRY,TRADINGVIEW_SCREENER,Producer Manufacturing,Electrical Products,POWER_EQUIPMENT,350309775.72341996,UNDEFINED,,TRY,,TRUE,PRESENT,2026-08-18,2026-08-18,Broad industry; power-equipment relevance can be overridden.
"Xinling Electrical Co., Ltd. Class A",301388,China,SZSE,CNY,TRADINGVIEW_SCREENER,Producer Manufacturing,Electrical Products,POWER_EQUIPMENT,349970756.00179,UNDEFINED,,CNY,,TRUE,PRESENT,2026-08-18,2026-08-18,Broad industry; power-equipment relevance can be overridden.
"Jiangsu Tongda Power Technology Co., Ltd. Class A",002576,China,SZSE,CNY,TRADINGVIEW_SCREENER,Producer Manufacturing,Electrical Products,POWER_EQUIPMENT,349621567.01338995,UNDEFINED,,CNY,,TRUE,PRESENT,2026-08-18,2026-08-18,Broad industry; power-equipment relevance can be overridden.
"Shenzhen Tongye Technology Co., Ltd. Class A",300960,China,SZSE,CNY,TRADINGVIEW_SCREENER,Producer Manufacturing,Electrical Products,POWER_EQUIPMENT,346081373.56156,UNDEFINED,,CNY,,TRUE,PRESENT,2026-08-18,2026-08-18,Broad industry; power-equipment relevance can be overridden.
A. Soriano Corp.,ANS,Philippines,PSE,PHP,TRADINGVIEW_SCREENER,Producer Manufacturing,Electrical Products,POWER_EQUIPMENT,344090875.11232,UNDEFINED,,PHP,,TRUE,PRESENT,2026-08-18,2026-08-18,Broad industry; power-equipment relevance can be overridden.
"Hong Tai Electric Industrial Co., Ltd.",1612,Taiwan,TWSE,TWD,TRADINGVIEW_SCREENER,Producer Manufacturing,Electrical Products,POWER_EQUIPMENT,343110067.881288,UNDEFINED,,TWD,,TRUE,PRESENT,2026-08-18,2026-08-18,Broad industry; power-equipment relevance can be overridden.
"Jiangsu Xiechang Electronic Technology Group Co., Ltd. Class A",301418,China,SZSE,CNY,TRADINGVIEW_SCREENER,Producer Manufacturing,Electrical Products,POWER_EQUIPMENT,341160591.38874996,UNDEFINED,,CNY,,TRUE,PRESENT,2026-08-18,2026-08-18,Broad industry; power-equipment relevance can be overridden.
"CNlight Co., Ltd. Class A",002076,China,SZSE,CNY,TRADINGVIEW_SCREENER,Producer Manufacturing,Electrical Products,POWER_EQUIPMENT,338901629.56040996,UNDEFINED,,CNY,,TRUE,PRESENT,2026-08-18,2026-08-18,Broad industry; power-equipment relevance can be overridden.
Transtech Optelecom Science Holdings Limited,9963,Hong Kong,HKEX,HKD,TRADINGVIEW_SCREENER,Producer Manufacturing,Electrical Products,POWER_EQUIPMENT,338523952.8216,UNDEFINED,,HKD,,TRUE,PRESENT,2026-08-18,2026-08-18,Broad industry; power-equipment relevance can be overridden.
"JinGuan Electric Co., Ltd. Class A",688517,China,SSE,CNY,TRADINGVIEW_SCREENER,Producer Manufacturing,Electrical Products,POWER_EQUIPMENT,338289061.89225,UNDEFINED,,CNY,,TRUE,PRESENT,2026-08-18,2026-08-18,Broad industry; power-equipment relevance can be overridden.
"SEC CARBON,Limited",5304,Japan,TSE,JPY,TRADINGVIEW_SCREENER,Producer Manufacturing,Electrical Products,POWER_EQUIPMENT,336815386.149975,UNDEFINED,,JPY,,TRUE,PRESENT,2026-08-18,2026-08-18,Broad industry; power-equipment relevance can be overridden.
"Top Bright Holding Co., Ltd.",8499,Taiwan,TWSE,TWD,TRADINGVIEW_SCREENER,Producer Manufacturing,Electrical Products,POWER_EQUIPMENT,336428238.55888,UNDEFINED,,TWD,,TRUE,PRESENT,2026-08-18,2026-08-18,Broad industry; power-equipment relevance can be overridden.
Alfen NV,703,Netherlands,DUS,EUR,TRADINGVIEW_SCREENER,Producer Manufacturing,Electrical Products,POWER_EQUIPMENT,335199535.56450003,UNDEFINED,,EUR,,TRUE,PRESENT,2026-08-18,2026-08-18,Broad industry; power-equipment relevance can be overridden.
BM GreenTech Bhd,BMGREEN,Malaysia,MYX,MYR,TRADINGVIEW_SCREENER,Producer Manufacturing,Electrical Products,POWER_EQUIPMENT,325975604.829,UNDEFINED,,MYR,,TRUE,PRESENT,2026-08-18,2026-08-18,Broad industry; power-equipment relevance can be overridden.
Middle East Specialized Cables Co.,2370,Saudi Arabia,TADAWUL,SAR,TRADINGVIEW_SCREENER,Producer Manufacturing,Electrical Products,POWER_EQUIPMENT,325911545.61792,UNDEFINED,,SAR,,TRUE,PRESENT,2026-08-18,2026-08-18,Broad industry; power-equipment relevance can be overridden.
"Kung Long Batteries Industrial Co., Ltd.",1537,Taiwan,TWSE,TWD,TRADINGVIEW_SCREENER,Producer Manufacturing,Electrical Products,POWER_EQUIPMENT,324177555.012876,UNDEFINED,,TWD,,TRUE,PRESENT,2026-08-18,2026-08-18,Broad industry; power-equipment relevance can be overridden.
"Microvast Holdings, Inc.",A3CV9D,United States,LSX,EUR,TRADINGVIEW_SCREENER,Producer Manufacturing,Electrical Products,POWER_EQUIPMENT,322432174,UNDEFINED,,EUR,,TRUE,PRESENT,2026-08-18,2026-08-18,Broad industry; power-equipment relevance can be overridden.
Horng Yu Electric Co. Ltd.,7869,Taiwan,TPEX,TWD,TRADINGVIEW_SCREENER,Producer Manufacturing,Electrical Products,POWER_EQUIPMENT,319922785.14449996,UNDEFINED,,TWD,,TRUE,PRESENT,2026-08-18,2026-08-18,Broad industry; power-equipment relevance can be overridden.
Saudi Cable Co.,2110,Saudi Arabia,TADAWUL,SAR,TRADINGVIEW_SCREENER,Producer Manufacturing,Electrical Products,POWER_EQUIPMENT,319047759.2496,UNDEFINED,,SAR,,TRUE,PRESENT,2026-08-18,2026-08-18,Broad industry; power-equipment relevance can be overridden.
Pekat Group Bhd,PEKAT,Malaysia,MYX,MYR,TRADINGVIEW_SCREENER,Producer Manufacturing,Electrical Products,POWER_EQUIPMENT,318727890.0351,UNDEFINED,,MYR,,TRUE,PRESENT,2026-08-18,2026-08-18,Broad industry; power-equipment relevance can be overridden.
Fagerhult Group AB,FAG,Sweden,OMXSTO,SEK,TRADINGVIEW_SCREENER,Producer Manufacturing,Electrical Products,POWER_EQUIPMENT,318383193.4526,UNDEFINED,,SEK,,TRUE,PRESENT,2026-08-18,2026-08-18,Broad industry; power-equipment relevance can be overridden.
"Liaoning Shidai Wanheng Co., Ltd. Class A",600241,China,SSE,CNY,TRADINGVIEW_SCREENER,Producer Manufacturing,Electrical Products,POWER_EQUIPMENT,315319328.4047799,UNDEFINED,,CNY,,TRUE,PRESENT,2026-08-18,2026-08-18,Broad industry; power-equipment relevance can be overridden.
"Dasheng Times Cultural Investment Co., Ltd. Class A",600892,China,SSE,CNY,TRADINGVIEW_SCREENER,Producer Manufacturing,Electrical Products,POWER_EQUIPMENT,312559372.19661003,UNDEFINED,,CNY,,TRUE,PRESENT,2026-08-18,2026-08-18,Broad industry; power-equipment relevance can be overridden.
"Whole Shine Medical Technology Co., Ltd. Class A",002622,China,SZSE,CNY,TRADINGVIEW_SCREENER,Producer Manufacturing,Electrical Products,POWER_EQUIPMENT,312443794.81447995,UNDEFINED,,CNY,,TRUE,PRESENT,2026-08-18,2026-08-18,Broad industry; power-equipment relevance can be overridden.
"Shanghai Kaichuang Marine International Co., Ltd. Class A",600097,China,SSE,CNY,TRADINGVIEW_SCREENER,Producer Manufacturing,Electrical Products,POWER_EQUIPMENT,307057769.24753,UNDEFINED,,CNY,,TRUE,PRESENT,2026-08-18,2026-08-18,Broad industry; power-equipment relevance can be overridden.
Sun.King Technology Group Limited,580,China,HKEX,HKD,TRADINGVIEW_SCREENER,Producer Manufacturing,Electrical Products,POWER_EQUIPMENT,305061214.69460005,UNDEFINED,,HKD,,TRUE,PRESENT,2026-08-18,2026-08-18,Broad industry; power-equipment relevance can be overridden.
"Ishihara Chemical Co.,Ltd.",4462,Japan,TSE,JPY,TRADINGVIEW_SCREENER,Producer Manufacturing,Electrical Products,POWER_EQUIPMENT,299593542.3453,UNDEFINED,,JPY,,TRUE,PRESENT,2026-08-18,2026-08-18,Broad industry; power-equipment relevance can be overridden.
"Shenzhen Hello Tech Energy Co., Ltd. Class A",301327,China,SZSE,CNY,TRADINGVIEW_SCREENER,Producer Manufacturing,Electrical Products,POWER_EQUIPMENT,291314604.9856,UNDEFINED,,CNY,,TRUE,PRESENT,2026-08-18,2026-08-18,Broad industry; power-equipment relevance can be overridden.
Beacon Lighting Group Ltd,BLX,Australia,ASX,AUD,TRADINGVIEW_SCREENER,Producer Manufacturing,Electrical Products,POWER_EQUIPMENT,283383070.8969,UNDEFINED,,AUD,,TRUE,PRESENT,2026-08-18,2026-08-18,Broad industry; power-equipment relevance can be overridden.
Yash Highvoltage Limited,YASHHV,India,BSE,INR,TRADINGVIEW_SCREENER,Producer Manufacturing,Electrical Products,POWER_EQUIPMENT,282565952.593912,UNDEFINED,,INR,,TRUE,PRESENT,2026-08-18,2026-08-18,Broad industry; power-equipment relevance can be overridden.
Dialight plc,DIA,United Kingdom,LSE,GBX,TRADINGVIEW_SCREENER,Producer Manufacturing,Electrical Products,POWER_EQUIPMENT,281347822.041,UNDEFINED,,GBX,,TRUE,PRESENT,2026-08-18,2026-08-18,Broad industry; power-equipment relevance can be overridden.
CANATU PLC,CANATU,Finland,OMXHEX,EUR,TRADINGVIEW_SCREENER,Producer Manufacturing,Electrical Products,POWER_EQUIPMENT,278327921.7825,UNDEFINED,,EUR,,TRUE,PRESENT,2026-08-18,2026-08-18,Broad industry; power-equipment relevance can be overridden.
Dah San Electric Wire & Cable Corp,1615,Taiwan,TWSE,TWD,TRADINGVIEW_SCREENER,Producer Manufacturing,Electrical Products,POWER_EQUIPMENT,271379373.43783796,UNDEFINED,,TWD,,TRUE,PRESENT,2026-08-18,2026-08-18,Broad industry; power-equipment relevance can be overridden.
Eveready Industries India Ltd,EVEREADY,India,NSE,INR,TRADINGVIEW_SCREENER,Producer Manufacturing,Electrical Products,POWER_EQUIPMENT,271108334.89672804,UNDEFINED,,INR,,TRUE,PRESENT,2026-08-18,2026-08-18,Broad industry; power-equipment relevance can be overridden.
CANATU OYJ,CNTPF,Finland,OTC,USD,TRADINGVIEW_SCREENER,Producer Manufacturing,Electrical Products,POWER_EQUIPMENT,270920895.8020231,UNDEFINED,,USD,,TRUE,PRESENT,2026-08-18,2026-08-18,Broad industry; power-equipment relevance can be overridden.
Bharat Bijlee Limited,BBL,India,BSE,INR,TRADINGVIEW_SCREENER,Producer Manufacturing,Electrical Products,POWER_EQUIPMENT,270601446.525596,UNDEFINED,,INR,,TRUE,PRESENT,2026-08-18,2026-08-18,Broad industry; power-equipment relevance can be overridden.
Aurotek Corporation,6215,Taiwan,TWSE,TWD,TRADINGVIEW_SCREENER,Producer Manufacturing,Electrical Products,POWER_EQUIPMENT,268575733.839901,UNDEFINED,,TWD,,TRUE,PRESENT,2026-08-18,2026-08-18,Broad industry; power-equipment relevance can be overridden.
Zhejiang Power New Energy Co. Ltd. Class A,688184,China,SSE,CNY,TRADINGVIEW_SCREENER,Producer Manufacturing,Electrical Products,POWER_EQUIPMENT,267500620.76836,UNDEFINED,,CNY,,TRUE,PRESENT,2026-08-18,2026-08-18,Broad industry; power-equipment relevance can be overridden.
"I-Sheng Electric Wire & Cable Co., Ltd.",6115,Taiwan,TWSE,TWD,TRADINGVIEW_SCREENER,Producer Manufacturing,Electrical Products,POWER_EQUIPMENT,264589305.840308,UNDEFINED,,TWD,,TRUE,PRESENT,2026-08-18,2026-08-18,Broad industry; power-equipment relevance can be overridden.
"Seetel New Energy Co., Ltd.",7740,Taiwan,TWSE,TWD,TRADINGVIEW_SCREENER,Producer Manufacturing,Electrical Products,POWER_EQUIPMENT,263892780,UNDEFINED,,TWD,,TRUE,PRESENT,2026-08-18,2026-08-18,Broad industry; power-equipment relevance can be overridden.
Rishabh Instruments Limited,RISHABH,India,BSE,INR,TRADINGVIEW_SCREENER,Producer Manufacturing,Electrical Products,POWER_EQUIPMENT,263396464.450242,UNDEFINED,,INR,,TRUE,PRESENT,2026-08-18,2026-08-18,Broad industry; power-equipment relevance can be overridden.
"Hold-Key Electric Wire & Cable Co., Ltd",1618,Taiwan,TWSE,TWD,TRADINGVIEW_SCREENER,Producer Manufacturing,Electrical Products,POWER_EQUIPMENT,250643441.641446,UNDEFINED,,TWD,,TRUE,PRESENT,2026-08-18,2026-08-18,Broad industry; power-equipment relevance can be overridden.
Endo Lighting Corporation,6932,Japan,TSE,JPY,TRADINGVIEW_SCREENER,Producer Manufacturing,Electrical Products,POWER_EQUIPMENT,244597519.001325,UNDEFINED,,JPY,,TRUE,PRESENT,2026-08-18,2026-08-18,Broad industry; power-equipment relevance can be overridden.
Autosun Electric SZ Inc Class A,002227,China,SZSE,CNY,TRADINGVIEW_SCREENER,Producer Manufacturing,Electrical Products,POWER_EQUIPMENT,241633362.73915997,UNDEFINED,,CNY,,TRUE,PRESENT,2026-08-18,2026-08-18,Broad industry; power-equipment relevance can be overridden.
Supreme PLC,SUP,United Kingdom,LSE,GBX,TRADINGVIEW_SCREENER,Producer Manufacturing,Electrical Products,POWER_EQUIPMENT,241271096.121,UNDEFINED,,GBX,,TRUE,PRESENT,2026-08-18,2026-08-18,Broad industry; power-equipment relevance can be overridden.
Advait Energy Transitions Ltd,ADVAIT,India,NSE,INR,TRADINGVIEW_SCREENER,Producer Manufacturing,Electrical Products,POWER_EQUIPMENT,241085576.33164,UNDEFINED,,INR,,TRUE,PRESENT,2026-08-18,2026-08-18,Broad industry; power-equipment relevance can be overridden.
Modern Insulators Ltd.,MODINSU,India,BSE,INR,TRADINGVIEW_SCREENER,Producer Manufacturing,Electrical Products,POWER_EQUIPMENT,230350790.09202802,UNDEFINED,,INR,,TRUE,PRESENT,2026-08-18,2026-08-18,Broad industry; power-equipment relevance can be overridden.
Dynamic Cables Ltd.,DYCL,India,BSE,INR,TRADINGVIEW_SCREENER,Producer Manufacturing,Electrical Products,POWER_EQUIPMENT,228577742.51102403,UNDEFINED,,INR,,TRUE,PRESENT,2026-08-18,2026-08-18,Broad industry; power-equipment relevance can be overridden.
Honda India Power Products Limited,HONDAPOWER,India,NSE,INR,TRADINGVIEW_SCREENER,Producer Manufacturing,Electrical Products,POWER_EQUIPMENT,228067534.814078,UNDEFINED,,INR,,TRUE,PRESENT,2026-08-18,2026-08-18,Broad industry; power-equipment relevance can be overridden.
Great Rich Technologies Limited,900290,Hong Kong,KRX,KRW,TRADINGVIEW_SCREENER,Producer Manufacturing,Electrical Products,POWER_EQUIPMENT,227462678.84386802,UNDEFINED,,KRW,,TRUE,PRESENT,2026-08-18,2026-08-18,Broad industry; power-equipment relevance can be overridden.
"Iljin Holdings Co., Ltd.",015860,South Korea,KRX,KRW,TRADINGVIEW_SCREENER,Producer Manufacturing,Electrical Products,POWER_EQUIPMENT,224358825.091284,UNDEFINED,,KRW,,TRUE,PRESENT,2026-08-18,2026-08-18,Broad industry; power-equipment relevance can be overridden.
Paramount Communications Limited,PARACABLES,India,NSE,INR,TRADINGVIEW_SCREENER,Producer Manufacturing,Electrical Products,POWER_EQUIPMENT,223918987.877032,UNDEFINED,,INR,,TRUE,PRESENT,2026-08-18,2026-08-18,Broad industry; power-equipment relevance can be overridden.
"NanoXplore, Inc.",GRA,Canada,TSX,CAD,TRADINGVIEW_SCREENER,Producer Manufacturing,Electrical Products,POWER_EQUIPMENT,223540389.9162,UNDEFINED,,CAD,,TRUE,PRESENT,2026-08-18,2026-08-18,Broad industry; power-equipment relevance can be overridden.
GP Industries Limited,G20,Singapore,SGX,SGD,TRADINGVIEW_SCREENER,Producer Manufacturing,Electrical Products,POWER_EQUIPMENT,223035865.5694,UNDEFINED,,SGD,,TRUE,PRESENT,2026-08-18,2026-08-18,Broad industry; power-equipment relevance can be overridden.
SES AI Corporation Class A,A3DEJZ,United States,LSX,EUR,TRADINGVIEW_SCREENER,Producer Manufacturing,Electrical Products,POWER_EQUIPMENT,221939316,UNDEFINED,,EUR,,TRUE,PRESENT,2026-08-18,2026-08-18,Broad industry; power-equipment relevance can be overridden.
Electreon Wireless Ltd,ELWS,Israel,TASE,ILA,TRADINGVIEW_SCREENER,Producer Manufacturing,Electrical Products,POWER_EQUIPMENT,221795854.34439,UNDEFINED,,ILA,,TRUE,PRESENT,2026-08-18,2026-08-18,Broad industry; power-equipment relevance can be overridden.
"W-SCOPE CHUNGJU PLANT Co., Ltd.",393890,South Korea,KRX,KRW,TRADINGVIEW_SCREENER,Producer Manufacturing,Electrical Products,POWER_EQUIPMENT,221423504.147352,UNDEFINED,,KRW,,TRUE,PRESENT,2026-08-18,2026-08-18,Broad industry; power-equipment relevance can be overridden.
Exicom Tele-Systems Ltd.,EXICOM,India,NSE,INR,TRADINGVIEW_SCREENER,Producer Manufacturing,Electrical Products,POWER_EQUIPMENT,221203175.021854,UNDEFINED,,INR,,TRUE,PRESENT,2026-08-18,2026-08-18,Broad industry; power-equipment relevance can be overridden.
Natama Investment Group Inc.,NATM,United States,OTC,USD,TRADINGVIEW_SCREENER,Producer Manufacturing,Electrical Products,POWER_EQUIPMENT,220688030.05714285,UNDEFINED,,USD,,TRUE,PRESENT,2026-08-18,2026-08-18,Broad industry; power-equipment relevance can be overridden.
"Dongnan Electronics Co., Ltd.",301359,China,SZSE,CNY,TRADINGVIEW_SCREENER,Producer Manufacturing,Electrical Products,POWER_EQUIPMENT,217670903.55255,UNDEFINED,,CNY,,TRUE,PRESENT,2026-08-18,2026-08-18,Broad industry; power-equipment relevance can be overridden.
"Capstone Energy Plus, Inc.",CEPL,United States,NASDAQ,USD,TRADINGVIEW_SCREENER,Producer Manufacturing,Electrical Products,POWER_EQUIPMENT,217157197.67000002,UNDEFINED,,USD,,TRUE,PRESENT,2026-08-18,2026-08-18,Broad industry; power-equipment relevance can be overridden.
Kawaden Corporation,6648,Japan,TSE,JPY,TRADINGVIEW_SCREENER,Producer Manufacturing,Electrical Products,POWER_EQUIPMENT,215799954.619125,UNDEFINED,,JPY,,TRUE,PRESENT,2026-08-18,2026-08-18,Broad industry; power-equipment relevance can be overridden.
TBI MOTION TECHNOLOGY CO LTD,4540,Taiwan,TWSE,TWD,TRADINGVIEW_SCREENER,Producer Manufacturing,Electrical Products,POWER_EQUIPMENT,214503275.917155,UNDEFINED,,TWD,,TRUE,PRESENT,2026-08-18,2026-08-18,Broad industry; power-equipment relevance can be overridden.
NeoVolta Inc.,NEOV,United States,NASDAQ,USD,TRADINGVIEW_SCREENER,Producer Manufacturing,Electrical Products,POWER_EQUIPMENT,214262225.48760334,UNDEFINED,,USD,,TRUE,PRESENT,2026-08-18,2026-08-18,Broad industry; power-equipment relevance can be overridden.
SES AI Corporation,SES,United States,NYSE,USD,TRADINGVIEW_SCREENER,Producer Manufacturing,Electrical Products,POWER_EQUIPMENT,210159175.9327787,UNDEFINED,,USD,,TRUE,PRESENT,2026-08-18,2026-08-18,Broad industry; power-equipment relevance can be overridden.
ACL Cables PLC,ACL.N0000,Sri Lanka,CSELK,LKR,TRADINGVIEW_SCREENER,Producer Manufacturing,Electrical Products,POWER_EQUIPMENT,205639925.54142797,UNDEFINED,,LKR,,TRUE,PRESENT,2026-08-18,2026-08-18,Broad industry; power-equipment relevance can be overridden.
Gus Technology Co Ltd,6940,Taiwan,TPEX,TWD,TRADINGVIEW_SCREENER,Producer Manufacturing,Electrical Products,POWER_EQUIPMENT,205468187.34566098,UNDEFINED,,TWD,,TRUE,PRESENT,2026-08-18,2026-08-18,Broad industry; power-equipment relevance can be overridden.
DCX Systems Limited,DCXINDIA,India,NSE,INR,TRADINGVIEW_SCREENER,Producer Manufacturing,Electrical Products,POWER_EQUIPMENT,205274079.549362,UNDEFINED,,INR,,TRUE,PRESENT,2026-08-18,2026-08-18,Broad industry; power-equipment relevance can be overridden.
Zumtobel Group AG,A0JLPR,Austria,LS,EUR,TRADINGVIEW_SCREENER,Producer Manufacturing,Electrical Products,POWER_EQUIPMENT,201921095.115,UNDEFINED,,EUR,,TRUE,PRESENT,2026-08-18,2026-08-18,Broad industry; power-equipment relevance can be overridden.
"STIC Investments, Inc.",026890,South Korea,KRX,KRW,TRADINGVIEW_SCREENER,Producer Manufacturing,Electrical Products,POWER_EQUIPMENT,201397094.38719,UNDEFINED,,KRW,,TRUE,PRESENT,2026-08-18,2026-08-18,Broad industry; power-equipment relevance can be overridden.
"VSO Electronics Co., Ltd.",6913,Taiwan,TPEX,TWD,TRADINGVIEW_SCREENER,Producer Manufacturing,Electrical Products,POWER_EQUIPMENT,201193847.612945,UNDEFINED,,TWD,,TRUE,PRESENT,2026-08-18,2026-08-18,Broad industry; power-equipment relevance can be overridden.
"Radbon Electronics Co., Ltd.",7893,Taiwan,TPEX,TWD,TRADINGVIEW_SCREENER,Producer Manufacturing,Electrical Products,POWER_EQUIPMENT,199806942.41939998,UNDEFINED,,TWD,,TRUE,PRESENT,2026-08-18,2026-08-18,Broad industry; power-equipment relevance can be overridden.
GrafTech International Ltd.,G6G0,United States,GETTEX,EUR,TRADINGVIEW_SCREENER,Producer Manufacturing,Electrical Products,POWER_EQUIPMENT,198561379,UNDEFINED,,EUR,,TRUE,PRESENT,2026-08-18,2026-08-18,Broad industry; power-equipment relevance can be overridden.
"Energy Material Technology Co., Ltd.",232530,South Korea,KRX,KRW,TRADINGVIEW_SCREENER,Producer Manufacturing,Electrical Products,POWER_EQUIPMENT,197793667.041516,UNDEFINED,,KRW,,TRUE,PRESENT,2026-08-18,2026-08-18,Broad industry; power-equipment relevance can be overridden.
Servotech Renewable Power System Ltd,SERVOTECH,India,NSE,INR,TRADINGVIEW_SCREENER,Producer Manufacturing,Electrical Products,POWER_EQUIPMENT,194949385.39291,UNDEFINED,,INR,,TRUE,PRESENT,2026-08-18,2026-08-18,Broad industry; power-equipment relevance can be overridden.
Invinity Energy Sys Plc.,IESVF,United Kingdom,OTC,USD,TRADINGVIEW_SCREENER,Producer Manufacturing,Electrical Products,POWER_EQUIPMENT,194450331.15344128,UNDEFINED,,USD,,TRUE,PRESENT,2026-08-18,2026-08-18,Broad industry; power-equipment relevance can be overridden.
XMH Holdings Ltd.,BQF,Singapore,SGX,SGD,TRADINGVIEW_SCREENER,Producer Manufacturing,Electrical Products,POWER_EQUIPMENT,192745789.6286,UNDEFINED,,SGD,,TRUE,PRESENT,2026-08-18,2026-08-18,Broad industry; power-equipment relevance can be overridden.
Tai Sin Electric Limited,500,Singapore,SGX,SGD,TRADINGVIEW_SCREENER,Producer Manufacturing,Electrical Products,POWER_EQUIPMENT,192387387.7861,UNDEFINED,,SGD,,TRUE,PRESENT,2026-08-18,2026-08-18,Broad industry; power-equipment relevance can be overridden.
Graphene Manufacturing Group Ltd.,GMGMF,Australia,OTC,USD,TRADINGVIEW_SCREENER,Producer Manufacturing,Electrical Products,POWER_EQUIPMENT,190814020.08900002,UNDEFINED,,USD,,TRUE,PRESENT,2026-08-18,2026-08-18,Broad industry; power-equipment relevance can be overridden.
Invinity Energy Systems PLC,A10,United Kingdom,GETTEX,EUR,TRADINGVIEW_SCREENER,Producer Manufacturing,Electrical Products,POWER_EQUIPMENT,190316446.386,UNDEFINED,,EUR,,TRUE,PRESENT,2026-08-18,2026-08-18,Broad industry; power-equipment relevance can be overridden.
Marsons Limited,MARSONS,India,NSE,INR,TRADINGVIEW_SCREENER,Producer Manufacturing,Electrical Products,POWER_EQUIPMENT,189000034.638698,UNDEFINED,,INR,,TRUE,PRESENT,2026-08-18,2026-08-18,Broad industry; power-equipment relevance can be overridden.
"Asia Electronic Material Co., Ltd.",4939,Taiwan,TPEX,TWD,TRADINGVIEW_SCREENER,Producer Manufacturing,Electrical Products,POWER_EQUIPMENT,188079234.254445,UNDEFINED,,TWD,,TRUE,PRESENT,2026-08-18,2026-08-18,Broad industry; power-equipment relevance can be overridden.
Hammond Manufacturing Company Limited,HMFAF,Canada,OTC,USD,TRADINGVIEW_SCREENER,Producer Manufacturing,Electrical Products,POWER_EQUIPMENT,184866958.586981,UNDEFINED,,USD,,TRUE,PRESENT,2026-08-18,2026-08-18,Broad industry; power-equipment relevance can be overridden.
Unison Co Ltd,018000,South Korea,KRX,KRW,TRADINGVIEW_SCREENER,Producer Manufacturing,Electrical Products,POWER_EQUIPMENT,182167800.29323202,UNDEFINED,,KRW,,TRUE,PRESENT,2026-08-18,2026-08-18,Broad industry; power-equipment relevance can be overridden.
"HYE Technology Co., Ltd.",6877,Taiwan,TPEX,TWD,TRADINGVIEW_SCREENER,Producer Manufacturing,Electrical Products,POWER_EQUIPMENT,181571020.21034998,UNDEFINED,,TWD,,TRUE,PRESENT,2026-08-18,2026-08-18,Broad industry; power-equipment relevance can be overridden.
Mayfield Group Holdings Limited,MYG,Australia,ASX,AUD,TRADINGVIEW_SCREENER,Producer Manufacturing,Electrical Products,POWER_EQUIPMENT,180235030.43809998,UNDEFINED,,AUD,,TRUE,PRESENT,2026-08-18,2026-08-18,Broad industry; power-equipment relevance can be overridden.
Hammond Manufacturing Co. Ltd. Class A,HMM.A,Canada,NEO,CAD,TRADINGVIEW_SCREENER,Producer Manufacturing,Electrical Products,POWER_EQUIPMENT,180099956.2341,UNDEFINED,,CAD,,TRUE,PRESENT,2026-08-18,2026-08-18,Broad industry; power-equipment relevance can be overridden.
"KBI METAL Co., Ltd.",024840,South Korea,KRX,KRW,TRADINGVIEW_SCREENER,Producer Manufacturing,Electrical Products,POWER_EQUIPMENT,173927812.05376202,UNDEFINED,,KRW,,TRUE,PRESENT,2026-08-18,2026-08-18,Broad industry; power-equipment relevance can be overridden.
"KG Eco Solution Co.,Ltd.",151860,South Korea,KRX,KRW,TRADINGVIEW_SCREENER,Producer Manufacturing,Electrical Products,POWER_EQUIPMENT,171417506.71359602,UNDEFINED,,KRW,,TRUE,PRESENT,2026-08-18,2026-08-18,Broad industry; power-equipment relevance can be overridden.
"Sangsin Energy Display Precision Co., Ltd.",091580,South Korea,KRX,KRW,TRADINGVIEW_SCREENER,Producer Manufacturing,Electrical Products,POWER_EQUIPMENT,171035163.0819,UNDEFINED,,KRW,,TRUE,PRESENT,2026-08-18,2026-08-18,Broad industry; power-equipment relevance can be overridden.
"PHILENERGY CO., LTD.",378340,South Korea,KRX,KRW,TRADINGVIEW_SCREENER,Producer Manufacturing,Electrical Products,POWER_EQUIPMENT,170324803.80208802,UNDEFINED,,KRW,,TRUE,PRESENT,2026-08-18,2026-08-18,Broad industry; power-equipment relevance can be overridden.
Polytronics Technology Corp.,6224,Taiwan,TWSE,TWD,TRADINGVIEW_SCREENER,Producer Manufacturing,Electrical Products,POWER_EQUIPMENT,169108214.313779,UNDEFINED,,TWD,,TRUE,PRESENT,2026-08-18,2026-08-18,Broad industry; power-equipment relevance can be overridden.
"Vitzro Tech Co., Ltd.",042370,South Korea,KRX,KRW,TRADINGVIEW_SCREENER,Producer Manufacturing,Electrical Products,POWER_EQUIPMENT,168474548.34943202,UNDEFINED,,KRW,,TRUE,PRESENT,2026-08-18,2026-08-18,Broad industry; power-equipment relevance can be overridden.
"Togami Electric Mfg.Co., Ltd.",6643,Japan,TSE,JPY,TRADINGVIEW_SCREENER,Producer Manufacturing,Electrical Products,POWER_EQUIPMENT,168237017.407875,UNDEFINED,,JPY,,TRUE,PRESENT,2026-08-18,2026-08-18,Broad industry; power-equipment relevance can be overridden.
Payton Industries Ltd.,PAYT,Israel,TASE,ILA,TRADINGVIEW_SCREENER,Producer Manufacturing,Electrical Products,POWER_EQUIPMENT,167469259.20374,UNDEFINED,,ILA,,TRUE,PRESENT,2026-08-18,2026-08-18,Broad industry; power-equipment relevance can be overridden.
IKIO Technologies Ltd,IKIO,India,NSE,INR,TRADINGVIEW_SCREENER,Producer Manufacturing,Electrical Products,POWER_EQUIPMENT,165894327.710906,UNDEFINED,,INR,,TRUE,PRESENT,2026-08-18,2026-08-18,Broad industry; power-equipment relevance can be overridden.
China Nature Energy Technology Holdings Limited,1597,China,HKEX,HKD,TRADINGVIEW_SCREENER,Producer Manufacturing,Electrical Products,POWER_EQUIPMENT,165619993.88480002,UNDEFINED,,HKD,,TRUE,PRESENT,2026-08-18,2026-08-18,Broad industry; power-equipment relevance can be overridden.
Leoch International Technology Limited,0LT,China,GETTEX,EUR,TRADINGVIEW_SCREENER,Producer Manufacturing,Electrical Products,POWER_EQUIPMENT,161577752.15400004,UNDEFINED,,EUR,,TRUE,PRESENT,2026-08-18,2026-08-18,Broad industry; power-equipment relevance can be overridden.
Payton Planar Magnetics Ltd.,0NST,Israel,LSE,EUR,TRADINGVIEW_SCREENER,Producer Manufacturing,Electrical Products,POWER_EQUIPMENT,160424565.95700002,UNDEFINED,,EUR,,TRUE,PRESENT,2026-08-18,2026-08-18,Broad industry; power-equipment relevance can be overridden.
"ChargePoint Holdings, Inc.",K9N,United States,GETTEX,EUR,TRADINGVIEW_SCREENER,Producer Manufacturing,Electrical Products,POWER_EQUIPMENT,160047353,UNDEFINED,,EUR,,TRUE,PRESENT,2026-08-18,2026-08-18,Broad industry; power-equipment relevance can be overridden.
Fukuta Electric & Machinery Co. Ltd.,4590,Taiwan,TWSE,TWD,TRADINGVIEW_SCREENER,Producer Manufacturing,Electrical Products,POWER_EQUIPMENT,159938688.74719998,UNDEFINED,,TWD,,TRUE,PRESENT,2026-08-18,2026-08-18,Broad industry; power-equipment relevance can be overridden.
ARIBIO Holdings Inc.,290690,South Korea,KRX,KRW,TRADINGVIEW_SCREENER,Producer Manufacturing,Electrical Products,POWER_EQUIPMENT,158176208.45613602,UNDEFINED,,KRW,,TRUE,PRESENT,2026-08-18,2026-08-18,Broad industry; power-equipment relevance can be overridden.
Danish Power Ltd.,DANISH,India,NSE,INR,TRADINGVIEW_SCREENER,Producer Manufacturing,Electrical Products,POWER_EQUIPMENT,157399628.844291,UNDEFINED,,INR,,TRUE,PRESENT,2026-08-18,2026-08-18,Broad industry; power-equipment relevance can be overridden.
"Seoho Electric Co., Ltd",065710,South Korea,KRX,KRW,TRADINGVIEW_SCREENER,Producer Manufacturing,Electrical Products,POWER_EQUIPMENT,157242108.414456,UNDEFINED,,KRW,,TRUE,PRESENT,2026-08-18,2026-08-18,Broad industry; power-equipment relevance can be overridden.
"TC Materials Co., Ltd.",125020,South Korea,KRX,KRW,TRADINGVIEW_SCREENER,Producer Manufacturing,Electrical Products,POWER_EQUIPMENT,155938639.371138,UNDEFINED,,KRW,,TRUE,PRESENT,2026-08-18,2026-08-18,Broad industry; power-equipment relevance can be overridden.
Haycarb PLC,HAYC.N0000,Sri Lanka,CSELK,LKR,TRADINGVIEW_SCREENER,Producer Manufacturing,Electrical Products,POWER_EQUIPMENT,155559435.796604,UNDEFINED,,LKR,,TRUE,PRESENT,2026-08-18,2026-08-18,Broad industry; power-equipment relevance can be overridden.
"Sea Sonic Electronics Co., Ltd.",6203,Taiwan,TPEX,TWD,TRADINGVIEW_SCREENER,Producer Manufacturing,Electrical Products,POWER_EQUIPMENT,154477781.456106,UNDEFINED,,TWD,,TRUE,PRESENT,2026-08-18,2026-08-18,Broad industry; power-equipment relevance can be overridden.
Quadrant Future Tek Limited,QUADFUTURE,India,NSE,INR,TRADINGVIEW_SCREENER,Producer Manufacturing,Electrical Products,POWER_EQUIPMENT,151181718.55565602,UNDEFINED,,INR,,TRUE,PRESENT,2026-08-18,2026-08-18,Broad industry; power-equipment relevance can be overridden.
Mitac Digital Technology Corporation,7821,Taiwan,TWSE,TWD,TRADINGVIEW_SCREENER,Producer Manufacturing,Electrical Products,POWER_EQUIPMENT,149831963.007477,UNDEFINED,,TWD,,TRUE,PRESENT,2026-08-18,2026-08-18,Broad industry; power-equipment relevance can be overridden.
"Well Shin Technology Co., Ltd.",3501,Taiwan,TWSE,TWD,TRADINGVIEW_SCREENER,Producer Manufacturing,Electrical Products,POWER_EQUIPMENT,148290547.312329,UNDEFINED,,TWD,,TRUE,PRESENT,2026-08-18,2026-08-18,Broad industry; power-equipment relevance can be overridden.
"Win Win Precision Technology Co., Ltd",4949,Taiwan,TWSE,TWD,TRADINGVIEW_SCREENER,Producer Manufacturing,Electrical Products,POWER_EQUIPMENT,147619300.591151,UNDEFINED,,TWD,,TRUE,PRESENT,2026-08-18,2026-08-18,Broad industry; power-equipment relevance can be overridden.
"SHIN HEUNG ENERGY & ELECTRONICS Co., Ltd.",243840,South Korea,KRX,KRW,TRADINGVIEW_SCREENER,Producer Manufacturing,Electrical Products,POWER_EQUIPMENT,147249273.119832,UNDEFINED,,KRW,,TRUE,PRESENT,2026-08-18,2026-08-18,Broad industry; power-equipment relevance can be overridden.
PT Bukaka Teknik Utama Tbk,BUKK,Indonesia,IDX,IDR,TRADINGVIEW_SCREENER,Producer Manufacturing,Electrical Products,POWER_EQUIPMENT,147125980.1074,UNDEFINED,,IDR,,TRUE,PRESENT,2026-08-18,2026-08-18,Broad industry; power-equipment relevance can be overridden.
Turk Prysmian Kablo ve Sistemleri A.S.,PRKAB,Turkey,BIST,TRY,TRADINGVIEW_SCREENER,Producer Manufacturing,Electrical Products,POWER_EQUIPMENT,146933526.68301,UNDEFINED,,TRY,,TRUE,PRESENT,2026-08-18,2026-08-18,Broad industry; power-equipment relevance can be overridden.
Vivid Electromech Ltd.,VIVIDEL,India,NSE,INR,TRADINGVIEW_SCREENER,Producer Manufacturing,Electrical Products,POWER_EQUIPMENT,145850037.8481,UNDEFINED,,INR,,TRUE,PRESENT,2026-08-18,2026-08-18,Broad industry; power-equipment relevance can be overridden.
CTCI Advanced Systems Inc.,5209,Taiwan,TPEX,TWD,TRADINGVIEW_SCREENER,Producer Manufacturing,Electrical Products,POWER_EQUIPMENT,144722846.190521,UNDEFINED,,TWD,,TRUE,PRESENT,2026-08-18,2026-08-18,Broad industry; power-equipment relevance can be overridden.
"Elensys Co., Ltd.",264850,South Korea,KRX,KRW,TRADINGVIEW_SCREENER,Producer Manufacturing,Electrical Products,POWER_EQUIPMENT,144189018.62235,UNDEFINED,,KRW,,TRUE,PRESENT,2026-08-18,2026-08-18,Broad industry; power-equipment relevance can be overridden.
Powerwell Holdings Bhd.,PWRWELL,Malaysia,MYX,MYR,TRADINGVIEW_SCREENER,Producer Manufacturing,Electrical Products,POWER_EQUIPMENT,143247141.1588,UNDEFINED,,MYR,,TRUE,PRESENT,2026-08-18,2026-08-18,Broad industry; power-equipment relevance can be overridden.
Ubright Optronics Corporation,4933,Taiwan,TPEX,TWD,TRADINGVIEW_SCREENER,Producer Manufacturing,Electrical Products,POWER_EQUIPMENT,141729822.72248998,UNDEFINED,,TWD,,TRUE,PRESENT,2026-08-18,2026-08-18,Broad industry; power-equipment relevance can be overridden.
Pak Elektron Ltd.,PAEL,Pakistan,PSX,PKR,TRADINGVIEW_SCREENER,Producer Manufacturing,Electrical Products,POWER_EQUIPMENT,141090267.22322398,UNDEFINED,,PKR,,TRUE,PRESENT,2026-08-18,2026-08-18,Broad industry; power-equipment relevance can be overridden.
Electro Cable Egypt,ELEC,Egypt,EGX,EGP,TRADINGVIEW_SCREENER,Producer Manufacturing,Electrical Products,POWER_EQUIPMENT,140140558.17983,UNDEFINED,,EGP,,TRUE,PRESENT,2026-08-18,2026-08-18,Broad industry; power-equipment relevance can be overridden.
Cavotec Group AB,CCC,Sweden,OMXSTO,SEK,TRADINGVIEW_SCREENER,Producer Manufacturing,Electrical Products,POWER_EQUIPMENT,137272979.951,UNDEFINED,,SEK,,TRUE,PRESENT,2026-08-18,2026-08-18,Broad industry; power-equipment relevance can be overridden.
G2Power Co. Ltd,388050,South Korea,KRX,KRW,TRADINGVIEW_SCREENER,Producer Manufacturing,Electrical Products,POWER_EQUIPMENT,137119228.343604,UNDEFINED,,KRW,,TRUE,PRESENT,2026-08-18,2026-08-18,Broad industry; power-equipment relevance can be overridden.
"FUJI DIE Co., Ltd.",6167,Japan,TSE,JPY,TRADINGVIEW_SCREENER,Producer Manufacturing,Electrical Products,POWER_EQUIPMENT,135060658.617125,UNDEFINED,,JPY,,TRUE,PRESENT,2026-08-18,2026-08-18,Broad industry; power-equipment relevance can be overridden.
"IL CO.,LTD.",307180,South Korea,KRX,KRW,TRADINGVIEW_SCREENER,Producer Manufacturing,Electrical Products,POWER_EQUIPMENT,132164301.78432001,UNDEFINED,,KRW,,TRUE,PRESENT,2026-08-18,2026-08-18,Broad industry; power-equipment relevance can be overridden.
Yigit Aku Malzemeleri Nakliyat Turizm Insaat Sanayi Ve Ticaret,YIGIT,Turkey,BIST,TRY,TRADINGVIEW_SCREENER,Producer Manufacturing,Electrical Products,POWER_EQUIPMENT,129178997.27238001,UNDEFINED,,TRY,,TRUE,PRESENT,2026-08-18,2026-08-18,Broad industry; power-equipment relevance can be overridden.
Divine Power Energy Ltd.,DPEL,India,NSE,INR,TRADINGVIEW_SCREENER,Producer Manufacturing,Electrical Products,POWER_EQUIPMENT,128027423.95684801,UNDEFINED,,INR,,TRUE,PRESENT,2026-08-18,2026-08-18,Broad industry; power-equipment relevance can be overridden.
"Broadwind, Inc.",A1J3B2,United States,LSX,EUR,TRADINGVIEW_SCREENER,Producer Manufacturing,Electrical Products,POWER_EQUIPMENT,127276672,UNDEFINED,,EUR,,TRUE,PRESENT,2026-08-18,2026-08-18,Broad industry; power-equipment relevance can be overridden.
Solteam Incorporation,3484,Taiwan,TPEX,TWD,TRADINGVIEW_SCREENER,Producer Manufacturing,Electrical Products,POWER_EQUIPMENT,126878596.764847,UNDEFINED,,TWD,,TRUE,PRESENT,2026-08-18,2026-08-18,Broad industry; power-equipment relevance can be overridden.
Ekos Teknoloji ve Elektrik AS,EKOS,Turkey,BIST,TRY,TRADINGVIEW_SCREENER,Producer Manufacturing,Electrical Products,POWER_EQUIPMENT,126218400.00000001,UNDEFINED,,TRY,,TRUE,PRESENT,2026-08-18,2026-08-18,Broad industry; power-equipment relevance can be overridden.
Ultralife Corporation,888615,United States,LS,EUR,TRADINGVIEW_SCREENER,Producer Manufacturing,Electrical Products,POWER_EQUIPMENT,125141154,UNDEFINED,,EUR,,TRUE,PRESENT,2026-08-18,2026-08-18,Broad industry; power-equipment relevance can be overridden.
"Nippon Gear Co., Ltd.",6356,Japan,TSE,JPY,TRADINGVIEW_SCREENER,Producer Manufacturing,Electrical Products,POWER_EQUIPMENT,124723146.3656,UNDEFINED,,JPY,,TRUE,PRESENT,2026-08-18,2026-08-18,Broad industry; power-equipment relevance can be overridden.
"CHEIL ELECTRIC CO.,LTD.",199820,South Korea,KRX,KRW,TRADINGVIEW_SCREENER,Producer Manufacturing,Electrical Products,POWER_EQUIPMENT,124631531.74882801,UNDEFINED,,KRW,,TRUE,PRESENT,2026-08-18,2026-08-18,Broad industry; power-equipment relevance can be overridden.
SK Signet Inc.,260870,South Korea,KRX,KRW,TRADINGVIEW_SCREENER,Producer Manufacturing,Electrical Products,POWER_EQUIPMENT,123483397.31114401,UNDEFINED,,KRW,,TRUE,PRESENT,2026-08-18,2026-08-18,Broad industry; power-equipment relevance can be overridden.
"Onamba Co., Ltd.",5816,Japan,TSE,JPY,TRADINGVIEW_SCREENER,Producer Manufacturing,Electrical Products,POWER_EQUIPMENT,123196800.87035,UNDEFINED,,JPY,,TRUE,PRESENT,2026-08-18,2026-08-18,Broad industry; power-equipment relevance can be overridden.
Optimax Technology Corporation,3051,Taiwan,TWSE,TWD,TRADINGVIEW_SCREENER,Producer Manufacturing,Electrical Products,POWER_EQUIPMENT,122937853.596352,UNDEFINED,,TWD,,TRUE,PRESENT,2026-08-18,2026-08-18,Broad industry; power-equipment relevance can be overridden.
Bhagyanagar India Limited,BHAGYANGR,India,BSE,INR,TRADINGVIEW_SCREENER,Producer Manufacturing,Electrical Products,POWER_EQUIPMENT,122049119.73590401,UNDEFINED,,INR,,TRUE,PRESENT,2026-08-18,2026-08-18,Broad industry; power-equipment relevance can be overridden.
China Electric MFG Corp.,1611,Taiwan,TWSE,TWD,TRADINGVIEW_SCREENER,Producer Manufacturing,Electrical Products,POWER_EQUIPMENT,121811867.80366099,UNDEFINED,,TWD,,TRUE,PRESENT,2026-08-18,2026-08-18,Broad industry; power-equipment relevance can be overridden.
United Fiber Optic Communication Inc.,4903,Taiwan,TPEX,TWD,TRADINGVIEW_SCREENER,Producer Manufacturing,Electrical Products,POWER_EQUIPMENT,121252903.311704,UNDEFINED,,TWD,,TRUE,PRESENT,2026-08-18,2026-08-18,Broad industry; power-equipment relevance can be overridden.
"Daeyang Electric Co., Ltd",108380,South Korea,KRX,KRW,TRADINGVIEW_SCREENER,Producer Manufacturing,Electrical Products,POWER_EQUIPMENT,119304410.74461001,UNDEFINED,,KRW,,TRUE,PRESENT,2026-08-18,2026-08-18,Broad industry; power-equipment relevance can be overridden.
"Sino-Synergy Hydrogen Energy Technology (Jiaxing) Co., Ltd. Class H",9663,China,HKEX,HKD,TRADINGVIEW_SCREENER,Producer Manufacturing,Electrical Products,POWER_EQUIPMENT,118112420.1166,UNDEFINED,,HKD,,TRUE,PRESENT,2026-08-18,2026-08-18,Broad industry; power-equipment relevance can be overridden.
"YFC-BonEagle Electric Co., Ltd.",6220,Taiwan,TPEX,TWD,TRADINGVIEW_SCREENER,Producer Manufacturing,Electrical Products,POWER_EQUIPMENT,117184827.603418,UNDEFINED,,TWD,,TRUE,PRESENT,2026-08-18,2026-08-18,Broad industry; power-equipment relevance can be overridden.
"Tirathai Public Co., Ltd.",TRT,Thailand,SET,THB,TRADINGVIEW_SCREENER,Producer Manufacturing,Electrical Products,POWER_EQUIPMENT,116003603.29961,UNDEFINED,,THB,,TRUE,PRESENT,2026-08-18,2026-08-18,Broad industry; power-equipment relevance can be overridden.
Indo SMC Limited,INDOSMC,India,BSE,INR,TRADINGVIEW_SCREENER,Producer Manufacturing,Electrical Products,POWER_EQUIPMENT,115468288.531365,UNDEFINED,,INR,,TRUE,PRESENT,2026-08-18,2026-08-18,Broad industry; power-equipment relevance can be overridden.
Evertop Wire Cable Corporation,1616,Taiwan,TWSE,TWD,TRADINGVIEW_SCREENER,Producer Manufacturing,Electrical Products,POWER_EQUIPMENT,114966449.63131599,UNDEFINED,,TWD,,TRUE,PRESENT,2026-08-18,2026-08-18,Broad industry; power-equipment relevance can be overridden.
Supercomnet Technologies Bhd.,SCOMNET,Malaysia,MYX,MYR,TRADINGVIEW_SCREENER,Producer Manufacturing,Electrical Products,POWER_EQUIPMENT,113532283.7866,UNDEFINED,,MYR,,TRUE,PRESENT,2026-08-18,2026-08-18,Broad industry; power-equipment relevance can be overridden.
"DNF Co., Ltd.",092070,South Korea,KRX,KRW,TRADINGVIEW_SCREENER,Producer Manufacturing,Electrical Products,POWER_EQUIPMENT,111940222.027374,UNDEFINED,,KRW,,TRUE,PRESENT,2026-08-18,2026-08-18,Broad industry; power-equipment relevance can be overridden.
M3 Technology Inc,6799,Taiwan,TWSE,TWD,TRADINGVIEW_SCREENER,Producer Manufacturing,Electrical Products,POWER_EQUIPMENT,111827704.32062499,UNDEFINED,,TWD,,TRUE,PRESENT,2026-08-18,2026-08-18,Broad industry; power-equipment relevance can be overridden.
Phinergy Ltd,PNRG,Israel,TASE,ILA,TRADINGVIEW_SCREENER,Producer Manufacturing,Electrical Products,POWER_EQUIPMENT,111182747.54275,UNDEFINED,,ILA,,TRUE,PRESENT,2026-08-18,2026-08-18,Broad industry; power-equipment relevance can be overridden.
"Justek, Inc.",153890,South Korea,KRX,KRW,TRADINGVIEW_SCREENER,Producer Manufacturing,Electrical Products,POWER_EQUIPMENT,109801891.797858,UNDEFINED,,KRW,,TRUE,PRESENT,2026-08-18,2026-08-18,Broad industry; power-equipment relevance can be overridden.
Harju Elekter Group AS,HAE1T,Estonia,OMXTSE,EUR,TRADINGVIEW_SCREENER,Producer Manufacturing,Electrical Products,POWER_EQUIPMENT,109586263.48650001,UNDEFINED,,EUR,,TRUE,PRESENT,2026-08-18,2026-08-18,Broad industry; power-equipment relevance can be overridden.
Voltatron AG,VOTR,Germany,FWB,EUR,TRADINGVIEW_SCREENER,Producer Manufacturing,Electrical Products,POWER_EQUIPMENT,109129151.07900001,UNDEFINED,,EUR,,TRUE,PRESENT,2026-08-18,2026-08-18,Broad industry; power-equipment relevance can be overridden.
Hengxin Technology Ltd.,1085,China,HKEX,HKD,TRADINGVIEW_SCREENER,Producer Manufacturing,Electrical Products,POWER_EQUIPMENT,107957738.252,UNDEFINED,,HKD,,TRUE,PRESENT,2026-08-18,2026-08-18,Broad industry; power-equipment relevance can be overridden.
Tecogen Inc.,TGEN,United States,AMEX,USD,TRADINGVIEW_SCREENER,Producer Manufacturing,Electrical Products,POWER_EQUIPMENT,107770528.1589041,UNDEFINED,,USD,,TRUE,PRESENT,2026-08-18,2026-08-18,Broad industry; power-equipment relevance can be overridden.
PT Supreme Cable Manufacturing & Commerce Tbk,SCCO,Indonesia,IDX,IDR,TRADINGVIEW_SCREENER,Producer Manufacturing,Electrical Products,POWER_EQUIPMENT,106377076.845704,UNDEFINED,,IDR,,TRUE,PRESENT,2026-08-18,2026-08-18,Broad industry; power-equipment relevance can be overridden.
Innoviz Technologies Ltd.,INVZ,Israel,NASDAQ,USD,TRADINGVIEW_SCREENER,Producer Manufacturing,Electrical Products,POWER_EQUIPMENT,105995784.32534339,UNDEFINED,,USD,,TRUE,PRESENT,2026-08-18,2026-08-18,Broad industry; power-equipment relevance can be overridden.
Salzer Electronics Limited,SALZERELEC,India,NSE,INR,TRADINGVIEW_SCREENER,Producer Manufacturing,Electrical Products,POWER_EQUIPMENT,105689503.837288,UNDEFINED,,INR,,TRUE,PRESENT,2026-08-18,2026-08-18,Broad industry; power-equipment relevance can be overridden.
"APT Electronics Co., Ltd. Class H",2551,China,HKEX,HKD,TRADINGVIEW_SCREENER,Producer Manufacturing,Electrical Products,POWER_EQUIPMENT,105386031.91480002,UNDEFINED,,HKD,,TRUE,PRESENT,2026-08-18,2026-08-18,Broad industry; power-equipment relevance can be overridden.
"Nippon Tungsten Co., Ltd.",6998,Japan,TSE,JPY,TRADINGVIEW_SCREENER,Producer Manufacturing,Electrical Products,POWER_EQUIPMENT,102361778.055075,UNDEFINED,,JPY,,TRUE,PRESENT,2026-08-18,2026-08-18,Broad industry; power-equipment relevance can be overridden.
HINDUSTHAN INSULATORS & INDUSTRIES LIMITED,HIIL,India,BSE,INR,TRADINGVIEW_SCREENER,Producer Manufacturing,Electrical Products,POWER_EQUIPMENT,101920578.49393201,UNDEFINED,,INR,,TRUE,PRESENT,2026-08-18,2026-08-18,Broad industry; power-equipment relevance can be overridden.
CTEK AB,A3C283,Sweden,LSX,EUR,TRADINGVIEW_SCREENER,Producer Manufacturing,Electrical Products,POWER_EQUIPMENT,101741298.9452,UNDEFINED,,EUR,,TRUE,PRESENT,2026-08-18,2026-08-18,Broad industry; power-equipment relevance can be overridden.
R. STAHL Aktiengesellschaft,RSL2,Germany,HAM,EUR,TRADINGVIEW_SCREENER,Producer Manufacturing,Electrical Products,POWER_EQUIPMENT,101290899.4695,UNDEFINED,,EUR,,TRUE,PRESENT,2026-08-18,2026-08-18,Broad industry; power-equipment relevance can be overridden.
ASEFA Public Company Limited,ASEFA,Thailand,SET,THB,TRADINGVIEW_SCREENER,Producer Manufacturing,Electrical Products,POWER_EQUIPMENT,100301996.59303,UNDEFINED,,THB,,TRUE,PRESENT,2026-08-18,2026-08-18,Broad industry; power-equipment relevance can be overridden.
"Ablerex Electronics Co., Ltd.",3628,Taiwan,TPEX,TWD,TRADINGVIEW_SCREENER,Producer Manufacturing,Electrical Products,POWER_EQUIPMENT,99942367.726559,UNDEFINED,,TWD,,TRUE,PRESENT,2026-08-18,2026-08-18,Broad industry; power-equipment relevance can be overridden.
Arbe Robotics Ltd.,ARBE,Israel,NASDAQ,USD,TRADINGVIEW_SCREENER,Producer Manufacturing,Electrical Products,POWER_EQUIPMENT,99714242.97666833,UNDEFINED,,USD,,TRUE,PRESENT,2026-08-18,2026-08-18,Broad industry; power-equipment relevance can be overridden.
Kirloskar Electric Co. Ltd.,KECL,India,BSE,INR,TRADINGVIEW_SCREENER,Producer Manufacturing,Electrical Products,POWER_EQUIPMENT,99647704.028804,UNDEFINED,,INR,,TRUE,PRESENT,2026-08-18,2026-08-18,Broad industry; power-equipment relevance can be overridden.
"Jung Shing Wire Co., Ltd.",1617,Taiwan,TWSE,TWD,TRADINGVIEW_SCREENER,Producer Manufacturing,Electrical Products,POWER_EQUIPMENT,98086317.72308299,UNDEFINED,,TWD,,TRUE,PRESENT,2026-08-18,2026-08-18,Broad industry; power-equipment relevance can be overridden.
Swelect Energy Systems Limited,SWELECTES,India,NSE,INR,TRADINGVIEW_SCREENER,Producer Manufacturing,Electrical Products,POWER_EQUIPMENT,98026363.309212,UNDEFINED,,INR,,TRUE,PRESENT,2026-08-18,2026-08-18,Broad industry; power-equipment relevance can be overridden.
"Mobiletron Electronics Co., Ltd.",1533,Taiwan,TWSE,TWD,TRADINGVIEW_SCREENER,Producer Manufacturing,Electrical Products,POWER_EQUIPMENT,97906637.15307799,UNDEFINED,,TWD,,TRUE,PRESENT,2026-08-18,2026-08-18,Broad industry; power-equipment relevance can be overridden.
"CP System Co., Ltd",413630,South Korea,KRX,KRW,TRADINGVIEW_SCREENER,Producer Manufacturing,Electrical Products,POWER_EQUIPMENT,96430878.270324,UNDEFINED,,KRW,,TRUE,PRESENT,2026-08-18,2026-08-18,Broad industry; power-equipment relevance can be overridden.
Say Yenilenebilir Enerji Ekipmanlari Sanayi ve Ticaret A.S.,SAYAS,Turkey,BIST,TRY,TRADINGVIEW_SCREENER,Producer Manufacturing,Electrical Products,POWER_EQUIPMENT,92676012.66609001,UNDEFINED,,TRY,,TRUE,PRESENT,2026-08-18,2026-08-18,Broad industry; power-equipment relevance can be overridden.
"TAIWAN LINE TEK ELECTRONIC CO., LTD.",2462,Taiwan,TWSE,TWD,TRADINGVIEW_SCREENER,Producer Manufacturing,Electrical Products,POWER_EQUIPMENT,92422209.77850999,UNDEFINED,,TWD,,TRUE,PRESENT,2026-08-18,2026-08-18,Broad industry; power-equipment relevance can be overridden.
Birla Cable Limited,BIRLACABLE,India,NSE,INR,TRADINGVIEW_SCREENER,Producer Manufacturing,Electrical Products,POWER_EQUIPMENT,91202355,UNDEFINED,,INR,,TRUE,PRESENT,2026-08-18,2026-08-18,Broad industry; power-equipment relevance can be overridden.
"Nakabohtec Corrosion Protecting Co., Ltd.",1787,Japan,TSE,JPY,TRADINGVIEW_SCREENER,Producer Manufacturing,Electrical Products,POWER_EQUIPMENT,91079098.17045,UNDEFINED,,JPY,,TRUE,PRESENT,2026-08-18,2026-08-18,Broad industry; power-equipment relevance can be overridden.
FDK Corporation,6955,Japan,TSE,JPY,TRADINGVIEW_SCREENER,Producer Manufacturing,Electrical Products,POWER_EQUIPMENT,90726215.657775,UNDEFINED,,JPY,,TRUE,PRESENT,2026-08-18,2026-08-18,Broad industry; power-equipment relevance can be overridden.
LiComm Co. Ltd.,388790,South Korea,KRX,KRW,TRADINGVIEW_SCREENER,Producer Manufacturing,Electrical Products,POWER_EQUIPMENT,89649846.52767001,UNDEFINED,,KRW,,TRUE,PRESENT,2026-08-18,2026-08-18,Broad industry; power-equipment relevance can be overridden.
SAM HOLDINGS Corporation,SAM,Vietnam,HOSE,VND,TRADINGVIEW_SCREENER,Producer Manufacturing,Electrical Products,POWER_EQUIPMENT,89532071.24635601,UNDEFINED,,VND,,TRUE,PRESENT,2026-08-18,2026-08-18,Broad industry; power-equipment relevance can be overridden.
Sungwoo Co. Ltd.,458650,South Korea,KRX,KRW,TRADINGVIEW_SCREENER,Producer Manufacturing,Electrical Products,POWER_EQUIPMENT,89038166.03650801,UNDEFINED,,KRW,,TRUE,PRESENT,2026-08-18,2026-08-18,Broad industry; power-equipment relevance can be overridden.
Delfingen,899672,France,LS,EUR,TRADINGVIEW_SCREENER,Producer Manufacturing,Electrical Products,POWER_EQUIPMENT,88579920.15,UNDEFINED,,EUR,,TRUE,PRESENT,2026-08-18,2026-08-18,Broad industry; power-equipment relevance can be overridden.
Aurrigo International PLC,AURR,United Kingdom,LSE,GBX,TRADINGVIEW_SCREENER,Producer Manufacturing,Electrical Products,POWER_EQUIPMENT,86677908.735,UNDEFINED,,GBX,,TRUE,PRESENT,2026-08-18,2026-08-18,Broad industry; power-equipment relevance can be overridden.
Blink Charging Co,BLNK,United States,BMV,MXN,TRADINGVIEW_SCREENER,Producer Manufacturing,Electrical Products,POWER_EQUIPMENT,85876187.99999999,UNDEFINED,,MXN,,TRUE,PRESENT,2026-08-18,2026-08-18,Broad industry; power-equipment relevance can be overridden.
Prostarm Info Systems Limited,PROSTARM,India,NSE,INR,TRADINGVIEW_SCREENER,Producer Manufacturing,Electrical Products,POWER_EQUIPMENT,83186420.479082,UNDEFINED,,INR,,TRUE,PRESENT,2026-08-18,2026-08-18,Broad industry; power-equipment relevance can be overridden.
Charoong Thai Wire & Cable Public Co. Ltd.,CTW,Thailand,SET,THB,TRADINGVIEW_SCREENER,Producer Manufacturing,Electrical Products,POWER_EQUIPMENT,82124075.05792001,UNDEFINED,,THB,,TRUE,PRESENT,2026-08-18,2026-08-18,Broad industry; power-equipment relevance can be overridden.
"Tai Tung Communication Co., Ltd.",8011,Taiwan,TWSE,TWD,TRADINGVIEW_SCREENER,Producer Manufacturing,Electrical Products,POWER_EQUIPMENT,81847968.22089499,UNDEFINED,,TWD,,TRUE,PRESENT,2026-08-18,2026-08-18,Broad industry; power-equipment relevance can be overridden.
HE Group Bhd,HEGROUP,Malaysia,MYX,MYR,TRADINGVIEW_SCREENER,Producer Manufacturing,Electrical Products,POWER_EQUIPMENT,80081540.4886,UNDEFINED,,MYR,,TRUE,PRESENT,2026-08-18,2026-08-18,Broad industry; power-equipment relevance can be overridden.
Hotron Precision Electronic Industrial Co. Ltd.,3092,Taiwan,TWSE,TWD,TRADINGVIEW_SCREENER,Producer Manufacturing,Electrical Products,POWER_EQUIPMENT,79508366.234192,UNDEFINED,,TWD,,TRUE,PRESENT,2026-08-18,2026-08-18,Broad industry; power-equipment relevance can be overridden.
"Chengdu SIWI Science & Technology Co., Ltd. Class H",CUEH,China,GETTEX,EUR,TRADINGVIEW_SCREENER,Producer Manufacturing,Electrical Products,POWER_EQUIPMENT,79497597.06980002,UNDEFINED,,EUR,,TRUE,PRESENT,2026-08-18,2026-08-18,Broad industry; power-equipment relevance can be overridden.
Ameritek Ventures,ATVK,United States,OTC,USD,TRADINGVIEW_SCREENER,Producer Manufacturing,Electrical Products,POWER_EQUIPMENT,76271969.67185628,UNDEFINED,,USD,,TRUE,PRESENT,2026-08-18,2026-08-18,Broad industry; power-equipment relevance can be overridden.
SYNergy ScienTech Corp.,6558,Taiwan,TWSE,TWD,TRADINGVIEW_SCREENER,Producer Manufacturing,Electrical Products,POWER_EQUIPMENT,75250795.109644,UNDEFINED,,TWD,,TRUE,PRESENT,2026-08-18,2026-08-18,Broad industry; power-equipment relevance can be overridden.
"Canare Electric Co., Ltd.",5819,Japan,TSE,JPY,TRADINGVIEW_SCREENER,Producer Manufacturing,Electrical Products,POWER_EQUIPMENT,74499633.1876,UNDEFINED,,JPY,,TRUE,PRESENT,2026-08-18,2026-08-18,Broad industry; power-equipment relevance can be overridden.
Tian'an Technology Group Ltd.,TANAF,China,OTC,USD,TRADINGVIEW_SCREENER,Producer Manufacturing,Electrical Products,POWER_EQUIPMENT,73739160,UNDEFINED,,USD,,TRUE,PRESENT,2026-08-18,2026-08-18,Broad industry; power-equipment relevance can be overridden.
"AMOGREENTECH Co., Ltd.",125210,South Korea,KRX,KRW,TRADINGVIEW_SCREENER,Producer Manufacturing,Electrical Products,POWER_EQUIPMENT,72611280.75825,UNDEFINED,,KRW,,TRUE,PRESENT,2026-08-18,2026-08-18,Broad industry; power-equipment relevance can be overridden.
SAMKEE ENERGY SOLUTIONS CO. LTD,419050,South Korea,KRX,KRW,TRADINGVIEW_SCREENER,Producer Manufacturing,Electrical Products,POWER_EQUIPMENT,72433775.236212,UNDEFINED,,KRW,,TRUE,PRESENT,2026-08-18,2026-08-18,Broad industry; power-equipment relevance can be overridden.
United U-LI Corp. Bhd.,ULICORP,Malaysia,MYX,MYR,TRADINGVIEW_SCREENER,Producer Manufacturing,Electrical Products,POWER_EQUIPMENT,72363611.2241,UNDEFINED,,MYR,,TRUE,PRESENT,2026-08-18,2026-08-18,Broad industry; power-equipment relevance can be overridden.
Rangdong Light Source & Vacuum Flask JSC,RAL,Vietnam,HOSE,VND,TRADINGVIEW_SCREENER,Producer Manufacturing,Electrical Products,POWER_EQUIPMENT,72299999.908444,UNDEFINED,,VND,,TRUE,PRESENT,2026-08-18,2026-08-18,Broad industry; power-equipment relevance can be overridden.
PT KMI Wire & Cable Tbk Class A,KBLI,Indonesia,IDX,IDR,TRADINGVIEW_SCREENER,Producer Manufacturing,Electrical Products,POWER_EQUIPMENT,72258463.45704,UNDEFINED,,IDR,,TRUE,PRESENT,2026-08-18,2026-08-18,Broad industry; power-equipment relevance can be overridden.
"Powertech Industrial Co., Ltd.",3296,Taiwan,TWSE,TWD,TRADINGVIEW_SCREENER,Producer Manufacturing,Electrical Products,POWER_EQUIPMENT,70902460.527662,UNDEFINED,,TWD,,TRUE,PRESENT,2026-08-18,2026-08-18,Broad industry; power-equipment relevance can be overridden.
EMKA JSC,EMKA,Bulgaria,BSESOF,EUR,TRADINGVIEW_SCREENER,Producer Manufacturing,Electrical Products,POWER_EQUIPMENT,69766137.74700001,UNDEFINED,,EUR,,TRUE,PRESENT,2026-08-18,2026-08-18,Broad industry; power-equipment relevance can be overridden.
IRCE S.p.A.,IRC,Italy,MIL,EUR,TRADINGVIEW_SCREENER,Producer Manufacturing,Electrical Products,POWER_EQUIPMENT,69374942.37,UNDEFINED,,EUR,,TRUE,PRESENT,2026-08-18,2026-08-18,Broad industry; power-equipment relevance can be overridden.
Formosa Electronic Industries Inc.,8171,Taiwan,TPEX,TWD,TRADINGVIEW_SCREENER,Producer Manufacturing,Electrical Products,POWER_EQUIPMENT,68664053.436681,UNDEFINED,,TWD,,TRUE,PRESENT,2026-08-18,2026-08-18,Broad industry; power-equipment relevance can be overridden.
LumenRadio AB,LUMEN,Sweden,OMXSTO,SEK,TRADINGVIEW_SCREENER,Producer Manufacturing,Electrical Products,POWER_EQUIPMENT,68435437.4264,UNDEFINED,,SEK,,TRUE,PRESENT,2026-08-18,2026-08-18,Broad industry; power-equipment relevance can be overridden.
Parth Electricals & Engineering Limited,PARTH,India,NSE,INR,TRADINGVIEW_SCREENER,Producer Manufacturing,Electrical Products,POWER_EQUIPMENT,67720967.90494351,UNDEFINED,,INR,,TRUE,PRESENT,2026-08-18,2026-08-18,Broad industry; power-equipment relevance can be overridden.
RNIT AI Solutions Limited,RNITAI,India,BSE,INR,TRADINGVIEW_SCREENER,Producer Manufacturing,Electrical Products,POWER_EQUIPMENT,67638634.883392,UNDEFINED,,INR,,TRUE,PRESENT,2026-08-18,2026-08-18,Broad industry; power-equipment relevance can be overridden.
Kelani Cables Limited,KCAB.N0000,Sri Lanka,CSELK,LKR,TRADINGVIEW_SCREENER,Producer Manufacturing,Electrical Products,POWER_EQUIPMENT,67272184,UNDEFINED,,LKR,,TRUE,PRESENT,2026-08-18,2026-08-18,Broad industry; power-equipment relevance can be overridden.
Ensurge Micropower ASA,ENSU,Norway,OSL,NOK,TRADINGVIEW_SCREENER,Producer Manufacturing,Electrical Products,POWER_EQUIPMENT,66567909.34584,UNDEFINED,,NOK,,TRUE,PRESENT,2026-08-18,2026-08-18,Broad industry; power-equipment relevance can be overridden.
Ilika plc,IKA,United Kingdom,LSE,GBX,TRADINGVIEW_SCREENER,Producer Manufacturing,Electrical Products,POWER_EQUIPMENT,65928825.699,UNDEFINED,,GBX,,TRUE,PRESENT,2026-08-18,2026-08-18,Broad industry; power-equipment relevance can be overridden.
"UHT Unitech Co., Ltd.",6618,Taiwan,TPEX,TWD,TRADINGVIEW_SCREENER,Producer Manufacturing,Electrical Products,POWER_EQUIPMENT,65717464.74185399,UNDEFINED,,TWD,,TRUE,PRESENT,2026-08-18,2026-08-18,Broad industry; power-equipment relevance can be overridden.
Nanfang Communication Holdings Ltd.,1617,Hong Kong,HKEX,HKD,TRADINGVIEW_SCREENER,Producer Manufacturing,Electrical Products,POWER_EQUIPMENT,65262636.5482,UNDEFINED,,HKD,,TRUE,PRESENT,2026-08-18,2026-08-18,Broad industry; power-equipment relevance can be overridden.
CBAK Energy Technology Limited,CBAT,China,NASDAQ,USD,TRADINGVIEW_SCREENER,Producer Manufacturing,Electrical Products,POWER_EQUIPMENT,64862156.7560166,UNDEFINED,,USD,,TRUE,PRESENT,2026-08-18,2026-08-18,Broad industry; power-equipment relevance can be overridden.
"Ecocera Optronics Co., Ltd.",6597,Taiwan,TPEX,TWD,TRADINGVIEW_SCREENER,Producer Manufacturing,Electrical Products,POWER_EQUIPMENT,63723336.802754,UNDEFINED,,TWD,,TRUE,PRESENT,2026-08-18,2026-08-18,Broad industry; power-equipment relevance can be overridden.
Li-S Energy Ltd,LIS,Australia,ASX,AUD,TRADINGVIEW_SCREENER,Producer Manufacturing,Electrical Products,POWER_EQUIPMENT,61198985.6078,UNDEFINED,,AUD,,TRUE,PRESENT,2026-08-18,2026-08-18,Broad industry; power-equipment relevance can be overridden.
Fujipream Corporation,4237,Japan,TSE,JPY,TRADINGVIEW_SCREENER,Producer Manufacturing,Electrical Products,POWER_EQUIPMENT,61143729.42815,UNDEFINED,,JPY,,TRUE,PRESENT,2026-08-18,2026-08-18,Broad industry; power-equipment relevance can be overridden.
Space Shuttle Hi-Tech Co. Ltd.,2440,Taiwan,TWSE,TWD,TRADINGVIEW_SCREENER,Producer Manufacturing,Electrical Products,POWER_EQUIPMENT,60318837.207402,UNDEFINED,,TWD,,TRUE,PRESENT,2026-08-18,2026-08-18,Broad industry; power-equipment relevance can be overridden.
GARO AB,GARO,Sweden,OMXSTO,SEK,TRADINGVIEW_SCREENER,Producer Manufacturing,Electrical Products,POWER_EQUIPMENT,60040397.5942,UNDEFINED,,SEK,,TRUE,PRESENT,2026-08-18,2026-08-18,Broad industry; power-equipment relevance can be overridden.
"Li Hsuan Development & Construction Co., Ltd.",6222,Taiwan,TPEX,TWD,TRADINGVIEW_SCREENER,Producer Manufacturing,Electrical Products,POWER_EQUIPMENT,59994943.94327,UNDEFINED,,TWD,,TRUE,PRESENT,2026-08-18,2026-08-18,Broad industry; power-equipment relevance can be overridden.
"Changs Ascending Enterprise Co., Ltd.",8038,Taiwan,TPEX,TWD,TRADINGVIEW_SCREENER,Producer Manufacturing,Electrical Products,POWER_EQUIPMENT,59838035.074283,UNDEFINED,,TWD,,TRUE,PRESENT,2026-08-18,2026-08-18,Broad industry; power-equipment relevance can be overridden.
Metair Investments Limited,MTA,South Africa,JSE,ZAC,TRADINGVIEW_SCREENER,Producer Manufacturing,Electrical Products,POWER_EQUIPMENT,58927428.6312,UNDEFINED,,ZAC,,TRUE,PRESENT,2026-08-18,2026-08-18,Broad industry; power-equipment relevance can be overridden.
ELQ Spolka Akcyjna,ELQ,Poland,NEWCONNECT,PLN,TRADINGVIEW_SCREENER,Producer Manufacturing,Electrical Products,POWER_EQUIPMENT,58456701.87705,UNDEFINED,,PLN,,TRUE,PRESENT,2026-08-18,2026-08-18,Broad industry; power-equipment relevance can be overridden.
Fast Cables Ltd.,FCL,Pakistan,PSX,PKR,TRADINGVIEW_SCREENER,Producer Manufacturing,Electrical Products,POWER_EQUIPMENT,57937063.301964,UNDEFINED,,PKR,,TRUE,PRESENT,2026-08-18,2026-08-18,Broad industry; power-equipment relevance can be overridden.
Susan Electricals India Limited,SUSAN,India,BSE,INR,TRADINGVIEW_SCREENER,Producer Manufacturing,Electrical Products,POWER_EQUIPMENT,57835793.23902801,UNDEFINED,,INR,,TRUE,PRESENT,2026-08-18,2026-08-18,Broad industry; power-equipment relevance can be overridden.
Gelion PLC,A3C8RH,United Kingdom,LS,EUR,TRADINGVIEW_SCREENER,Producer Manufacturing,Electrical Products,POWER_EQUIPMENT,57425335.703999996,UNDEFINED,,EUR,,TRUE,PRESENT,2026-08-18,2026-08-18,Broad industry; power-equipment relevance can be overridden.
Alves Kablo Sanayi ve Ticaret A. S.,ALVES,Turkey,BIST,TRY,TRADINGVIEW_SCREENER,Producer Manufacturing,Electrical Products,POWER_EQUIPMENT,57372000,UNDEFINED,,TRY,,TRUE,PRESENT,2026-08-18,2026-08-18,Broad industry; power-equipment relevance can be overridden.
CLN Energy Limited,CLN,India,BSE,INR,TRADINGVIEW_SCREENER,Producer Manufacturing,Electrical Products,POWER_EQUIPMENT,57251471.884672,UNDEFINED,,INR,,TRUE,PRESENT,2026-08-18,2026-08-18,Broad industry; power-equipment relevance can be overridden.
"Ocean Power Technologies, Inc.",A2PFQU,United States,LS,EUR,TRADINGVIEW_SCREENER,Producer Manufacturing,Electrical Products,POWER_EQUIPMENT,55918736.99999999,UNDEFINED,,EUR,,TRUE,PRESENT,2026-08-18,2026-08-18,Broad industry; power-equipment relevance can be overridden.
Delton Cables Limited,DLTNCBL,India,BSE,INR,TRADINGVIEW_SCREENER,Producer Manufacturing,Electrical Products,POWER_EQUIPMENT,55523429.22777,UNDEFINED,,INR,,TRUE,PRESENT,2026-08-18,2026-08-18,Broad industry; power-equipment relevance can be overridden.
Hoenle AG,HNL,Germany,DUS,EUR,TRADINGVIEW_SCREENER,Producer Manufacturing,Electrical Products,POWER_EQUIPMENT,55383219.09900001,UNDEFINED,,EUR,,TRUE,PRESENT,2026-08-18,2026-08-18,Broad industry; power-equipment relevance can be overridden.
CUBTEK Inc.,2252,Taiwan,TPEX,TWD,TRADINGVIEW_SCREENER,Producer Manufacturing,Electrical Products,POWER_EQUIPMENT,55206948.081378,UNDEFINED,,TWD,,TRUE,PRESENT,2026-08-18,2026-08-18,Broad industry; power-equipment relevance can be overridden.
Carnegie Clean Energy Ltd.,CWGYF,Australia,OTC,USD,TRADINGVIEW_SCREENER,Producer Manufacturing,Electrical Products,POWER_EQUIPMENT,55036645.13454546,UNDEFINED,,USD,,TRUE,PRESENT,2026-08-18,2026-08-18,Broad industry; power-equipment relevance can be overridden.
Saakshi Medtech and Panels Limited,SAAKSHI,India,NSE,INR,TRADINGVIEW_SCREENER,Producer Manufacturing,Electrical Products,POWER_EQUIPMENT,54757460.3184,UNDEFINED,,INR,,TRUE,PRESENT,2026-08-18,2026-08-18,Broad industry; power-equipment relevance can be overridden.
"SUNAM CO., LTD",294630,South Korea,KRX,KRW,TRADINGVIEW_SCREENER,Producer Manufacturing,Electrical Products,POWER_EQUIPMENT,54226066.682268,UNDEFINED,,KRW,,TRUE,PRESENT,2026-08-18,2026-08-18,Broad industry; power-equipment relevance can be overridden.
Airengy Tech Ltd.,ARNG,Israel,TASE,ILA,TRADINGVIEW_SCREENER,Producer Manufacturing,Electrical Products,POWER_EQUIPMENT,53925265.40615,UNDEFINED,,ILA,,TRUE,PRESENT,2026-08-18,2026-08-18,Broad industry; power-equipment relevance can be overridden.
"Seondo Electric Co., Ltd",007610,South Korea,KRX,KRW,TRADINGVIEW_SCREENER,Producer Manufacturing,Electrical Products,POWER_EQUIPMENT,53902937.101572,UNDEFINED,,KRW,,TRUE,PRESENT,2026-08-18,2026-08-18,Broad industry; power-equipment relevance can be overridden.
C-Tech United Corp.,3625,Taiwan,TPEX,TWD,TRADINGVIEW_SCREENER,Producer Manufacturing,Electrical Products,POWER_EQUIPMENT,53893329.250489995,UNDEFINED,,TWD,,TRUE,PRESENT,2026-08-18,2026-08-18,Broad industry; power-equipment relevance can be overridden.
High Energy Batteries Ltd.,HIGHENE,India,BSE,INR,TRADINGVIEW_SCREENER,Producer Manufacturing,Electrical Products,POWER_EQUIPMENT,53722288.598186,UNDEFINED,,INR,,TRUE,PRESENT,2026-08-18,2026-08-18,Broad industry; power-equipment relevance can be overridden.
"Origin Company,Limited",6513,Japan,TSE,JPY,TRADINGVIEW_SCREENER,Producer Manufacturing,Electrical Products,POWER_EQUIPMENT,53608936.0686,UNDEFINED,,JPY,,TRUE,PRESENT,2026-08-18,2026-08-18,Broad industry; power-equipment relevance can be overridden.
PT Voksel Electric Tbk,VOKS,Indonesia,IDX,IDR,TRADINGVIEW_SCREENER,Producer Manufacturing,Electrical Products,POWER_EQUIPMENT,53058733.218736,UNDEFINED,,IDR,,TRUE,PRESENT,2026-08-18,2026-08-18,Broad industry; power-equipment relevance can be overridden.
"Top Material Co., Ltd.",360070,South Korea,KRX,KRW,TRADINGVIEW_SCREENER,Producer Manufacturing,Electrical Products,POWER_EQUIPMENT,52966145.79266401,UNDEFINED,,KRW,,TRUE,PRESENT,2026-08-18,2026-08-18,Broad industry; power-equipment relevance can be overridden.
QTC Energy PCL,QTC,Thailand,SET,THB,TRADINGVIEW_SCREENER,Producer Manufacturing,Electrical Products,POWER_EQUIPMENT,52927158.19254,UNDEFINED,,THB,,TRUE,PRESENT,2026-08-18,2026-08-18,Broad industry; power-equipment relevance can be overridden.
Leading Edge Materials Corp.,LEM,Canada,NEO,CAD,TRADINGVIEW_SCREENER,Producer Manufacturing,Electrical Products,POWER_EQUIPMENT,52496268.575100005,UNDEFINED,,CAD,,TRUE,PRESENT,2026-08-18,2026-08-18,Broad industry; power-equipment relevance can be overridden.
Citychamp Watch & Jewellery Group Limited,256,Hong Kong,HKEX,HKD,TRADINGVIEW_SCREENER,Producer Manufacturing,Electrical Products,POWER_EQUIPMENT,50276314.27,UNDEFINED,,HKD,,TRUE,PRESENT,2026-08-18,2026-08-18,Broad industry; power-equipment relevance can be overridden.
VPower Group International Holdings Limited,1608,Hong Kong,HKEX,HKD,TRADINGVIEW_SCREENER,Producer Manufacturing,Electrical Products,POWER_EQUIPMENT,50163160.775000006,UNDEFINED,,HKD,,TRUE,PRESENT,2026-08-18,2026-08-18,Broad industry; power-equipment relevance can be overridden.
"SolarWindow Technologies, Inc.",WNDW,United States,OTC,USD,TRADINGVIEW_SCREENER,Producer Manufacturing,Electrical Products,POWER_EQUIPMENT,49334282.307692304,UNDEFINED,,USD,,TRUE,PRESENT,2026-08-18,2026-08-18,Broad industry; power-equipment relevance can be overridden.
Iproeb SA,IPRU,Romania,BVB,RON,TRADINGVIEW_SCREENER,Producer Manufacturing,Electrical Products,POWER_EQUIPMENT,49320744.9147,UNDEFINED,,RON,,TRUE,PRESENT,2026-08-18,2026-08-18,Broad industry; power-equipment relevance can be overridden.
JD Cables Limited,JDCABLES,India,BSE,INR,TRADINGVIEW_SCREENER,Producer Manufacturing,Electrical Products,POWER_EQUIPMENT,49283200.23451111,UNDEFINED,,INR,,TRUE,PRESENT,2026-08-18,2026-08-18,Broad industry; power-equipment relevance can be overridden.
MONBAT AD,MONB,Bulgaria,BSESOF,EUR,TRADINGVIEW_SCREENER,Producer Manufacturing,Electrical Products,POWER_EQUIPMENT,49149020.26800001,UNDEFINED,,EUR,,TRUE,PRESENT,2026-08-18,2026-08-18,Broad industry; power-equipment relevance can be overridden.
Veson Holdings Limited,1399,Hong Kong,HKEX,HKD,TRADINGVIEW_SCREENER,Producer Manufacturing,Electrical Products,POWER_EQUIPMENT,48603153.635400005,UNDEFINED,,HKD,,TRUE,PRESENT,2026-08-18,2026-08-18,Broad industry; power-equipment relevance can be overridden.
Supreme Power Equipment Ltd.,SUPREMEPWR,India,NSE,INR,TRADINGVIEW_SCREENER,Producer Manufacturing,Electrical Products,POWER_EQUIPMENT,48346545.233753,UNDEFINED,,INR,,TRUE,PRESENT,2026-08-18,2026-08-18,Broad industry; power-equipment relevance can be overridden.
"Yuasa Battery (Thailand) Public Co., Ltd.",YUASA,Thailand,SET,THB,TRADINGVIEW_SCREENER,Producer Manufacturing,Electrical Products,POWER_EQUIPMENT,48316843.38967,UNDEFINED,,THB,,TRUE,PRESENT,2026-08-18,2026-08-18,Broad industry; power-equipment relevance can be overridden.
W.S. Industries (India) Limited,WSI,India,BSE,INR,TRADINGVIEW_SCREENER,Producer Manufacturing,Electrical Products,POWER_EQUIPMENT,47926182.780864,UNDEFINED,,INR,,TRUE,PRESENT,2026-08-18,2026-08-18,Broad industry; power-equipment relevance can be overridden.
FRIWO AG,CEA,Germany,DUS,EUR,TRADINGVIEW_SCREENER,Producer Manufacturing,Electrical Products,POWER_EQUIPMENT,47487719.583000004,UNDEFINED,,EUR,,TRUE,PRESENT,2026-08-18,2026-08-18,Broad industry; power-equipment relevance can be overridden.
Neo-Neon Holdings Ltd,1868,Hong Kong,HKEX,HKD,TRADINGVIEW_SCREENER,Producer Manufacturing,Electrical Products,POWER_EQUIPMENT,47229774.628400005,UNDEFINED,,HKD,,TRUE,PRESENT,2026-08-18,2026-08-18,Broad industry; power-equipment relevance can be overridden.
"Wonil T&I Co., Ltd.",136150,South Korea,KRX,KRW,TRADINGVIEW_SCREENER,Producer Manufacturing,Electrical Products,POWER_EQUIPMENT,47034885.935232,UNDEFINED,,KRW,,TRUE,PRESENT,2026-08-18,2026-08-18,Broad industry; power-equipment relevance can be overridden.
ADO Optronic Corp.,3516,Taiwan,TPEX,TWD,TRADINGVIEW_SCREENER,Producer Manufacturing,Electrical Products,POWER_EQUIPMENT,46818637.194142,UNDEFINED,,TWD,,TRUE,PRESENT,2026-08-18,2026-08-18,Broad industry; power-equipment relevance can be overridden.
Focus Lighting and Fixtures Ltd,FOCUS,India,NSE,INR,TRADINGVIEW_SCREENER,Producer Manufacturing,Electrical Products,POWER_EQUIPMENT,46800916.006456,UNDEFINED,,INR,,TRUE,PRESENT,2026-08-18,2026-08-18,Broad industry; power-equipment relevance can be overridden.
Kijcharoen Engineering Electric PCL,KJL,Thailand,SET,THB,TRADINGVIEW_SCREENER,Producer Manufacturing,Electrical Products,POWER_EQUIPMENT,46484564.66286,UNDEFINED,,THB,,TRUE,PRESENT,2026-08-18,2026-08-18,Broad industry; power-equipment relevance can be overridden.
Dry Cell & Storage Battery JSC,PAC,Vietnam,HOSE,VND,TRADINGVIEW_SCREENER,Producer Manufacturing,Electrical Products,POWER_EQUIPMENT,45454497.61962,UNDEFINED,,VND,,TRUE,PRESENT,2026-08-18,2026-08-18,Broad industry; power-equipment relevance can be overridden.
ZOOZ Strategy Ltd.,ZOOZ,Israel,TASE,ILA,TRADINGVIEW_SCREENER,Producer Manufacturing,Electrical Products,POWER_EQUIPMENT,45301588.56210001,UNDEFINED,,ILA,,TRUE,PRESENT,2026-08-18,2026-08-18,Broad industry; power-equipment relevance can be overridden.
Siemens Pakistan Engineering Co. Limited,SIEM,Pakistan,PSX,PKR,TRADINGVIEW_SCREENER,Producer Manufacturing,Electrical Products,POWER_EQUIPMENT,45074100.035448,UNDEFINED,,PKR,,TRUE,PRESENT,2026-08-18,2026-08-18,Broad industry; power-equipment relevance can be overridden.
"Oriental Chain Mfg. Co., Ltd.",6380,Japan,TSE,JPY,TRADINGVIEW_SCREENER,Producer Manufacturing,Electrical Products,POWER_EQUIPMENT,43731001.18385,UNDEFINED,,JPY,,TRUE,PRESENT,2026-08-18,2026-08-18,Broad industry; power-equipment relevance can be overridden.
Shera Energy Limited,SHERA,India,NSE,INR,TRADINGVIEW_SCREENER,Producer Manufacturing,Electrical Products,POWER_EQUIPMENT,43656998.441182196,UNDEFINED,,INR,,TRUE,PRESENT,2026-08-18,2026-08-18,Broad industry; power-equipment relevance can be overridden.
"WiTs Co., Ltd.",459100,South Korea,KRX,KRW,TRADINGVIEW_SCREENER,Producer Manufacturing,Electrical Products,POWER_EQUIPMENT,43484729.277600005,UNDEFINED,,KRW,,TRUE,PRESENT,2026-08-18,2026-08-18,Broad industry; power-equipment relevance can be overridden.
Veloryx Ltd.,VRYX,Israel,TASE,ILA,TRADINGVIEW_SCREENER,Producer Manufacturing,Electrical Products,POWER_EQUIPMENT,43231968.59856,UNDEFINED,,ILA,,TRUE,PRESENT,2026-08-18,2026-08-18,Broad industry; power-equipment relevance can be overridden.
"Hyperscale Data, Inc.",GPUS,United States,AMEX,USD,TRADINGVIEW_SCREENER,Producer Manufacturing,Electrical Products,POWER_EQUIPMENT,43210837,UNDEFINED,,USD,,TRUE,PRESENT,2026-08-18,2026-08-18,Broad industry; power-equipment relevance can be overridden.
"Hyperscale Data, Inc. 13.00% Series D Cumulative Redeemable Perpetual Preferred Stock",GPUS/PD,United States,AMEX,USD,TRADINGVIEW_SCREENER,Producer Manufacturing,Electrical Products,POWER_EQUIPMENT,43210837,UNDEFINED,,USD,,TRUE,PRESENT,2026-08-18,2026-08-18,Broad industry; power-equipment relevance can be overridden.
Australian Vanadium Limited,ATVVF,Australia,OTC,USD,TRADINGVIEW_SCREENER,Producer Manufacturing,Electrical Products,POWER_EQUIPMENT,43197424.84375,UNDEFINED,,USD,,TRUE,PRESENT,2026-08-18,2026-08-18,Broad industry; power-equipment relevance can be overridden.
Putian Communication Group Limited,1720,China,HKEX,HKD,TRADINGVIEW_SCREENER,Producer Manufacturing,Electrical Products,POWER_EQUIPMENT,42742701.019200005,UNDEFINED,,HKD,,TRUE,PRESENT,2026-08-18,2026-08-18,Broad industry; power-equipment relevance can be overridden.
APS Energia SA,APE,Poland,GPW,PLN,TRADINGVIEW_SCREENER,Producer Manufacturing,Electrical Products,POWER_EQUIPMENT,42626780.89885,UNDEFINED,,PLN,,TRUE,PRESENT,2026-08-18,2026-08-18,Broad industry; power-equipment relevance can be overridden.
"Ekarat Engineering Public Co., Ltd.",AKR,Thailand,SET,THB,TRADINGVIEW_SCREENER,Producer Manufacturing,Electrical Products,POWER_EQUIPMENT,41687381.069070004,UNDEFINED,,THB,,TRUE,PRESENT,2026-08-18,2026-08-18,Broad industry; power-equipment relevance can be overridden.
Lion E-Mobility AG,LMIA,Switzerland,FWB,EUR,TRADINGVIEW_SCREENER,Producer Manufacturing,Electrical Products,POWER_EQUIPMENT,41652783.873,UNDEFINED,,EUR,,TRUE,PRESENT,2026-08-18,2026-08-18,Broad industry; power-equipment relevance can be overridden.
S&S Power Switchgear Ltd.,S_SPOWER,India,BSE,INR,TRADINGVIEW_SCREENER,Producer Manufacturing,Electrical Products,POWER_EQUIPMENT,41390780.53508,UNDEFINED,,INR,,TRUE,PRESENT,2026-08-18,2026-08-18,Broad industry; power-equipment relevance can be overridden.
"Linkcom Manufacturing Co., Ltd.",6821,Taiwan,TPEX,TWD,TRADINGVIEW_SCREENER,Producer Manufacturing,Electrical Products,POWER_EQUIPMENT,40714580.58855,UNDEFINED,,TWD,,TRUE,PRESENT,2026-08-18,2026-08-18,Broad industry; power-equipment relevance can be overridden.
Artemis Electricals & Projects Limited,AEPL,India,NSE,INR,TRADINGVIEW_SCREENER,Producer Manufacturing,Electrical Products,POWER_EQUIPMENT,40255511.980962,UNDEFINED,,INR,,TRUE,PRESENT,2026-08-18,2026-08-18,Broad industry; power-equipment relevance can be overridden.
Acuvi AB,ACUVI,Sweden,OMXSTO,SEK,TRADINGVIEW_SCREENER,Producer Manufacturing,Electrical Products,POWER_EQUIPMENT,39704239.021,UNDEFINED,,SEK,,TRUE,PRESENT,2026-08-18,2026-08-18,Broad industry; power-equipment relevance can be overridden.
Treet Battery Ltd.,TBL,Pakistan,PSX,PKR,TRADINGVIEW_SCREENER,Producer Manufacturing,Electrical Products,POWER_EQUIPMENT,39663959.390351996,UNDEFINED,,PKR,,TRUE,PRESENT,2026-08-18,2026-08-18,Broad industry; power-equipment relevance can be overridden.
Bogala Graphite Lanka PLC,BOGA.N0000,Sri Lanka,CSELK,LKR,TRADINGVIEW_SCREENER,Producer Manufacturing,Electrical Products,POWER_EQUIPMENT,39338425.049251996,UNDEFINED,,LKR,,TRUE,PRESENT,2026-08-18,2026-08-18,Broad industry; power-equipment relevance can be overridden.
NVC International Holdings Ltd.,2222,China,HKEX,HKD,TRADINGVIEW_SCREENER,Producer Manufacturing,Electrical Products,POWER_EQUIPMENT,39099134.783800006,UNDEFINED,,HKD,,TRUE,PRESENT,2026-08-18,2026-08-18,Broad industry; power-equipment relevance can be overridden.
"SCD Co., Ltd.",042110,South Korea,KRX,KRW,TRADINGVIEW_SCREENER,Producer Manufacturing,Electrical Products,POWER_EQUIPMENT,38405763.96345,UNDEFINED,,KRW,,TRUE,PRESENT,2026-08-18,2026-08-18,Broad industry; power-equipment relevance can be overridden.
Maxvolt Energy Industries Limited,MAXVOLT,India,NSE,INR,TRADINGVIEW_SCREENER,Producer Manufacturing,Electrical Products,POWER_EQUIPMENT,38088281.914312005,UNDEFINED,,INR,,TRUE,PRESENT,2026-08-18,2026-08-18,Broad industry; power-equipment relevance can be overridden.
"YM Tech Co., Ltd.",273640,South Korea,KRX,KRW,TRADINGVIEW_SCREENER,Producer Manufacturing,Electrical Products,POWER_EQUIPMENT,38054602.886742,UNDEFINED,,KRW,,TRUE,PRESENT,2026-08-18,2026-08-18,Broad industry; power-equipment relevance can be overridden.
BBS Cables PLC,BBSCABLES,Bangladesh,DSEBD,BDT,TRADINGVIEW_SCREENER,Producer Manufacturing,Electrical Products,POWER_EQUIPMENT,37935595.542072006,UNDEFINED,,BDT,,TRUE,PRESENT,2026-08-18,2026-08-18,Broad industry; power-equipment relevance can be overridden.
"Fuji Electric Industry. Co.,Ltd",6654,Japan,TSE,JPY,TRADINGVIEW_SCREENER,Producer Manufacturing,Electrical Products,POWER_EQUIPMENT,37083476.791675,UNDEFINED,,JPY,,TRUE,PRESENT,2026-08-18,2026-08-18,Broad industry; power-equipment relevance can be overridden.
RiTWIN Corporation,7816,Taiwan,TPEX,TWD,TRADINGVIEW_SCREENER,Producer Manufacturing,Electrical Products,POWER_EQUIPMENT,37078975.8367896,UNDEFINED,,TWD,,TRUE,PRESENT,2026-08-18,2026-08-18,Broad industry; power-equipment relevance can be overridden.
Cospower Engineering Ltd.,COSPOWER,India,BSE,INR,TRADINGVIEW_SCREENER,Producer Manufacturing,Electrical Products,POWER_EQUIPMENT,36545529.784838006,UNDEFINED,,INR,,TRUE,PRESENT,2026-08-18,2026-08-18,Broad industry; power-equipment relevance can be overridden.
"Bestec Power Electronics Co., Ltd",3308,Taiwan,TWSE,TWD,TRADINGVIEW_SCREENER,Producer Manufacturing,Electrical Products,POWER_EQUIPMENT,36402232.434878,UNDEFINED,,TWD,,TRUE,PRESENT,2026-08-18,2026-08-18,Broad industry; power-equipment relevance can be overridden.
First Graphene Limited,FGPHF,Australia,OTC,USD,TRADINGVIEW_SCREENER,Producer Manufacturing,Electrical Products,POWER_EQUIPMENT,36240074.98214286,UNDEFINED,,USD,,TRUE,PRESENT,2026-08-18,2026-08-18,Broad industry; power-equipment relevance can be overridden.
"JMACS Japan Co., Ltd.",5817,Japan,TSE,JPY,TRADINGVIEW_SCREENER,Producer Manufacturing,Electrical Products,POWER_EQUIPMENT,35402799.848850004,UNDEFINED,,JPY,,TRUE,PRESENT,2026-08-18,2026-08-18,Broad industry; power-equipment relevance can be overridden.
"APRO Co., LTD",262260,South Korea,KRX,KRW,TRADINGVIEW_SCREENER,Producer Manufacturing,Electrical Products,POWER_EQUIPMENT,35139626.862444,UNDEFINED,,KRW,,TRUE,PRESENT,2026-08-18,2026-08-18,Broad industry; power-equipment relevance can be overridden.
First Graphene Ltd,FGR,Australia,ASX,AUD,TRADINGVIEW_SCREENER,Producer Manufacturing,Electrical Products,POWER_EQUIPMENT,35049986.2759,UNDEFINED,,AUD,,TRUE,PRESENT,2026-08-18,2026-08-18,Broad industry; power-equipment relevance can be overridden.
Success Prime Corporation,2496,Taiwan,TWSE,TWD,TRADINGVIEW_SCREENER,Producer Manufacturing,Electrical Products,POWER_EQUIPMENT,34824611.804455,UNDEFINED,,TWD,,TRUE,PRESENT,2026-08-18,2026-08-18,Broad industry; power-equipment relevance can be overridden.
Fullshare Holdings Limited,607,Hong Kong,HKEX,HKD,TRADINGVIEW_SCREENER,Producer Manufacturing,Electrical Products,POWER_EQUIPMENT,34785399.9584,UNDEFINED,,HKD,,TRUE,PRESENT,2026-08-18,2026-08-18,Broad industry; power-equipment relevance can be overridden.
Avana Electrosystems Limited,AVANA,India,NSE,INR,TRADINGVIEW_SCREENER,Producer Manufacturing,Electrical Products,POWER_EQUIPMENT,34368543.20918341,UNDEFINED,,INR,,TRUE,PRESENT,2026-08-18,2026-08-18,Broad industry; power-equipment relevance can be overridden.
Prime Cable Industries Limited,PRIMECAB,India,NSE,INR,TRADINGVIEW_SCREENER,Producer Manufacturing,Electrical Products,POWER_EQUIPMENT,34162864.39032,UNDEFINED,,INR,,TRUE,PRESENT,2026-08-18,2026-08-18,Broad industry; power-equipment relevance can be overridden.
Success Transformer Corp. Bhd.,SUCCESS,Malaysia,MYX,MYR,TRADINGVIEW_SCREENER,Producer Manufacturing,Electrical Products,POWER_EQUIPMENT,33819077.8282,UNDEFINED,,MYR,,TRUE,PRESENT,2026-08-18,2026-08-18,Broad industry; power-equipment relevance can be overridden.
NIKKO Co.,5343,Japan,NAG,JPY,TRADINGVIEW_SCREENER,Producer Manufacturing,Electrical Products,POWER_EQUIPMENT,33638879.960825,UNDEFINED,,JPY,,TRUE,PRESENT,2026-08-18,2026-08-18,Broad industry; power-equipment relevance can be overridden.
Winners Elec Co. Ltd.,479960,South Korea,KRX,KRW,TRADINGVIEW_SCREENER,Producer Manufacturing,Electrical Products,POWER_EQUIPMENT,32866109.305848002,UNDEFINED,,KRW,,TRUE,PRESENT,2026-08-18,2026-08-18,Broad industry; power-equipment relevance can be overridden.
"Pioneer Power Solutions, Inc.",PPSI,United States,NASDAQ,USD,TRADINGVIEW_SCREENER,Producer Manufacturing,Electrical Products,POWER_EQUIPMENT,32623021.979381446,UNDEFINED,,USD,,TRUE,PRESENT,2026-08-18,2026-08-18,Broad industry; power-equipment relevance can be overridden.
Xinyi Electric Storage Holdings Limited,8328,Hong Kong,HKEX,HKD,TRADINGVIEW_SCREENER,Producer Manufacturing,Electrical Products,POWER_EQUIPMENT,32525018.835400004,UNDEFINED,,HKD,,TRUE,PRESENT,2026-08-18,2026-08-18,Broad industry; power-equipment relevance can be overridden.
"SEOJEON ELECTRIC MACHINERY CO., LTD.",189860,South Korea,KRX,KRW,TRADINGVIEW_SCREENER,Producer Manufacturing,Electrical Products,POWER_EQUIPMENT,32136325.801164,UNDEFINED,,KRW,,TRUE,PRESENT,2026-08-18,2026-08-18,Broad industry; power-equipment relevance can be overridden.
Pakistan Cables Limited,PCAL,Pakistan,PSX,PKR,TRADINGVIEW_SCREENER,Producer Manufacturing,Electrical Products,POWER_EQUIPMENT,31960179.555083998,UNDEFINED,,PKR,,TRUE,PRESENT,2026-08-18,2026-08-18,Broad industry; power-equipment relevance can be overridden.
Ferroamp AB,FERRO,Sweden,OMXSTO,SEK,TRADINGVIEW_SCREENER,Producer Manufacturing,Electrical Products,POWER_EQUIPMENT,31882640.0284,UNDEFINED,,SEK,,TRUE,PRESENT,2026-08-18,2026-08-18,Broad industry; power-equipment relevance can be overridden.
Quasem Industries Limited.,QUASEMIND,Bangladesh,DSEBD,BDT,TRADINGVIEW_SCREENER,Producer Manufacturing,Electrical Products,POWER_EQUIPMENT,31750608.682636004,UNDEFINED,,BDT,,TRUE,PRESENT,2026-08-18,2026-08-18,Broad industry; power-equipment relevance can be overridden.
Almedio Inc.,7859,Japan,TSE,JPY,TRADINGVIEW_SCREENER,Producer Manufacturing,Electrical Products,POWER_EQUIPMENT,31685930.05265,UNDEFINED,,JPY,,TRUE,PRESENT,2026-08-18,2026-08-18,Broad industry; power-equipment relevance can be overridden.
Metrod Holdings Bhd.,METROD,Malaysia,MYX,MYR,TRADINGVIEW_SCREENER,Producer Manufacturing,Electrical Products,POWER_EQUIPMENT,31661281.2215,UNDEFINED,,MYR,,TRUE,PRESENT,2026-08-18,2026-08-18,Broad industry; power-equipment relevance can be overridden.
Eastern Cables Ltd.,ECABLES,Bangladesh,DSEBD,BDT,TRADINGVIEW_SCREENER,Producer Manufacturing,Electrical Products,POWER_EQUIPMENT,31337093.920564003,UNDEFINED,,BDT,,TRUE,PRESENT,2026-08-18,2026-08-18,Broad industry; power-equipment relevance can be overridden.
Eunisell Interlinked Plc,EUNISELL,Nigeria,NSENG,NGN,TRADINGVIEW_SCREENER,Producer Manufacturing,Electrical Products,POWER_EQUIPMENT,31136400.168048,UNDEFINED,,NGN,,TRUE,PRESENT,2026-08-18,2026-08-18,Broad industry; power-equipment relevance can be overridden.
Forsee Power SA,A3C5NE,France,LS,EUR,TRADINGVIEW_SCREENER,Producer Manufacturing,Electrical Products,POWER_EQUIPMENT,30492357.642,UNDEFINED,,EUR,,TRUE,PRESENT,2026-08-18,2026-08-18,Broad industry; power-equipment relevance can be overridden.
"Opticis Co., Ltd",109080,South Korea,KRX,KRW,TRADINGVIEW_SCREENER,Producer Manufacturing,Electrical Products,POWER_EQUIPMENT,30106796.252598003,UNDEFINED,,KRW,,TRUE,PRESENT,2026-08-18,2026-08-18,Broad industry; power-equipment relevance can be overridden.
Cords Cable Industries Limited,CORDSCABLE,India,NSE,INR,TRADINGVIEW_SCREENER,Producer Manufacturing,Electrical Products,POWER_EQUIPMENT,29599658.27668,UNDEFINED,,INR,,TRUE,PRESENT,2026-08-18,2026-08-18,Broad industry; power-equipment relevance can be overridden.
RMC Switchgears Ltd.,RMC,India,BSE,INR,TRADINGVIEW_SCREENER,Producer Manufacturing,Electrical Products,POWER_EQUIPMENT,29565104.802056003,UNDEFINED,,INR,,TRUE,PRESENT,2026-08-18,2026-08-18,Broad industry; power-equipment relevance can be overridden.
Full Circle Lithium Corp,FCLI,Canada,NEO,CAD,TRADINGVIEW_SCREENER,Producer Manufacturing,Electrical Products,POWER_EQUIPMENT,29555468.449500002,UNDEFINED,,CAD,,TRUE,PRESENT,2026-08-18,2026-08-18,Broad industry; power-equipment relevance can be overridden.
Roblon A/S Class B,RBLN_B,Denmark,OMXCOP,DKK,TRADINGVIEW_SCREENER,Producer Manufacturing,Electrical Products,POWER_EQUIPMENT,29265579.086400002,UNDEFINED,,DKK,,TRUE,PRESENT,2026-08-18,2026-08-18,Broad industry; power-equipment relevance can be overridden.
Kaycee Industries Ltd.,KAYCEEI,India,BSE,INR,TRADINGVIEW_SCREENER,Producer Manufacturing,Electrical Products,POWER_EQUIPMENT,29084334.680122003,UNDEFINED,,INR,,TRUE,PRESENT,2026-08-18,2026-08-18,Broad industry; power-equipment relevance can be overridden.
Tons Lightology Inc.,4972,Taiwan,TPEX,TWD,TRADINGVIEW_SCREENER,Producer Manufacturing,Electrical Products,POWER_EQUIPMENT,28680420.007974,UNDEFINED,,TWD,,TRUE,PRESENT,2026-08-18,2026-08-18,Broad industry; power-equipment relevance can be overridden.
Black Swan Graphene Inc.,BSWGF,Canada,OTC,USD,TRADINGVIEW_SCREENER,Producer Manufacturing,Electrical Products,POWER_EQUIPMENT,28632331.8247619,UNDEFINED,,USD,,TRUE,PRESENT,2026-08-18,2026-08-18,Broad industry; power-equipment relevance can be overridden.
AQUARIUS ENGINES A M LTD.,AQUEF,Israel,OTC,USD,TRADINGVIEW_SCREENER,Producer Manufacturing,Electrical Products,POWER_EQUIPMENT,28627877.01492537,UNDEFINED,,USD,,TRUE,PRESENT,2026-08-18,2026-08-18,Broad industry; power-equipment relevance can be overridden.
LithiumBank Resources Corp.,LBNK,Canada,NEO,CAD,TRADINGVIEW_SCREENER,Producer Manufacturing,Electrical Products,POWER_EQUIPMENT,28521521.017500002,UNDEFINED,,CAD,,TRUE,PRESENT,2026-08-18,2026-08-18,Broad industry; power-equipment relevance can be overridden.
"Ant Precision Industry Co., Ltd",3646,Taiwan,TPEX,TWD,TRADINGVIEW_SCREENER,Producer Manufacturing,Electrical Products,POWER_EQUIPMENT,28438627.998754997,UNDEFINED,,TWD,,TRUE,PRESENT,2026-08-18,2026-08-18,Broad industry; power-equipment relevance can be overridden.
Bergen Carbon Solutions AS,BCS,Norway,OSL,NOK,TRADINGVIEW_SCREENER,Producer Manufacturing,Electrical Products,POWER_EQUIPMENT,28163040.64056,UNDEFINED,,NOK,,TRUE,PRESENT,2026-08-18,2026-08-18,Broad industry; power-equipment relevance can be overridden.
"NKK SWITCHES CO., LTD.",6943,Japan,TSE,JPY,TRADINGVIEW_SCREENER,Producer Manufacturing,Electrical Products,POWER_EQUIPMENT,28143792.193375003,UNDEFINED,,JPY,,TRUE,PRESENT,2026-08-18,2026-08-18,Broad industry; power-equipment relevance can be overridden.
"Aura Systems, Inc.",AUSI,United States,OTC,USD,TRADINGVIEW_SCREENER,Producer Manufacturing,Electrical Products,POWER_EQUIPMENT,27321664.680000003,UNDEFINED,,USD,,TRUE,PRESENT,2026-08-18,2026-08-18,Broad industry; power-equipment relevance can be overridden.
"Mintech Co., Ltd.",452200,South Korea,KRX,KRW,TRADINGVIEW_SCREENER,Producer Manufacturing,Electrical Products,POWER_EQUIPMENT,27313519.234716002,UNDEFINED,,KRW,,TRUE,PRESENT,2026-08-18,2026-08-18,Broad industry; power-equipment relevance can be overridden.
Motion Technology Electric & Machinery Co. Ltd.,4589,Taiwan,TPEX,TWD,TRADINGVIEW_SCREENER,Producer Manufacturing,Electrical Products,POWER_EQUIPMENT,27307668.5446,UNDEFINED,,TWD,,TRUE,PRESENT,2026-08-18,2026-08-18,Broad industry; power-equipment relevance can be overridden.
Bimergen Energy Corporation,BESS,United States,AMEX,USD,TRADINGVIEW_SCREENER,Producer Manufacturing,Electrical Products,POWER_EQUIPMENT,27254681.95068493,UNDEFINED,,USD,,TRUE,PRESENT,2026-08-18,2026-08-18,Broad industry; power-equipment relevance can be overridden.
Tekmar Group Plc,A2JND8,United Kingdom,LS,EUR,TRADINGVIEW_SCREENER,Producer Manufacturing,Electrical Products,POWER_EQUIPMENT,26953050.762,UNDEFINED,,EUR,,TRUE,PRESENT,2026-08-18,2026-08-18,Broad industry; power-equipment relevance can be overridden.
Kumwell Corp Public Co Ltd,KUMWEL,Thailand,SET,THB,TRADINGVIEW_SCREENER,Producer Manufacturing,Electrical Products,POWER_EQUIPMENT,26948271.005710002,UNDEFINED,,THB,,TRUE,PRESENT,2026-08-18,2026-08-18,Broad industry; power-equipment relevance can be overridden.
PT Jembo Cable Co. Tbk,JECC,Indonesia,IDX,IDR,TRADINGVIEW_SCREENER,Producer Manufacturing,Electrical Products,POWER_EQUIPMENT,26883360,UNDEFINED,,IDR,,TRUE,PRESENT,2026-08-18,2026-08-18,Broad industry; power-equipment relevance can be overridden.
Century Energy International Holdings Limited,8132,Hong Kong,HKEX,HKD,TRADINGVIEW_SCREENER,Producer Manufacturing,Electrical Products,POWER_EQUIPMENT,26775443.840600003,UNDEFINED,,HKD,,TRUE,PRESENT,2026-08-18,2026-08-18,Broad industry; power-equipment relevance can be overridden.
Nww Manufacturing Co. Ltd.,2245,Taiwan,TPEX,TWD,TRADINGVIEW_SCREENER,Producer Manufacturing,Electrical Products,POWER_EQUIPMENT,26514486.670807,UNDEFINED,,TWD,,TRUE,PRESENT,2026-08-18,2026-08-18,Broad industry; power-equipment relevance can be overridden.
Aeris Industria e Comercio de Equipamentos para Geracao deEnergia S.A.,AERI3F,Brazil,BMFBOVESPA,BRL,TRADINGVIEW_SCREENER,Producer Manufacturing,Electrical Products,POWER_EQUIPMENT,26514265.5162,UNDEFINED,,BRL,,TRUE,PRESENT,2026-08-18,2026-08-18,Broad industry; power-equipment relevance can be overridden.
Elspec Engineering Ltd.,ELSPC,Israel,TASE,ILA,TRADINGVIEW_SCREENER,Producer Manufacturing,Electrical Products,POWER_EQUIPMENT,26365844.51828,UNDEFINED,,ILA,,TRUE,PRESENT,2026-08-18,2026-08-18,Broad industry; power-equipment relevance can be overridden.
Plaza Wires Limited,PLAZACABLE,India,NSE,INR,TRADINGVIEW_SCREENER,Producer Manufacturing,Electrical Products,POWER_EQUIPMENT,26207847.334212,UNDEFINED,,INR,,TRUE,PRESENT,2026-08-18,2026-08-18,Broad industry; power-equipment relevance can be overridden.
Indo National Limited,NIPPOBATRY,India,BSE,INR,TRADINGVIEW_SCREENER,Producer Manufacturing,Electrical Products,POWER_EQUIPMENT,26084186.786392003,UNDEFINED,,INR,,TRUE,PRESENT,2026-08-18,2026-08-18,Broad industry; power-equipment relevance can be overridden.
"Powercom Co., Ltd.",3043,Taiwan,TWSE,TWD,TRADINGVIEW_SCREENER,Producer Manufacturing,Electrical Products,POWER_EQUIPMENT,25713469.053028,UNDEFINED,,TWD,,TRUE,PRESENT,2026-08-18,2026-08-18,Broad industry; power-equipment relevance can be overridden.
"Handok Clean Tech Co., Ltd.",256150,South Korea,KRX,KRW,TRADINGVIEW_SCREENER,Producer Manufacturing,Electrical Products,POWER_EQUIPMENT,25681442.823972,UNDEFINED,,KRW,,TRUE,PRESENT,2026-08-18,2026-08-18,Broad industry; power-equipment relevance can be overridden.
Pioneer Motor Public Company Limited,PIMO,Thailand,SET,THB,TRADINGVIEW_SCREENER,Producer Manufacturing,Electrical Products,POWER_EQUIPMENT,25613412.72736,UNDEFINED,,THB,,TRUE,PRESENT,2026-08-18,2026-08-18,Broad industry; power-equipment relevance can be overridden.
Atlas Battery Limited,ATBA,Pakistan,PSX,PKR,TRADINGVIEW_SCREENER,Producer Manufacturing,Electrical Products,POWER_EQUIPMENT,25413170.788764,UNDEFINED,,PKR,,TRUE,PRESENT,2026-08-18,2026-08-18,Broad industry; power-equipment relevance can be overridden.
Acme International Holdings Limited,1870,Hong Kong,HKEX,HKD,TRADINGVIEW_SCREENER,Producer Manufacturing,Electrical Products,POWER_EQUIPMENT,25399140.621400002,UNDEFINED,,HKD,,TRUE,PRESENT,2026-08-18,2026-08-18,Broad industry; power-equipment relevance can be overridden.
Beam Global,BEEM,United States,NASDAQ,USD,TRADINGVIEW_SCREENER,Producer Manufacturing,Electrical Products,POWER_EQUIPMENT,25309807.858407076,UNDEFINED,,USD,,TRUE,PRESENT,2026-08-18,2026-08-18,Broad industry; power-equipment relevance can be overridden.
Hextar Capital Bhd,HEXCAP,Malaysia,MYX,MYR,TRADINGVIEW_SCREENER,Producer Manufacturing,Electrical Products,POWER_EQUIPMENT,24841477.4216,UNDEFINED,,MYR,,TRUE,PRESENT,2026-08-18,2026-08-18,Broad industry; power-equipment relevance can be overridden.
Veto Switchgears & Cables Ltd.,VETO,India,NSE,INR,TRADINGVIEW_SCREENER,Producer Manufacturing,Electrical Products,POWER_EQUIPMENT,24826045.968168,UNDEFINED,,INR,,TRUE,PRESENT,2026-08-18,2026-08-18,Broad industry; power-equipment relevance can be overridden.
Kay and Que (Bangladesh) Ltd.,KAY&QUE,Bangladesh,DSEBD,BDT,TRADINGVIEW_SCREENER,Producer Manufacturing,Electrical Products,POWER_EQUIPMENT,24635997.664300002,UNDEFINED,,BDT,,TRUE,PRESENT,2026-08-18,2026-08-18,Broad industry; power-equipment relevance can be overridden.
Perennial International Limited,725,Hong Kong,HKEX,HKD,TRADINGVIEW_SCREENER,Producer Manufacturing,Electrical Products,POWER_EQUIPMENT,24333357.8306,UNDEFINED,,HKD,,TRUE,PRESENT,2026-08-18,2026-08-18,Broad industry; power-equipment relevance can be overridden.
Legend Power Systems Inc.,LPS,Canada,NEO,CAD,TRADINGVIEW_SCREENER,Producer Manufacturing,Electrical Products,POWER_EQUIPMENT,24098427.389399998,UNDEFINED,,CAD,,TRUE,PRESENT,2026-08-18,2026-08-18,Broad industry; power-equipment relevance can be overridden.
ECOCAB CO. LTD,128540,South Korea,KRX,KRW,TRADINGVIEW_SCREENER,Producer Manufacturing,Electrical Products,POWER_EQUIPMENT,23975207.218170002,UNDEFINED,,KRW,,TRUE,PRESENT,2026-08-18,2026-08-18,Broad industry; power-equipment relevance can be overridden.
Blue Shark Power System SA,MLBSP,France,EURONEXT,EUR,TRADINGVIEW_SCREENER,Producer Manufacturing,Electrical Products,POWER_EQUIPMENT,23534775,UNDEFINED,,EUR,,TRUE,PRESENT,2026-08-18,2026-08-18,Broad industry; power-equipment relevance can be overridden.
"Otani Kogyo Co., Ltd.",5939,Japan,TSE,JPY,TRADINGVIEW_SCREENER,Producer Manufacturing,Electrical Products,POWER_EQUIPMENT,23420520.1452,UNDEFINED,,JPY,,TRUE,PRESENT,2026-08-18,2026-08-18,Broad industry; power-equipment relevance can be overridden.
Societe Industrielle d'Appareillage et de Materiels Electriques SA,SIAME,Tunisia,BVMT,TND,TRADINGVIEW_SCREENER,Producer Manufacturing,Electrical Products,POWER_EQUIPMENT,23080867.698370002,UNDEFINED,,TND,,TRUE,PRESENT,2026-08-18,2026-08-18,Broad industry; power-equipment relevance can be overridden.
Akanksha Power And Infrastructure Limited,AKANKSHA,India,NSE,INR,TRADINGVIEW_SCREENER,Producer Manufacturing,Electrical Products,POWER_EQUIPMENT,23033103.694500003,UNDEFINED,,INR,,TRUE,PRESENT,2026-08-18,2026-08-18,Broad industry; power-equipment relevance can be overridden.
Panasonic Carbon India Co. Limited,PANCARBON,India,BSE,INR,TRADINGVIEW_SCREENER,Producer Manufacturing,Electrical Products,POWER_EQUIPMENT,22822428.558730002,UNDEFINED,,INR,,TRUE,PRESENT,2026-08-18,2026-08-18,Broad industry; power-equipment relevance can be overridden.
San-El Muhendislik Elektrik Taahhut Sanayi ve Ticaret A.S.,SANEL,Turkey,BIST,TRY,TRADINGVIEW_SCREENER,Producer Manufacturing,Electrical Products,POWER_EQUIPMENT,22611429.91659,UNDEFINED,,TRY,,TRUE,PRESENT,2026-08-18,2026-08-18,Broad industry; power-equipment relevance can be overridden.
"Mitsuboshi Co., Ltd.",5820,Japan,TSE,JPY,TRADINGVIEW_SCREENER,Producer Manufacturing,Electrical Products,POWER_EQUIPMENT,22100794.9258,UNDEFINED,,JPY,,TRUE,PRESENT,2026-08-18,2026-08-18,Broad industry; power-equipment relevance can be overridden.
Kataria Industries Limited,KATARIA,India,NSE,INR,TRADINGVIEW_SCREENER,Producer Manufacturing,Electrical Products,POWER_EQUIPMENT,21875261.072830003,UNDEFINED,,INR,,TRUE,PRESENT,2026-08-18,2026-08-18,Broad industry; power-equipment relevance can be overridden.
"CTR Mobility Co.,Ltd.",308170,South Korea,KRX,KRW,TRADINGVIEW_SCREENER,Producer Manufacturing,Electrical Products,POWER_EQUIPMENT,21789412.230924003,UNDEFINED,,KRW,,TRUE,PRESENT,2026-08-18,2026-08-18,Broad industry; power-equipment relevance can be overridden.
AoFrio Limited,AOF,New Zealand,NZX,NZD,TRADINGVIEW_SCREENER,Producer Manufacturing,Electrical Products,POWER_EQUIPMENT,21204879.7623,UNDEFINED,,NZD,,TRUE,PRESENT,2026-08-18,2026-08-18,Broad industry; power-equipment relevance can be overridden.
Lakshmi Electrical Control Systems Limited,LAKSELEC,India,BSE,INR,TRADINGVIEW_SCREENER,Producer Manufacturing,Electrical Products,POWER_EQUIPMENT,21130283.78767,UNDEFINED,,INR,,TRUE,PRESENT,2026-08-18,2026-08-18,Broad industry; power-equipment relevance can be overridden.
Illumisoft Lighting Corp.,UVC,Canada,TSXV,CAD,TRADINGVIEW_SCREENER,Producer Manufacturing,Electrical Products,POWER_EQUIPMENT,21107571.078300003,UNDEFINED,,CAD,,TRUE,PRESENT,2026-08-18,2026-08-18,Broad industry; power-equipment relevance can be overridden.
Metacon AB,META,Sweden,OMXSTO,SEK,TRADINGVIEW_SCREENER,Producer Manufacturing,Electrical Products,POWER_EQUIPMENT,21023876.168,UNDEFINED,,SEK,,TRUE,PRESENT,2026-08-18,2026-08-18,Broad industry; power-equipment relevance can be overridden.
Sunex SA,HN6,Poland,GETTEX,EUR,TRADINGVIEW_SCREENER,Producer Manufacturing,Electrical Products,POWER_EQUIPMENT,20615839.6536,UNDEFINED,,EUR,,TRUE,PRESENT,2026-08-18,2026-08-18,Broad industry; power-equipment relevance can be overridden.
SCI Electric Public Co. Ltd.,SCI,Thailand,SET,THB,TRADINGVIEW_SCREENER,Producer Manufacturing,Electrical Products,POWER_EQUIPMENT,20563725.6026,UNDEFINED,,THB,,TRUE,PRESENT,2026-08-18,2026-08-18,Broad industry; power-equipment relevance can be overridden.
Bhadora Industries Limited,BHADORA,India,NSE,INR,TRADINGVIEW_SCREENER,Producer Manufacturing,Electrical Products,POWER_EQUIPMENT,20533648.560000002,UNDEFINED,,INR,,TRUE,PRESENT,2026-08-18,2026-08-18,Broad industry; power-equipment relevance can be overridden.
Panasonic Energy India Co. Ltd.,PANAENERG,India,BSE,INR,TRADINGVIEW_SCREENER,Producer Manufacturing,Electrical Products,POWER_EQUIPMENT,20514637.768196,UNDEFINED,,INR,,TRUE,PRESENT,2026-08-18,2026-08-18,Broad industry; power-equipment relevance can be overridden.
"ESS Tech, Inc.",GWH,United States,NYSE,USD,TRADINGVIEW_SCREENER,Producer Manufacturing,Electrical Products,POWER_EQUIPMENT,20088636.74927302,UNDEFINED,,USD,,TRUE,PRESENT,2026-08-18,2026-08-18,Broad industry; power-equipment relevance can be overridden.
Taya (Viet Nam) Electric Wire and Cable Joint Stock Company,TYA,Vietnam,HOSE,VND,TRADINGVIEW_SCREENER,Producer Manufacturing,Electrical Products,POWER_EQUIPMENT,19586483.578478,UNDEFINED,,VND,,TRUE,PRESENT,2026-08-18,2026-08-18,Broad industry; power-equipment relevance can be overridden.
Hanoi Transformer Manufacturing & Electric Material JSC,BTH,Vietnam,UPCOM,VND,TRADINGVIEW_SCREENER,Producer Manufacturing,Electrical Products,POWER_EQUIPMENT,19475000,UNDEFINED,,VND,,TRUE,PRESENT,2026-08-18,2026-08-18,Broad industry; power-equipment relevance can be overridden.
PT Communication Cable Systems Indonesia Tbk,CCSI,Indonesia,IDX,IDR,TRADINGVIEW_SCREENER,Producer Manufacturing,Electrical Products,POWER_EQUIPMENT,19413333.925776,UNDEFINED,,IDR,,TRUE,PRESENT,2026-08-18,2026-08-18,Broad industry; power-equipment relevance can be overridden.
Goldstar Power Ltd.,GOLDSTAR,India,NSE,INR,TRADINGVIEW_SCREENER,Producer Manufacturing,Electrical Products,POWER_EQUIPMENT,19412809.773832,UNDEFINED,,INR,,TRUE,PRESENT,2026-08-18,2026-08-18,Broad industry; power-equipment relevance can be overridden.
REM Group (Holdings) Ltd.,1750,Hong Kong,HKEX,HKD,TRADINGVIEW_SCREENER,Producer Manufacturing,Electrical Products,POWER_EQUIPMENT,19262879.7452,UNDEFINED,,HKD,,TRUE,PRESENT,2026-08-18,2026-08-18,Broad industry; power-equipment relevance can be overridden.
Bangladesh Lamps PLC,BDLAMPS,Bangladesh,DSEBD,BDT,TRADINGVIEW_SCREENER,Producer Manufacturing,Electrical Products,POWER_EQUIPMENT,19180397.476876,UNDEFINED,,BDT,,TRUE,PRESENT,2026-08-18,2026-08-18,Broad industry; power-equipment relevance can be overridden.
Eppeltone Engineers Limited,EEPL,India,NSE,INR,TRADINGVIEW_SCREENER,Producer Manufacturing,Electrical Products,POWER_EQUIPMENT,19016590.327708803,UNDEFINED,,INR,,TRUE,PRESENT,2026-08-18,2026-08-18,Broad industry; power-equipment relevance can be overridden.
PT Kabelindo Murni Tbk Class A,KBLM,Indonesia,IDX,IDR,TRADINGVIEW_SCREENER,Producer Manufacturing,Electrical Products,POWER_EQUIPMENT,18941440,UNDEFINED,,IDR,,TRUE,PRESENT,2026-08-18,2026-08-18,Broad industry; power-equipment relevance can be overridden.
Dhanashree Electronics Ltd.,DEL,India,BSE,INR,TRADINGVIEW_SCREENER,Producer Manufacturing,Electrical Products,POWER_EQUIPMENT,18860646.678832002,UNDEFINED,,INR,,TRUE,PRESENT,2026-08-18,2026-08-18,Broad industry; power-equipment relevance can be overridden.
"Energy Focus, Inc.",EFOI,United States,NASDAQ,USD,TRADINGVIEW_SCREENER,Producer Manufacturing,Electrical Products,POWER_EQUIPMENT,18598128.135368284,UNDEFINED,,USD,,TRUE,PRESENT,2026-08-18,2026-08-18,Broad industry; power-equipment relevance can be overridden.
L'Accumulateur Tunisien Assad,ASSAD,Tunisia,BVMT,TND,TRADINGVIEW_SCREENER,Producer Manufacturing,Electrical Products,POWER_EQUIPMENT,18546626.400000002,UNDEFINED,,TND,,TRUE,PRESENT,2026-08-18,2026-08-18,Broad industry; power-equipment relevance can be overridden.
Star Delta Transformers Ltd.,STARDELTA,India,BSE,INR,TRADINGVIEW_SCREENER,Producer Manufacturing,Electrical Products,POWER_EQUIPMENT,18356385.951502003,UNDEFINED,,INR,,TRUE,PRESENT,2026-08-18,2026-08-18,Broad industry; power-equipment relevance can be overridden.
"SaeDong Co., Ltd.",053060,South Korea,KRX,KRW,TRADINGVIEW_SCREENER,Producer Manufacturing,Electrical Products,POWER_EQUIPMENT,18072102.506328,UNDEFINED,,KRW,,TRUE,PRESENT,2026-08-18,2026-08-18,Broad industry; power-equipment relevance can be overridden.
UMS-Neiken Group Bhd.,UMSNGB,Malaysia,MYX,MYR,TRADINGVIEW_SCREENER,Producer Manufacturing,Electrical Products,POWER_EQUIPMENT,17311509.4012,UNDEFINED,,MYR,,TRUE,PRESENT,2026-08-18,2026-08-18,Broad industry; power-equipment relevance can be overridden.
Equipmake Holdings Plc,EQIP,United Kingdom,AQUIS,GBX,TRADINGVIEW_SCREENER,Producer Manufacturing,Electrical Products,POWER_EQUIPMENT,17252012.349,UNDEFINED,,GBX,,TRUE,PRESENT,2026-08-18,2026-08-18,Broad industry; power-equipment relevance can be overridden.
"Lighting & Equipment Public Co., Ltd.",L&E,Thailand,SET,THB,TRADINGVIEW_SCREENER,Producer Manufacturing,Electrical Products,POWER_EQUIPMENT,17048942.02884,UNDEFINED,,THB,,TRUE,PRESENT,2026-08-18,2026-08-18,Broad industry; power-equipment relevance can be overridden.
H2G Green Limited,5AI,Singapore,SGX,SGD,TRADINGVIEW_SCREENER,Producer Manufacturing,Electrical Products,POWER_EQUIPMENT,16780897.3462,UNDEFINED,,SGD,,TRUE,PRESENT,2026-08-18,2026-08-18,Broad industry; power-equipment relevance can be overridden.
Speco Ltd.,013810,South Korea,KRX,KRW,TRADINGVIEW_SCREENER,Producer Manufacturing,Electrical Products,POWER_EQUIPMENT,16666786.582758,UNDEFINED,,KRW,,TRUE,PRESENT,2026-08-18,2026-08-18,Broad industry; power-equipment relevance can be overridden.
"S&K POLYTEC Co., Ltd.",091340,South Korea,KRX,KRW,TRADINGVIEW_SCREENER,Producer Manufacturing,Electrical Products,POWER_EQUIPMENT,16238699.809020001,UNDEFINED,,KRW,,TRUE,PRESENT,2026-08-18,2026-08-18,Broad industry; power-equipment relevance can be overridden.
Dragonfly Energy Holdings Corp,DFLI,United States,NASDAQ,USD,TRADINGVIEW_SCREENER,Producer Manufacturing,Electrical Products,POWER_EQUIPMENT,16147328.203125002,UNDEFINED,,USD,,TRUE,PRESENT,2026-08-18,2026-08-18,Broad industry; power-equipment relevance can be overridden.
Shivalic Power Control Limited,SPCL,India,NSE,INR,TRADINGVIEW_SCREENER,Producer Manufacturing,Electrical Products,POWER_EQUIPMENT,16014104.364854801,UNDEFINED,,INR,,TRUE,PRESENT,2026-08-18,2026-08-18,Broad industry; power-equipment relevance can be overridden.
"Fuji Latex Co., Ltd.",5199,Japan,TSE,JPY,TRADINGVIEW_SCREENER,Producer Manufacturing,Electrical Products,POWER_EQUIPMENT,15935857.8736,UNDEFINED,,JPY,,TRUE,PRESENT,2026-08-18,2026-08-18,Broad industry; power-equipment relevance can be overridden.
SDS HOLDINGS Co.Ltd.,1711,Japan,TSE,JPY,TRADINGVIEW_SCREENER,Producer Manufacturing,Electrical Products,POWER_EQUIPMENT,15777127.49415,UNDEFINED,,JPY,,TRUE,PRESENT,2026-08-18,2026-08-18,Broad industry; power-equipment relevance can be overridden.
TrickleStar Ltd.,CYW,Malaysia,SGX,SGD,TRADINGVIEW_SCREENER,Producer Manufacturing,Electrical Products,POWER_EQUIPMENT,15429165.5284,UNDEFINED,,SGD,,TRUE,PRESENT,2026-08-18,2026-08-18,Broad industry; power-equipment relevance can be overridden.
Inepar SA Industria e Construcoes,INEP3,Brazil,BMFBOVESPA,BRL,TRADINGVIEW_SCREENER,Producer Manufacturing,Electrical Products,POWER_EQUIPMENT,15400567.2876,UNDEFINED,,BRL,,TRUE,PRESENT,2026-08-18,2026-08-18,Broad industry; power-equipment relevance can be overridden.
Inepar SA Industria e Construcoes Pfd,INEP4,Brazil,BMFBOVESPA,BRL,TRADINGVIEW_SCREENER,Producer Manufacturing,Electrical Products,POWER_EQUIPMENT,15400567.2876,UNDEFINED,,BRL,,TRUE,PRESENT,2026-08-18,2026-08-18,Broad industry; power-equipment relevance can be overridden.
Fabrica Nacional de Acumuladores ETNA SA,ETNAI1,Peru,BVL,PEN,TRADINGVIEW_SCREENER,Producer Manufacturing,Electrical Products,POWER_EQUIPMENT,15133678.330319999,UNDEFINED,,PEN,,TRUE,PRESENT,2026-08-18,2026-08-18,Broad industry; power-equipment relevance can be overridden.
Hanoi Battery JSC,PHN,Vietnam,HNX,VND,TRADINGVIEW_SCREENER,Producer Manufacturing,Electrical Products,POWER_EQUIPMENT,14388857.896042,UNDEFINED,,VND,,TRUE,PRESENT,2026-08-18,2026-08-18,Broad industry; power-equipment relevance can be overridden.
Cofle S.p.A.,CFL,Italy,MIL,EUR,TRADINGVIEW_SCREENER,Producer Manufacturing,Electrical Products,POWER_EQUIPMENT,14145527.3625,UNDEFINED,,EUR,,TRUE,PRESENT,2026-08-18,2026-08-18,Broad industry; power-equipment relevance can be overridden.
Accord Transformer & Switchgear Limited,ACCORDTS,India,BSE,INR,TRADINGVIEW_SCREENER,Producer Manufacturing,Electrical Products,POWER_EQUIPMENT,13691893.991288403,UNDEFINED,,INR,,TRUE,PRESENT,2026-08-18,2026-08-18,Broad industry; power-equipment relevance can be overridden.
"Flux Power Holdings, Inc.",FLUX,United States,NASDAQ,USD,TRADINGVIEW_SCREENER,Producer Manufacturing,Electrical Products,POWER_EQUIPMENT,13564479.394957986,UNDEFINED,,USD,,TRUE,PRESENT,2026-08-18,2026-08-18,Broad industry; power-equipment relevance can be overridden.
Uravi Defence and Technology Limited,URAVIDEF,India,NSE,INR,TRADINGVIEW_SCREENER,Producer Manufacturing,Electrical Products,POWER_EQUIPMENT,13307530.413502,UNDEFINED,,INR,,TRUE,PRESENT,2026-08-18,2026-08-18,Broad industry; power-equipment relevance can be overridden.
Antec Inc,6276,Taiwan,TPEX,TWD,TRADINGVIEW_SCREENER,Producer Manufacturing,Electrical Products,POWER_EQUIPMENT,13098537.078967,UNDEFINED,,TWD,,TRUE,PRESENT,2026-08-18,2026-08-18,Broad industry; power-equipment relevance can be overridden.
NewHydrogen Inc.,NEWH,United States,OTC,USD,TRADINGVIEW_SCREENER,Producer Manufacturing,Electrical Products,POWER_EQUIPMENT,13059140.47822857,UNDEFINED,,USD,,TRUE,PRESENT,2026-08-18,2026-08-18,Broad industry; power-equipment relevance can be overridden.
Pakistan Engineering Co. Ltd.,PECO,Pakistan,PSX,PKR,TRADINGVIEW_SCREENER,Producer Manufacturing,Electrical Products,POWER_EQUIPMENT,12993720.257232,UNDEFINED,,PKR,,TRUE,PRESENT,2026-08-18,2026-08-18,Broad industry; power-equipment relevance can be overridden.
"Talos Co., Ltd.",434190,South Korea,KRX,KRW,TRADINGVIEW_SCREENER,Producer Manufacturing,Electrical Products,POWER_EQUIPMENT,12907489.74606,UNDEFINED,,KRW,,TRUE,PRESENT,2026-08-18,2026-08-18,Broad industry; power-equipment relevance can be overridden.
"Tien Li Offshore Wind Technology Co., Ltd.",6793,Taiwan,TPEX,TWD,TRADINGVIEW_SCREENER,Producer Manufacturing,Electrical Products,POWER_EQUIPMENT,12852139.142561,UNDEFINED,,TWD,,TRUE,PRESENT,2026-08-18,2026-08-18,Broad industry; power-equipment relevance can be overridden.
Sanergy Group Ltd.,2459,Hong Kong,HKEX,HKD,TRADINGVIEW_SCREENER,Producer Manufacturing,Electrical Products,POWER_EQUIPMENT,12838862.145200001,UNDEFINED,,HKD,,TRUE,PRESENT,2026-08-18,2026-08-18,Broad industry; power-equipment relevance can be overridden.
GenCell Ltd.,GNCL,Israel,TASE,ILA,TRADINGVIEW_SCREENER,Producer Manufacturing,Electrical Products,POWER_EQUIPMENT,12081191.08086,UNDEFINED,,ILA,,TRUE,PRESENT,2026-08-18,2026-08-18,Broad industry; power-equipment relevance can be overridden.
First Treet Manufacturing Modaraba,FTMM,Pakistan,PSX,PKR,TRADINGVIEW_SCREENER,Producer Manufacturing,Electrical Products,POWER_EQUIPMENT,12032264.1186,UNDEFINED,,PKR,,TRUE,PRESENT,2026-08-18,2026-08-18,Broad industry; power-equipment relevance can be overridden.
Cutix PLC,CUTIX,Nigeria,NSENG,NGN,TRADINGVIEW_SCREENER,Producer Manufacturing,Electrical Products,POWER_EQUIPMENT,12013625.477616,UNDEFINED,,NGN,,TRUE,PRESENT,2026-08-18,2026-08-18,Broad industry; power-equipment relevance can be overridden.
Perrot Duval Holding SA,0R3Q,Switzerland,LSE,CHF,TRADINGVIEW_SCREENER,Producer Manufacturing,Electrical Products,POWER_EQUIPMENT,11603352.992,UNDEFINED,,CHF,,TRUE,PRESENT,2026-08-18,2026-08-18,Broad industry; power-equipment relevance can be overridden.
Calcom Vision Limited,CALCOM,India,BSE,INR,TRADINGVIEW_SCREENER,Producer Manufacturing,Electrical Products,POWER_EQUIPMENT,11106306.309516001,UNDEFINED,,INR,,TRUE,PRESENT,2026-08-18,2026-08-18,Broad industry; power-equipment relevance can be overridden.
WOOREE ENTERPRISE CO. LTD,037400,South Korea,KRX,KRW,TRADINGVIEW_SCREENER,Producer Manufacturing,Electrical Products,POWER_EQUIPMENT,10759222.64547,UNDEFINED,,KRW,,TRUE,PRESENT,2026-08-18,2026-08-18,Broad industry; power-equipment relevance can be overridden.
JSL Industries Limited,JSLINDL,India,BSE,INR,TRADINGVIEW_SCREENER,Producer Manufacturing,Electrical Products,POWER_EQUIPMENT,10635256.363328,UNDEFINED,,INR,,TRUE,PRESENT,2026-08-18,2026-08-18,Broad industry; power-equipment relevance can be overridden.
MBG Group JSC,MBG,Vietnam,HNX,VND,TRADINGVIEW_SCREENER,Producer Manufacturing,Electrical Products,POWER_EQUIPMENT,10507100.079346001,UNDEFINED,,VND,,TRUE,PRESENT,2026-08-18,2026-08-18,Broad industry; power-equipment relevance can be overridden.
South Ocean Holdings Limited,SOH,South Africa,JSE,ZAC,TRADINGVIEW_SCREENER,Producer Manufacturing,Electrical Products,POWER_EQUIPMENT,10210506.860000001,UNDEFINED,,ZAC,,TRUE,PRESENT,2026-08-18,2026-08-18,Broad industry; power-equipment relevance can be overridden.
"NUINTEK Co., Ltd.",012340,South Korea,KRX,KRW,TRADINGVIEW_SCREENER,Producer Manufacturing,Electrical Products,POWER_EQUIPMENT,10103211.82728,UNDEFINED,,KRW,,TRUE,PRESENT,2026-08-18,2026-08-18,Broad industry; power-equipment relevance can be overridden.
Excellent Wires & Packaging Limited,EXCELLENT,India,NSE,INR,TRADINGVIEW_SCREENER,Producer Manufacturing,Electrical Products,POWER_EQUIPMENT,10066037.700000001,UNDEFINED,,INR,,TRUE,PRESENT,2026-08-18,2026-08-18,Broad industry; power-equipment relevance can be overridden.
Dien Quang Lamp JSC,DQC,Vietnam,HOSE,VND,TRADINGVIEW_SCREENER,Producer Manufacturing,Electrical Products,POWER_EQUIPMENT,9927518.171980001,UNDEFINED,,VND,,TRUE,PRESENT,2026-08-18,2026-08-18,Broad industry; power-equipment relevance can be overridden.
Mehai Technology Ltd.,MEHAI,India,BSE,INR,TRADINGVIEW_SCREENER,Producer Manufacturing,Electrical Products,POWER_EQUIPMENT,9879717.672638,UNDEFINED,,INR,,TRUE,PRESENT,2026-08-18,2026-08-18,Broad industry; power-equipment relevance can be overridden.
Smarten Power Systems Limited,SMARTEN,India,NSE,INR,TRADINGVIEW_SCREENER,Producer Manufacturing,Electrical Products,POWER_EQUIPMENT,9562640.92056,UNDEFINED,,INR,,TRUE,PRESENT,2026-08-18,2026-08-18,Broad industry; power-equipment relevance can be overridden.
Electric Power Technology Limited,4529,Taiwan,TPEX,TWD,TRADINGVIEW_SCREENER,Producer Manufacturing,Electrical Products,POWER_EQUIPMENT,9377294.746838,UNDEFINED,,TWD,,TRUE,PRESENT,2026-08-18,2026-08-18,Broad industry; power-equipment relevance can be overridden.
Jyoti Limited,JYOTI,India,BSE,INR,TRADINGVIEW_SCREENER,Producer Manufacturing,Electrical Products,POWER_EQUIPMENT,9327477.488998001,UNDEFINED,,INR,,TRUE,PRESENT,2026-08-18,2026-08-18,Broad industry; power-equipment relevance can be overridden.
"Teera-Mongkol Industry Public Co., Ltd.",TMI,Thailand,SET,THB,TRADINGVIEW_SCREENER,Producer Manufacturing,Electrical Products,POWER_EQUIPMENT,9306060.68982,UNDEFINED,,THB,,TRUE,PRESENT,2026-08-18,2026-08-18,Broad industry; power-equipment relevance can be overridden.
Elsa Solutions S.P.A.,ELSA,Italy,MIL,EUR,TRADINGVIEW_SCREENER,Producer Manufacturing,Electrical Products,POWER_EQUIPMENT,9285469.110000001,UNDEFINED,,EUR,,TRUE,PRESENT,2026-08-18,2026-08-18,Broad industry; power-equipment relevance can be overridden.
RTS Power Corporation Ltd,RTSPOWR,India,BSE,INR,TRADINGVIEW_SCREENER,Producer Manufacturing,Electrical Products,POWER_EQUIPMENT,9199757.491102,UNDEFINED,,INR,,TRUE,PRESENT,2026-08-18,2026-08-18,Broad industry; power-equipment relevance can be overridden.
Laxapana PLC,LITE.N0000,Sri Lanka,CSELK,LKR,TRADINGVIEW_SCREENER,Producer Manufacturing,Electrical Products,POWER_EQUIPMENT,9166538.11136,UNDEFINED,,LKR,,TRUE,PRESENT,2026-08-18,2026-08-18,Broad industry; power-equipment relevance can be overridden.
Energy Technologies Limited,EGY,Australia,ASX,AUD,TRADINGVIEW_SCREENER,Producer Manufacturing,Electrical Products,POWER_EQUIPMENT,8846987.238,UNDEFINED,,AUD,,TRUE,PRESENT,2026-08-18,2026-08-18,Broad industry; power-equipment relevance can be overridden.
"SUNTECH Co., Ltd. (Seoul)",217320,South Korea,KRX,KRW,TRADINGVIEW_SCREENER,Producer Manufacturing,Electrical Products,POWER_EQUIPMENT,8845200,UNDEFINED,,KRW,,TRUE,PRESENT,2026-08-18,2026-08-18,Broad industry; power-equipment relevance can be overridden.
Visdem Technosys Limited,VISDEM,India,NSE,INR,TRADINGVIEW_SCREENER,Producer Manufacturing,Electrical Products,POWER_EQUIPMENT,8773877.0784,UNDEFINED,,INR,,TRUE,PRESENT,2026-08-18,2026-08-18,Broad industry; power-equipment relevance can be overridden.
WS-SK Target Group Limited,8427,Malaysia,HKEX,HKD,TRADINGVIEW_SCREENER,Producer Manufacturing,Electrical Products,POWER_EQUIPMENT,8675044.760200001,UNDEFINED,,HKD,,TRUE,PRESENT,2026-08-18,2026-08-18,Broad industry; power-equipment relevance can be overridden.
Automatyka-Pomiary-Sterowanie SA,APS,Poland,NEWCONNECT,PLN,TRADINGVIEW_SCREENER,Producer Manufacturing,Electrical Products,POWER_EQUIPMENT,8522083.99895,UNDEFINED,,PLN,,TRUE,PRESENT,2026-08-18,2026-08-18,Broad industry; power-equipment relevance can be overridden.
Optronics Technologies SA,OPTRON,Greece,ATHEX,EUR,TRADINGVIEW_SCREENER,Producer Manufacturing,Electrical Products,POWER_EQUIPMENT,8327216.340000001,UNDEFINED,,EUR,,TRUE,PRESENT,2026-08-18,2026-08-18,Broad industry; power-equipment relevance can be overridden.
Ultracab (India) Ltd,ULTRACAB,India,BSE,INR,TRADINGVIEW_SCREENER,Producer Manufacturing,Electrical Products,POWER_EQUIPMENT,8268071.666498001,UNDEFINED,,INR,,TRUE,PRESENT,2026-08-18,2026-08-18,Broad industry; power-equipment relevance can be overridden.
"Camber Energy, Inc.",CEIN,United States,OTC,USD,TRADINGVIEW_SCREENER,Producer Manufacturing,Electrical Products,POWER_EQUIPMENT,8214077.014814815,UNDEFINED,,USD,,TRUE,PRESENT,2026-08-18,2026-08-18,Broad industry; power-equipment relevance can be overridden.
Vdeal System Ltd.,VDEAL,India,NSE,INR,TRADINGVIEW_SCREENER,Producer Manufacturing,Electrical Products,POWER_EQUIPMENT,8093183.13032,UNDEFINED,,INR,,TRUE,PRESENT,2026-08-18,2026-08-18,Broad industry; power-equipment relevance can be overridden.
"J-Star Holding Co., Ltd.",YMAT,Taiwan,NASDAQ,USD,TRADINGVIEW_SCREENER,Producer Manufacturing,Electrical Products,POWER_EQUIPMENT,7819701.8939393945,UNDEFINED,,USD,,TRUE,PRESENT,2026-08-18,2026-08-18,Broad industry; power-equipment relevance can be overridden.
Total Graphite PLC,TGR,United Kingdom,LSE,GBX,TRADINGVIEW_SCREENER,Producer Manufacturing,Electrical Products,POWER_EQUIPMENT,7537493.9969999995,UNDEFINED,,GBX,,TRUE,PRESENT,2026-08-18,2026-08-18,Broad industry; power-equipment relevance can be overridden.
Bonlon Industries Ltd,BONLON,India,BSE,INR,TRADINGVIEW_SCREENER,Producer Manufacturing,Electrical Products,POWER_EQUIPMENT,7292969.896910001,UNDEFINED,,INR,,TRUE,PRESENT,2026-08-18,2026-08-18,Broad industry; power-equipment relevance can be overridden.
International Graphite Limited,IG6,Australia,ASX,AUD,TRADINGVIEW_SCREENER,Producer Manufacturing,Electrical Products,POWER_EQUIPMENT,7269593.9377999995,UNDEFINED,,AUD,,TRUE,PRESENT,2026-08-18,2026-08-18,Broad industry; power-equipment relevance can be overridden.
PT Semacom Integrated Tbk,SEMA,Indonesia,IDX,IDR,TRADINGVIEW_SCREENER,Producer Manufacturing,Electrical Products,POWER_EQUIPMENT,7242863.906264,UNDEFINED,,IDR,,TRUE,PRESENT,2026-08-18,2026-08-18,Broad industry; power-equipment relevance can be overridden.
Cyberlux Corp.,CYBL,United States,OTC,USD,TRADINGVIEW_SCREENER,Producer Manufacturing,Electrical Products,POWER_EQUIPMENT,7175944,UNDEFINED,,USD,,TRUE,PRESENT,2026-08-18,2026-08-18,Broad industry; power-equipment relevance can be overridden.
KML Technology Group Limited,8065,Hong Kong,HKEX,HKD,TRADINGVIEW_SCREENER,Producer Manufacturing,Electrical Products,POWER_EQUIPMENT,7171274.401200001,UNDEFINED,,HKD,,TRUE,PRESENT,2026-08-18,2026-08-18,Broad industry; power-equipment relevance can be overridden.
Tedea Technological Development & Automation Ltd.,TEDE,Israel,TASE,ILA,TRADINGVIEW_SCREENER,Producer Manufacturing,Electrical Products,POWER_EQUIPMENT,7005718.07331,UNDEFINED,,ILA,,TRUE,PRESENT,2026-08-18,2026-08-18,Broad industry; power-equipment relevance can be overridden.
Kkalpana Industries (India) Limited,KKALPANAIND,India,BSE,INR,TRADINGVIEW_SCREENER,Producer Manufacturing,Electrical Products,POWER_EQUIPMENT,6857826.278608001,UNDEFINED,,INR,,TRUE,PRESENT,2026-08-18,2026-08-18,Broad industry; power-equipment relevance can be overridden.
FOS Capital Ltd,FOS,Australia,ASX,AUD,TRADINGVIEW_SCREENER,Producer Manufacturing,Electrical Products,POWER_EQUIPMENT,6570568.9474,UNDEFINED,,AUD,,TRUE,PRESENT,2026-08-18,2026-08-18,Broad industry; power-equipment relevance can be overridden.
"Coset, Inc.",189350,South Korea,KRX,KRW,TRADINGVIEW_SCREENER,Producer Manufacturing,Electrical Products,POWER_EQUIPMENT,6392131.454124,UNDEFINED,,KRW,,TRUE,PRESENT,2026-08-18,2026-08-18,Broad industry; power-equipment relevance can be overridden.
"Astro Communications, Inc.",ASTO,United States,OTC,USD,TRADINGVIEW_SCREENER,Producer Manufacturing,Electrical Products,POWER_EQUIPMENT,6351910.308571429,UNDEFINED,,USD,,TRUE,PRESENT,2026-08-18,2026-08-18,Broad industry; power-equipment relevance can be overridden.
Marco Cables & Conductors Ltd.,MARCO,India,NSE,INR,TRADINGVIEW_SCREENER,Producer Manufacturing,Electrical Products,POWER_EQUIPMENT,6257513.7657,UNDEFINED,,INR,,TRUE,PRESENT,2026-08-18,2026-08-18,Broad industry; power-equipment relevance can be overridden.
Graphex Group Limited,6128,Hong Kong,HKEX,HKD,TRADINGVIEW_SCREENER,Producer Manufacturing,Electrical Products,POWER_EQUIPMENT,5996165.721000001,UNDEFINED,,HKD,,TRUE,PRESENT,2026-08-18,2026-08-18,Broad industry; power-equipment relevance can be overridden.
Critical Minerals Group Ltd.,CMG,Australia,ASX,AUD,TRADINGVIEW_SCREENER,Producer Manufacturing,Electrical Products,POWER_EQUIPMENT,5926941.452399999,UNDEFINED,,AUD,,TRUE,PRESENT,2026-08-18,2026-08-18,Broad industry; power-equipment relevance can be overridden.
Rectifier Technologies Ltd,RFT,Australia,ASX,AUD,TRADINGVIEW_SCREENER,Producer Manufacturing,Electrical Products,POWER_EQUIPMENT,5874881.940400001,UNDEFINED,,AUD,,TRUE,PRESENT,2026-08-18,2026-08-18,Broad industry; power-equipment relevance can be overridden.
Heliospectra AB,A117DG,Sweden,LS,EUR,TRADINGVIEW_SCREENER,Producer Manufacturing,Electrical Products,POWER_EQUIPMENT,5874387.0448,UNDEFINED,,EUR,,TRUE,PRESENT,2026-08-18,2026-08-18,Broad industry; power-equipment relevance can be overridden.
Tiasang Battery JSC,TSB,Vietnam,HNX,VND,TRADINGVIEW_SCREENER,Producer Manufacturing,Electrical Products,POWER_EQUIPMENT,5587955.682198,UNDEFINED,,VND,,TRUE,PRESENT,2026-08-18,2026-08-18,Broad industry; power-equipment relevance can be overridden.
GOMERO GROUP AB,GOMERO,Sweden,NGM,SEK,TRADINGVIEW_SCREENER,Producer Manufacturing,Electrical Products,POWER_EQUIPMENT,5566498.0954,UNDEFINED,,SEK,,TRUE,PRESENT,2026-08-18,2026-08-18,Broad industry; power-equipment relevance can be overridden.
Atc Energies System Limited,ATCENERGY,India,NSE,INR,TRADINGVIEW_SCREENER,Producer Manufacturing,Electrical Products,POWER_EQUIPMENT,5221302.30198,UNDEFINED,,INR,,TRUE,PRESENT,2026-08-18,2026-08-18,Broad industry; power-equipment relevance can be overridden.
Clenon Enterprises Ltd,CLENON,India,BSE,INR,TRADINGVIEW_SCREENER,Producer Manufacturing,Electrical Products,POWER_EQUIPMENT,5153061.7096420005,UNDEFINED,,INR,,TRUE,PRESENT,2026-08-18,2026-08-18,Broad industry; power-equipment relevance can be overridden.
CN Energy Group Inc.,CNEY,China,NASDAQ,USD,TRADINGVIEW_SCREENER,Producer Manufacturing,Electrical Products,POWER_EQUIPMENT,4848975.475081967,UNDEFINED,,USD,,TRUE,PRESENT,2026-08-18,2026-08-18,Broad industry; power-equipment relevance can be overridden.
Ho Wah Genting Bhd.,HWGB,Malaysia,MYX,MYR,TRADINGVIEW_SCREENER,Producer Manufacturing,Electrical Products,POWER_EQUIPMENT,4820652.6816,UNDEFINED,,MYR,,TRUE,PRESENT,2026-08-18,2026-08-18,Broad industry; power-equipment relevance can be overridden.
MAKENITA RES INC.,KENYF,Canada,OTC,USD,TRADINGVIEW_SCREENER,Producer Manufacturing,Electrical Products,POWER_EQUIPMENT,4597935.999999999,UNDEFINED,,USD,,TRUE,PRESENT,2026-08-18,2026-08-18,Broad industry; power-equipment relevance can be overridden.
ABOUND ENERGY INC.,ZAIRF,Canada,OTC,USD,TRADINGVIEW_SCREENER,Producer Manufacturing,Electrical Products,POWER_EQUIPMENT,4525614.5571,UNDEFINED,,USD,,TRUE,PRESENT,2026-08-18,2026-08-18,Broad industry; power-equipment relevance can be overridden.
"Makenita Resources, Inc.",KENY,Canada,NEO,CAD,TRADINGVIEW_SCREENER,Producer Manufacturing,Electrical Products,POWER_EQUIPMENT,4479199.956,UNDEFINED,,CAD,,TRUE,PRESENT,2026-08-18,2026-08-18,Broad industry; power-equipment relevance can be overridden.
Tamilnadu Telecommunications Ltd.,TNTELE,India,BSE,INR,TRADINGVIEW_SCREENER,Producer Manufacturing,Electrical Products,POWER_EQUIPMENT,4354011.58251,UNDEFINED,,INR,,TRUE,PRESENT,2026-08-18,2026-08-18,Broad industry; power-equipment relevance can be overridden.
Cybele Industries Limited,CYBELEIND,India,BSE,INR,TRADINGVIEW_SCREENER,Producer Manufacturing,Electrical Products,POWER_EQUIPMENT,4304108.157140001,UNDEFINED,,INR,,TRUE,PRESENT,2026-08-18,2026-08-18,Broad industry; power-equipment relevance can be overridden.
Expion360 Inc.,XPON,United States,NASDAQ,USD,TRADINGVIEW_SCREENER,Producer Manufacturing,Electrical Products,POWER_EQUIPMENT,4263144.780219779,UNDEFINED,,USD,,TRUE,PRESENT,2026-08-18,2026-08-18,Broad industry; power-equipment relevance can be overridden.
"Powerdyne International, Inc.",PWDY,United States,OTC,USD,TRADINGVIEW_SCREENER,Producer Manufacturing,Electrical Products,POWER_EQUIPMENT,4194715.14,UNDEFINED,,USD,,TRUE,PRESENT,2026-08-18,2026-08-18,Broad industry; power-equipment relevance can be overridden.
"Hybrid Power Solutions, Inc.",HPSS,Canada,CSE,CAD,TRADINGVIEW_SCREENER,Producer Manufacturing,Electrical Products,POWER_EQUIPMENT,4121302.3341,UNDEFINED,,CAD,,TRUE,PRESENT,2026-08-18,2026-08-18,Broad industry; power-equipment relevance can be overridden.
ALFA Transformers Limited,ALFATRAN,India,BSE,INR,TRADINGVIEW_SCREENER,Producer Manufacturing,Electrical Products,POWER_EQUIPMENT,3734076.250556,UNDEFINED,,INR,,TRUE,PRESENT,2026-08-18,2026-08-18,Broad industry; power-equipment relevance can be overridden.
Viet Thai Electric Cable Corporation,VTH,Vietnam,HNX,VND,TRADINGVIEW_SCREENER,Producer Manufacturing,Electrical Products,POWER_EQUIPMENT,3603536.40577,UNDEFINED,,VND,,TRUE,PRESENT,2026-08-18,2026-08-18,Broad industry; power-equipment relevance can be overridden.
Solartech International Holdings Limited,1166,Hong Kong,HKEX,HKD,TRADINGVIEW_SCREENER,Producer Manufacturing,Electrical Products,POWER_EQUIPMENT,3539297.9986000005,UNDEFINED,,HKD,,TRUE,PRESENT,2026-08-18,2026-08-18,Broad industry; power-equipment relevance can be overridden.
LUG S.A.,LUG,Poland,NEWCONNECT,PLN,TRADINGVIEW_SCREENER,Producer Manufacturing,Electrical Products,POWER_EQUIPMENT,3416624.6442,UNDEFINED,,PLN,,TRUE,PRESENT,2026-08-18,2026-08-18,Broad industry; power-equipment relevance can be overridden.
Highlander Enterprise S.A.,HER,Poland,NEWCONNECT,PLN,TRADINGVIEW_SCREENER,Producer Manufacturing,Electrical Products,POWER_EQUIPMENT,3351607.9226,UNDEFINED,,PLN,,TRUE,PRESENT,2026-08-18,2026-08-18,Broad industry; power-equipment relevance can be overridden.
Golden Power Group Holdings Ltd.,3919,Hong Kong,HKEX,HKD,TRADINGVIEW_SCREENER,Producer Manufacturing,Electrical Products,POWER_EQUIPMENT,3343485.7274,UNDEFINED,,HKD,,TRUE,PRESENT,2026-08-18,2026-08-18,Broad industry; power-equipment relevance can be overridden.
E Lighting Group Holdings Ltd,8222,Hong Kong,HKEX,HKD,TRADINGVIEW_SCREENER,Producer Manufacturing,Electrical Products,POWER_EQUIPMENT,3332792.9180000005,UNDEFINED,,HKD,,TRUE,PRESENT,2026-08-18,2026-08-18,Broad industry; power-equipment relevance can be overridden.
Midtown Group Berhad,MIDTOWN,Malaysia,MYX,MYR,TRADINGVIEW_SCREENER,Producer Manufacturing,Electrical Products,POWER_EQUIPMENT,3025509.1643,UNDEFINED,,MYR,,TRUE,PRESENT,2026-08-18,2026-08-18,Broad industry; power-equipment relevance can be overridden.
Time To ACT Plc,TTA,United Kingdom,AQUIS,GBX,TRADINGVIEW_SCREENER,Producer Manufacturing,Electrical Products,POWER_EQUIPMENT,2974628.679,UNDEFINED,,GBX,,TRUE,PRESENT,2026-08-18,2026-08-18,Broad industry; power-equipment relevance can be overridden.
Switching Technologies Gunther Limited,SWITCHTE,India,BSE,INR,TRADINGVIEW_SCREENER,Producer Manufacturing,Electrical Products,POWER_EQUIPMENT,2939502.0511620003,UNDEFINED,,INR,,TRUE,PRESENT,2026-08-18,2026-08-18,Broad industry; power-equipment relevance can be overridden.
Elong Power Holding Limited,ELPW,China,NASDAQ,USD,TRADINGVIEW_SCREENER,Producer Manufacturing,Electrical Products,POWER_EQUIPMENT,2934543.75,UNDEFINED,,USD,,TRUE,PRESENT,2026-08-18,2026-08-18,Broad industry; power-equipment relevance can be overridden.
Tarapur Transformers Limited,TARAPUR,India,BSE,INR,TRADINGVIEW_SCREENER,Producer Manufacturing,Electrical Products,POWER_EQUIPMENT,2926803.897262,UNDEFINED,,INR,,TRUE,PRESENT,2026-08-18,2026-08-18,Broad industry; power-equipment relevance can be overridden.
"TurnOnGreen, Inc",TOGI,United States,OTC,USD,TRADINGVIEW_SCREENER,Producer Manufacturing,Electrical Products,POWER_EQUIPMENT,2888535.382789317,UNDEFINED,,USD,,TRUE,PRESENT,2026-08-18,2026-08-18,Broad industry; power-equipment relevance can be overridden.
Eguana Technologies Inc,EGTYF,Canada,OTC,USD,TRADINGVIEW_SCREENER,Producer Manufacturing,Electrical Products,POWER_EQUIPMENT,2864786.5239000004,UNDEFINED,,USD,,TRUE,PRESENT,2026-08-18,2026-08-18,Broad industry; power-equipment relevance can be overridden.
Vibropower Corporation Limited,BJD,Singapore,SGX,SGD,TRADINGVIEW_SCREENER,Producer Manufacturing,Electrical Products,POWER_EQUIPMENT,2821352.43,UNDEFINED,,SGD,,TRUE,PRESENT,2026-08-18,2026-08-18,Broad industry; power-equipment relevance can be overridden.
Douaisienne de Basse Tension SAS,4Y50,France,GETTEX,EUR,TRADINGVIEW_SCREENER,Producer Manufacturing,Electrical Products,POWER_EQUIPMENT,2818738.6065,UNDEFINED,,EUR,,TRUE,PRESENT,2026-08-18,2026-08-18,Broad industry; power-equipment relevance can be overridden.
China Saftower International Holding Group Limited,8623,China,HKEX,HKD,TRADINGVIEW_SCREENER,Producer Manufacturing,Electrical Products,POWER_EQUIPMENT,2694612.3022000003,UNDEFINED,,HKD,,TRUE,PRESENT,2026-08-18,2026-08-18,Broad industry; power-equipment relevance can be overridden.
Epic Energy Limited,EPIC,India,BSE,INR,TRADINGVIEW_SCREENER,Producer Manufacturing,Electrical Products,POWER_EQUIPMENT,2616471.825114,UNDEFINED,,INR,,TRUE,PRESENT,2026-08-18,2026-08-18,Broad industry; power-equipment relevance can be overridden.
Standard Batteries Limited,STDBAT,India,BSE,INR,TRADINGVIEW_SCREENER,Producer Manufacturing,Electrical Products,POWER_EQUIPMENT,2471970.195886,UNDEFINED,,INR,,TRUE,PRESENT,2026-08-18,2026-08-18,Broad industry; power-equipment relevance can be overridden.
Erayak Power Solution Group Inc.,RAYA,China,NASDAQ,USD,TRADINGVIEW_SCREENER,Producer Manufacturing,Electrical Products,POWER_EQUIPMENT,2446927.387096774,UNDEFINED,,USD,,TRUE,PRESENT,2026-08-18,2026-08-18,Broad industry; power-equipment relevance can be overridden.
ATON Green Storage S.p.A.,ATON,Italy,MIL,EUR,TRADINGVIEW_SCREENER,Producer Manufacturing,Electrical Products,POWER_EQUIPMENT,2445997.5,UNDEFINED,,EUR,,TRUE,PRESENT,2026-08-18,2026-08-18,Broad industry; power-equipment relevance can be overridden.
NFO DRIVES AB,NFO,Sweden,NGM,SEK,TRADINGVIEW_SCREENER,Producer Manufacturing,Electrical Products,POWER_EQUIPMENT,2273927.5374,UNDEFINED,,SEK,,TRUE,PRESENT,2026-08-18,2026-08-18,Broad industry; power-equipment relevance can be overridden.
Sametel Corp.,SMT,Vietnam,HNX,VND,TRADINGVIEW_SCREENER,Producer Manufacturing,Electrical Products,POWER_EQUIPMENT,2119118.55602,UNDEFINED,,VND,,TRUE,PRESENT,2026-08-18,2026-08-18,Broad industry; power-equipment relevance can be overridden.
Eveready East Africa PLC,EVRD,Kenya,NSEKE,KES,TRADINGVIEW_SCREENER,Producer Manufacturing,Electrical Products,POWER_EQUIPMENT,1648054.7692240002,UNDEFINED,,KES,,TRUE,PRESENT,2026-08-18,2026-08-18,Broad industry; power-equipment relevance can be overridden.
Storage Drop Storage Technologies LTD,STRG,Israel,TASE,ILA,TRADINGVIEW_SCREENER,Producer Manufacturing,Electrical Products,POWER_EQUIPMENT,1636154.77454,UNDEFINED,,ILA,,TRUE,PRESENT,2026-08-18,2026-08-18,Broad industry; power-equipment relevance can be overridden.
Galada Power & Telecommunication Ltd.,GALADA,India,BSE,INR,TRADINGVIEW_SCREENER,Producer Manufacturing,Electrical Products,POWER_EQUIPMENT,1471398.6329140002,UNDEFINED,,INR,,TRUE,PRESENT,2026-08-18,2026-08-18,Broad industry; power-equipment relevance can be overridden.
B.C. Power Controls Ltd.,BCP,India,BSE,INR,TRADINGVIEW_SCREENER,Producer Manufacturing,Electrical Products,POWER_EQUIPMENT,1425616.234266,UNDEFINED,,INR,,TRUE,PRESENT,2026-08-18,2026-08-18,Broad industry; power-equipment relevance can be overridden.
"P2 Solar, Inc.",PTOS,Canada,OTC,USD,TRADINGVIEW_SCREENER,Producer Manufacturing,Electrical Products,POWER_EQUIPMENT,1384398,UNDEFINED,,USD,,TRUE,PRESENT,2026-08-18,2026-08-18,Broad industry; power-equipment relevance can be overridden.
Maks Energy Solutions India Limited,MAKS,India,NSE,INR,TRADINGVIEW_SCREENER,Producer Manufacturing,Electrical Products,POWER_EQUIPMENT,1183950.344498,UNDEFINED,,INR,,TRUE,PRESENT,2026-08-18,2026-08-18,Broad industry; power-equipment relevance can be overridden.
Quantum International Corp,QUAN,United States,OTC,USD,TRADINGVIEW_SCREENER,Producer Manufacturing,Electrical Products,POWER_EQUIPMENT,1171339.7799999998,UNDEFINED,,USD,,TRUE,PRESENT,2026-08-18,2026-08-18,Broad industry; power-equipment relevance can be overridden.
Reflex Advanced Materials Corp.,RFLX,Canada,CSE,CAD,TRADINGVIEW_SCREENER,Producer Manufacturing,Electrical Products,POWER_EQUIPMENT,929234.5398,UNDEFINED,,CAD,,TRUE,PRESENT,2026-08-18,2026-08-18,Broad industry; power-equipment relevance can be overridden.
APANET SA Class D,APA,Poland,NEWCONNECT,PLN,TRADINGVIEW_SCREENER,Producer Manufacturing,Electrical Products,POWER_EQUIPMENT,871487.5,UNDEFINED,,PLN,,TRUE,PRESENT,2026-08-18,2026-08-18,Broad industry; power-equipment relevance can be overridden.
Nuvve Holding Corp.,NVVE,United States,OTC,USD,TRADINGVIEW_SCREENER,Producer Manufacturing,Electrical Products,POWER_EQUIPMENT,801784.138975501,UNDEFINED,,USD,,TRUE,PRESENT,2026-08-18,2026-08-18,Broad industry; power-equipment relevance can be overridden.
VKC Holdings Join Stock Company,VKC,Vietnam,UPCOM,VND,TRADINGVIEW_SCREENER,Producer Manufacturing,Electrical Products,POWER_EQUIPMENT,732601.974502,UNDEFINED,,VND,,TRUE,PRESENT,2026-08-18,2026-08-18,Broad industry; power-equipment relevance can be overridden.
iQ International AG,A2PAA5,Switzerland,LS,EUR,TRADINGVIEW_SCREENER,Producer Manufacturing,Electrical Products,POWER_EQUIPMENT,707166.2115000001,UNDEFINED,,EUR,,TRUE,PRESENT,2026-08-18,2026-08-18,Broad industry; power-equipment relevance can be overridden.
SATIVUS TECH CORP.,SATT,United States,OTC,USD,TRADINGVIEW_SCREENER,Producer Manufacturing,Electrical Products,POWER_EQUIPMENT,636973,UNDEFINED,,USD,,TRUE,PRESENT,2026-08-18,2026-08-18,Broad industry; power-equipment relevance can be overridden.
"China Solar & Clean Energy Solutions, Inc.",CSOL,China,OTC,USD,TRADINGVIEW_SCREENER,Producer Manufacturing,Electrical Products,POWER_EQUIPMENT,575748,UNDEFINED,,USD,,TRUE,PRESENT,2026-08-18,2026-08-18,Broad industry; power-equipment relevance can be overridden.
SGN Telecoms Ltd.,SGNTE,India,BSE,INR,TRADINGVIEW_SCREENER,Producer Manufacturing,Electrical Products,POWER_EQUIPMENT,533233.8537600001,UNDEFINED,,INR,,TRUE,PRESENT,2026-08-18,2026-08-18,Broad industry; power-equipment relevance can be overridden.
H2 Core AG,A0H1GY,Germany,LS,EUR,TRADINGVIEW_SCREENER,Producer Manufacturing,Electrical Products,POWER_EQUIPMENT,478659.15900000004,UNDEFINED,,EUR,,TRUE,PRESENT,2026-08-18,2026-08-18,Broad industry; power-equipment relevance can be overridden.
CMI Limited,CMICABLES,India,NSE,INR,TRADINGVIEW_SCREENER,Producer Manufacturing,Electrical Products,POWER_EQUIPMENT,468361.68934800004,UNDEFINED,,INR,,TRUE,PRESENT,2026-08-18,2026-08-18,Broad industry; power-equipment relevance can be overridden.
Aqua Power Systems Inc.,APSI,United States,OTC,USD,TRADINGVIEW_SCREENER,Producer Manufacturing,Electrical Products,POWER_EQUIPMENT,172042,UNDEFINED,,USD,,TRUE,PRESENT,2026-08-18,2026-08-18,Broad industry; power-equipment relevance can be overridden.
CCS Abwicklungs AG,A2QDNX,Germany,LSX,EUR,TRADINGVIEW_SCREENER,Producer Manufacturing,Electrical Products,POWER_EQUIPMENT,87948.3555,UNDEFINED,,EUR,,TRUE,PRESENT,2026-08-18,2026-08-18,Broad industry; power-equipment relevance can be overridden.
UNIVERSAL ENERGY CORPORATION,UVSE,United States,OTC,USD,TRADINGVIEW_SCREENER,Producer Manufacturing,Electrical Products,POWER_EQUIPMENT,86188,UNDEFINED,,USD,,TRUE,PRESENT,2026-08-18,2026-08-18,Broad industry; power-equipment relevance can be overridden.
SOLAR ENERTECH CORP,SOEN,United States,OTC,USD,TRADINGVIEW_SCREENER,Producer Manufacturing,Electrical Products,POWER_EQUIPMENT,18306.9,UNDEFINED,,USD,,TRUE,PRESENT,2026-08-18,2026-08-18,Broad industry; power-equipment relevance can be overridden.
SURGLINE INTL INC,SGLN,United States,OTC,USD,TRADINGVIEW_SCREENER,Producer Manufacturing,Electrical Products,POWER_EQUIPMENT,5690.117,UNDEFINED,,USD,,TRUE,PRESENT,2026-08-18,2026-08-18,Broad industry; power-equipment relevance can be overridden.
"China Carbon Graphite Group, Inc.",CHGI,United States,OTC,USD,TRADINGVIEW_SCREENER,Producer Manufacturing,Electrical Products,POWER_EQUIPMENT,3272.2299999999996,UNDEFINED,,USD,,TRUE,PRESENT,2026-08-18,2026-08-18,Broad industry; power-equipment relevance can be overridden.
HELIX WIND CORP,HLXW,United States,OTC,USD,TRADINGVIEW_SCREENER,Producer Manufacturing,Electrical Products,POWER_EQUIPMENT,2652,UNDEFINED,,USD,,TRUE,PRESENT,2026-08-18,2026-08-18,Broad industry; power-equipment relevance can be overridden.
LITHIUM TECHNOLOGY CORP,LTHUQ,United States,OTC,USD,TRADINGVIEW_SCREENER,Producer Manufacturing,Electrical Products,POWER_EQUIPMENT,2032.3711999999998,UNDEFINED,,USD,,TRUE,PRESENT,2026-08-18,2026-08-18,Broad industry; power-equipment relevance can be overridden.
AER ENERGY RESOURCES INC,AERN,United States,OTC,USD,TRADINGVIEW_SCREENER,Producer Manufacturing,Electrical Products,POWER_EQUIPMENT,1372.9332,UNDEFINED,,USD,,TRUE,PRESENT,2026-08-18,2026-08-18,Broad industry; power-equipment relevance can be overridden.
JB&ZJMY HOLDING COMPANY INC,JBZY,China,OTC,USD,TRADINGVIEW_SCREENER,Producer Manufacturing,Electrical Products,POWER_EQUIPMENT,931.542,UNDEFINED,,USD,,TRUE,PRESENT,2026-08-18,2026-08-18,Broad industry; power-equipment relevance can be overridden.
Nxu Inc.,NXUR,United States,OTC,USD,TRADINGVIEW_SCREENER,Producer Manufacturing,Electrical Products,POWER_EQUIPMENT,914.9236000000001,UNDEFINED,,USD,,TRUE,PRESENT,2026-08-18,2026-08-18,Broad industry; power-equipment relevance can be overridden.
Better For You Wellness Inc.,BFYW,United States,OTC,USD,TRADINGVIEW_SCREENER,Producer Manufacturing,Electrical Products,POWER_EQUIPMENT,507.80499999999995,UNDEFINED,,USD,,TRUE,PRESENT,2026-08-18,2026-08-18,Broad industry; power-equipment relevance can be overridden.
SES SOLAR INC,SESI,United States,OTC,USD,TRADINGVIEW_SCREENER,Producer Manufacturing,Electrical Products,POWER_EQUIPMENT,73,UNDEFINED,,USD,,TRUE,PRESENT,2026-08-18,2026-08-18,Broad industry; power-equipment relevance can be overridden.
"3C Tae Yang Co., Ltd.",052960,South Korea,KRX,KRW,TRADINGVIEW_SCREENER,Producer Manufacturing,Electrical Products,POWER_EQUIPMENT,,UNDEFINED,,KRW,,TRUE,PRESENT,2026-08-18,2026-08-18,Broad industry; power-equipment relevance can be overridden.
APS이노베이션,079810,KR,KRX,KRW,NAVER_FINANCE,전기제품,전기제품,POWER_EQUIPMENT,,UNDEFINED,,KRW,,TRUE,PRESENT,2026-08-18,2026-08-18,
Advance Metering Technology Ltd.,AMTL,India,BSE,INR,TRADINGVIEW_SCREENER,Producer Manufacturing,Electrical Products,POWER_EQUIPMENT,,UNDEFINED,,INR,,TRUE,PRESENT,2026-08-18,2026-08-18,Broad industry; power-equipment relevance can be overridden.
Beta Enerji ve Teknoloji AS,BETAE,Turkey,BIST,TRY,TRADINGVIEW_SCREENER,Producer Manufacturing,Electrical Products,POWER_EQUIPMENT,,UNDEFINED,,TRY,,TRUE,PRESENT,2026-08-18,2026-08-18,Broad industry; power-equipment relevance can be overridden.
Cable Solutions PLC,CSLK.N0000,Sri Lanka,CSELK,LKR,TRADINGVIEW_SCREENER,Producer Manufacturing,Electrical Products,POWER_EQUIPMENT,,UNDEFINED,,LKR,,TRUE,PRESENT,2026-08-18,2026-08-18,Broad industry; power-equipment relevance can be overridden.
Dhoot Transmission Limited,DHOOTTRANS,India,NSE,INR,TRADINGVIEW_SCREENER,Producer Manufacturing,Electrical Products,POWER_EQUIPMENT,,UNDEFINED,,INR,,TRUE,PRESENT,2026-08-18,2026-08-18,Broad industry; power-equipment relevance can be overridden.
Electroprecizia SA,ELZY,Romania,BVB,RON,TRADINGVIEW_SCREENER,Producer Manufacturing,Electrical Products,POWER_EQUIPMENT,,UNDEFINED,,RON,,TRUE,PRESENT,2026-08-18,2026-08-18,Broad industry; power-equipment relevance can be overridden.
Emco Industries Limited,EMCO,Pakistan,PSX,PKR,TRADINGVIEW_SCREENER,Producer Manufacturing,Electrical Products,POWER_EQUIPMENT,,UNDEFINED,,PKR,,TRUE,PRESENT,2026-08-18,2026-08-18,Broad industry; power-equipment relevance can be overridden.
Exro Technologies Inc.,EXROF,Canada,OTC,USD,TRADINGVIEW_SCREENER,Producer Manufacturing,Electrical Products,POWER_EQUIPMENT,,UNDEFINED,,USD,,TRUE,PRESENT,2026-08-18,2026-08-18,Broad industry; power-equipment relevance can be overridden.
Grenergy Enterprise Co. Ltd.,7936,Taiwan,TPEX,TWD,TRADINGVIEW_SCREENER,Producer Manufacturing,Electrical Products,POWER_EQUIPMENT,,UNDEFINED,,TWD,,TRUE,PRESENT,2026-08-18,2026-08-18,Broad industry; power-equipment relevance can be overridden.
Grupul Industrial Electrocontact SA,ECT,Romania,BVB,RON,TRADINGVIEW_SCREENER,Producer Manufacturing,Electrical Products,POWER_EQUIPMENT,,UNDEFINED,,RON,,TRUE,PRESENT,2026-08-18,2026-08-18,Broad industry; power-equipment relevance can be overridden.
HD현대일렉트릭,267260,KR,KRX,KRW,NAVER_FINANCE,전기장비,전기장비,POWER_EQUIPMENT,,UNDEFINED,,KRW,,TRUE,PRESENT,2026-08-18,2026-08-18,
Integra Switchgear Ltd,INTEGSW,India,BSE,INR,TRADINGVIEW_SCREENER,Producer Manufacturing,Electrical Products,POWER_EQUIPMENT,,UNDEFINED,,INR,,TRUE,PRESENT,2026-08-18,2026-08-18,Broad industry; power-equipment relevance can be overridden.
Intelithrive Inc.,ITHR,United States,OTC,USD,TRADINGVIEW_SCREENER,Producer Manufacturing,Electrical Products,POWER_EQUIPMENT,,UNDEFINED,,USD,,TRUE,PRESENT,2026-08-18,2026-08-18,Broad industry; power-equipment relevance can be overridden.
Jigar Cables Ltd.,JIGAR,India,BSE,INR,TRADINGVIEW_SCREENER,Producer Manufacturing,Electrical Products,POWER_EQUIPMENT,,UNDEFINED,,INR,,TRUE,PRESENT,2026-08-18,2026-08-18,Broad industry; power-equipment relevance can be overridden.
KBI메탈,024840,KR,KRX,KRW,NAVER_FINANCE,전기장비,전기장비,POWER_EQUIPMENT,,UNDEFINED,,KRW,,TRUE,PRESENT,2026-08-18,2026-08-18,
KIP Vietnam JSC,KIP,Vietnam,UPCOM,VND,TRADINGVIEW_SCREENER,Producer Manufacturing,Electrical Products,POWER_EQUIPMENT,,UNDEFINED,,VND,,TRUE,PRESENT,2026-08-18,2026-08-18,Broad industry; power-equipment relevance can be overridden.
Keelgoal Energy Co Ltd,7758,Taiwan,TPEX,TWD,TRADINGVIEW_SCREENER,Producer Manufacturing,Electrical Products,POWER_EQUIPMENT,,UNDEFINED,,TWD,,TRUE,PRESENT,2026-08-18,2026-08-18,Broad industry; power-equipment relevance can be overridden.
LG에너지솔루션,373220,KR,KRX,KRW,NAVER_FINANCE,전기제품,전기제품,POWER_EQUIPMENT,,UNDEFINED,,KRW,,TRUE,PRESENT,2026-08-18,2026-08-18,
LS,006260,KR,KRX,KRW,NAVER_FINANCE,전기장비,전기장비,POWER_EQUIPMENT,,UNDEFINED,,KRW,,TRUE,PRESENT,2026-08-18,2026-08-18,
LS ELECTRIC,010120,KR,KRX,KRW,NAVER_FINANCE,전기장비,전기장비,POWER_EQUIPMENT,,UNDEFINED,,KRW,,TRUE,PRESENT,2026-08-18,2026-08-18,
LS머트리얼즈,417200,KR,KRX,KRW,NAVER_FINANCE,전기제품,전기제품,POWER_EQUIPMENT,,UNDEFINED,,KRW,,TRUE,PRESENT,2026-08-18,2026-08-18,
LS에코에너지,229640,KR,KRX,KRW,NAVER_FINANCE,전기장비,전기장비,POWER_EQUIPMENT,,UNDEFINED,,KRW,,TRUE,PRESENT,2026-08-18,2026-08-18,
N.D. Metal Industries Ltd.,NDMETAL,India,BSE,INR,TRADINGVIEW_SCREENER,Producer Manufacturing,Electrical Products,POWER_EQUIPMENT,,UNDEFINED,,INR,,TRUE,PRESENT,2026-08-18,2026-08-18,Broad industry; power-equipment relevance can be overridden.
"NWC Co., Ltd.",059180,South Korea,KRX,KRW,TRADINGVIEW_SCREENER,Producer Manufacturing,Electrical Products,POWER_EQUIPMENT,,UNDEFINED,,KRW,,TRUE,PRESENT,2026-08-18,2026-08-18,Broad industry; power-equipment relevance can be overridden.
"Recharge Power Co., Ltd.",7921,Taiwan,TPEX,TWD,TRADINGVIEW_SCREENER,Producer Manufacturing,Electrical Products,POWER_EQUIPMENT,,UNDEFINED,,TWD,,TRUE,PRESENT,2026-08-18,2026-08-18,Broad industry; power-equipment relevance can be overridden.
SALTBAE CAPITAL CORP,CECBF,Canada,OTC,USD,TRADINGVIEW_SCREENER,Producer Manufacturing,Electrical Products,POWER_EQUIPMENT,,UNDEFINED,,USD,,TRUE,PRESENT,2026-08-18,2026-08-18,Broad industry; power-equipment relevance can be overridden.
SFA넥셀,222080,KR,KRX,KRW,NAVER_FINANCE,전기제품,전기제품,POWER_EQUIPMENT,,UNDEFINED,,KRW,,TRUE,PRESENT,2026-08-18,2026-08-18,
SK시그넷,260870,KR,KRX,KRW,NAVER_FINANCE,전기장비,전기장비,POWER_EQUIPMENT,,UNDEFINED,,KRW,,TRUE,PRESENT,2026-08-18,2026-08-18,
SK아이이테크놀로지,361610,KR,KRX,KRW,NAVER_FINANCE,전기제품,전기제품,POWER_EQUIPMENT,,UNDEFINED,,KRW,,TRUE,PRESENT,2026-08-18,2026-08-18,
Truong Phu JSC,TGP,Vietnam,UPCOM,VND,TRADINGVIEW_SCREENER,Producer Manufacturing,Electrical Products,POWER_EQUIPMENT,,UNDEFINED,,VND,,TRUE,PRESENT,2026-08-18,2026-08-18,Broad industry; power-equipment relevance can be overridden.
Versarien Plc,VRSRF,United Kingdom,OTC,USD,TRADINGVIEW_SCREENER,Producer Manufacturing,Electrical Products,POWER_EQUIPMENT,,UNDEFINED,,USD,,TRUE,PRESENT,2026-08-18,2026-08-18,Broad industry; power-equipment relevance can be overridden.
Vinacap Telecom Electronics Joint Stock Co,VTE,Vietnam,UPCOM,VND,TRADINGVIEW_SCREENER,Producer Manufacturing,Electrical Products,POWER_EQUIPMENT,,UNDEFINED,,VND,,TRUE,PRESENT,2026-08-18,2026-08-18,Broad industry; power-equipment relevance can be overridden.
가온전선,000500,KR,KRX,KRW,NAVER_FINANCE,전기장비,전기장비,POWER_EQUIPMENT,,UNDEFINED,,KRW,,TRUE,PRESENT,2026-08-18,2026-08-18,
광명전기,017040,KR,KRX,KRW,NAVER_FINANCE,전기장비,전기장비,POWER_EQUIPMENT,,UNDEFINED,,KRW,,TRUE,PRESENT,2026-08-18,2026-08-18,
나인테크,267320,KR,KRX,KRW,NAVER_FINANCE,전기제품,전기제품,POWER_EQUIPMENT,,UNDEFINED,,KRW,,TRUE,PRESENT,2026-08-18,2026-08-18,
뉴인텍,012340,KR,KRX,KRW,NAVER_FINANCE,전기제품,전기제품,POWER_EQUIPMENT,,UNDEFINED,,KRW,,TRUE,PRESENT,2026-08-18,2026-08-18,
대원전선,006340,KR,KRX,KRW,NAVER_FINANCE,전기장비,전기장비,POWER_EQUIPMENT,,UNDEFINED,,KRW,,TRUE,PRESENT,2026-08-18,2026-08-18,
대원전선우,006345,KR,KRX,KRW,NAVER_FINANCE,전기장비,전기장비,POWER_EQUIPMENT,,UNDEFINED,,KRW,,TRUE,PRESENT,2026-08-18,2026-08-18,
대진첨단소재,393970,KR,KRX,KRW,NAVER_FINANCE,전기제품,전기제품,POWER_EQUIPMENT,,UNDEFINED,,KRW,,TRUE,PRESENT,2026-08-18,2026-08-18,
대한전선,001440,KR,KRX,KRW,NAVER_FINANCE,전기장비,전기장비,POWER_EQUIPMENT,,UNDEFINED,,KRW,,TRUE,PRESENT,2026-08-18,2026-08-18,
더블유씨피,393890,KR,KRX,KRW,NAVER_FINANCE,전기제품,전기제품,POWER_EQUIPMENT,,UNDEFINED,,KRW,,TRUE,PRESENT,2026-08-18,2026-08-18,
더코디,224060,KR,KRX,KRW,NAVER_FINANCE,전기제품,전기제품,POWER_EQUIPMENT,,UNDEFINED,,KRW,,TRUE,PRESENT,2026-08-18,2026-08-18,
동양이엔피,079960,KR,KRX,KRW,NAVER_FINANCE,전기제품,전기제품,POWER_EQUIPMENT,,UNDEFINED,,KRW,,TRUE,PRESENT,2026-08-18,2026-08-18,
디에이테크놀로지,196490,KR,KRX,KRW,NAVER_FINANCE,전기제품,전기제품,POWER_EQUIPMENT,,UNDEFINED,,KRW,,TRUE,PRESENT,2026-08-18,2026-08-18,
민테크,452200,KR,KRX,KRW,NAVER_FINANCE,전기제품,전기제품,POWER_EQUIPMENT,,UNDEFINED,,KRW,,TRUE,PRESENT,2026-08-18,2026-08-18,
바이오스마트,038460,KR,KRX,KRW,NAVER_FINANCE,전기장비,전기장비,POWER_EQUIPMENT,,UNDEFINED,,KRW,,TRUE,PRESENT,2026-08-18,2026-08-18,
범한퓨얼셀,382900,KR,KRX,KRW,NAVER_FINANCE,전기제품,전기제품,POWER_EQUIPMENT,,UNDEFINED,,KRW,,TRUE,PRESENT,2026-08-18,2026-08-18,
보성파워텍,006910,KR,KRX,KRW,NAVER_FINANCE,전기장비,전기장비,POWER_EQUIPMENT,,UNDEFINED,,KRW,,TRUE,PRESENT,2026-08-18,2026-08-18,
비나텍,126340,KR,KRX,KRW,NAVER_FINANCE,전기장비,전기장비,POWER_EQUIPMENT,,UNDEFINED,,KRW,,TRUE,PRESENT,2026-08-18,2026-08-18,
비츠로셀,082920,KR,KRX,KRW,NAVER_FINANCE,전기제품,전기제품,POWER_EQUIPMENT,,UNDEFINED,,KRW,,TRUE,PRESENT,2026-08-18,2026-08-18,
비츠로테크,042370,KR,KRX,KRW,NAVER_FINANCE,전기제품,전기제품,POWER_EQUIPMENT,,UNDEFINED,,KRW,,TRUE,PRESENT,2026-08-18,2026-08-18,
산일전기,062040,KR,KRX,KRW,NAVER_FINANCE,전기장비,전기장비,POWER_EQUIPMENT,,UNDEFINED,,KRW,,TRUE,PRESENT,2026-08-18,2026-08-18,
삼성SDI,006400,KR,KRX,KRW,NAVER_FINANCE,전기제품,전기제품,POWER_EQUIPMENT,,UNDEFINED,,KRW,,TRUE,PRESENT,2026-08-18,2026-08-18,
삼성SDI우,006405,KR,KRX,KRW,NAVER_FINANCE,전기제품,전기제품,POWER_EQUIPMENT,,UNDEFINED,,KRW,,TRUE,PRESENT,2026-08-18,2026-08-18,
삼영전자,005680,KR,KRX,KRW,NAVER_FINANCE,전기제품,전기제품,POWER_EQUIPMENT,,UNDEFINED,,KRW,,TRUE,PRESENT,2026-08-18,2026-08-18,
삼화전기,009470,KR,KRX,KRW,NAVER_FINANCE,전기제품,전기제품,POWER_EQUIPMENT,,UNDEFINED,,KRW,,TRUE,PRESENT,2026-08-18,2026-08-18,
삼화콘덴서,001820,KR,KRX,KRW,NAVER_FINANCE,전기제품,전기제품,POWER_EQUIPMENT,,UNDEFINED,,KRW,,TRUE,PRESENT,2026-08-18,2026-08-18,
상신이디피,091580,KR,KRX,KRW,NAVER_FINANCE,전기제품,전기제품,POWER_EQUIPMENT,,UNDEFINED,,KRW,,TRUE,PRESENT,2026-08-18,2026-08-18,
새빗켐,107600,KR,KRX,KRW,NAVER_FINANCE,전기제품,전기제품,POWER_EQUIPMENT,,UNDEFINED,,KRW,,TRUE,PRESENT,2026-08-18,2026-08-18,
서남,294630,KR,KRX,KRW,NAVER_FINANCE,전기장비,전기장비,POWER_EQUIPMENT,,UNDEFINED,,KRW,,TRUE,PRESENT,2026-08-18,2026-08-18,
서전기전,189860,KR,KRX,KRW,NAVER_FINANCE,전기장비,전기장비,POWER_EQUIPMENT,,UNDEFINED,,KRW,,TRUE,PRESENT,2026-08-18,2026-08-18,
서진시스템,178320,KR,KRX,KRW,NAVER_FINANCE,전기장비,전기장비,POWER_EQUIPMENT,,UNDEFINED,,KRW,,TRUE,PRESENT,2026-08-18,2026-08-18,
선도전기,007610,KR,KRX,KRW,NAVER_FINANCE,전기장비,전기장비,POWER_EQUIPMENT,,UNDEFINED,,KRW,,TRUE,PRESENT,2026-08-18,2026-08-18,
성문전자,014910,KR,KRX,KRW,NAVER_FINANCE,전기제품,전기제품,POWER_EQUIPMENT,,UNDEFINED,,KRW,,TRUE,PRESENT,2026-08-18,2026-08-18,
성문전자우,014915,KR,KRX,KRW,NAVER_FINANCE,전기제품,전기제품,POWER_EQUIPMENT,,UNDEFINED,,KRW,,TRUE,PRESENT,2026-08-18,2026-08-18,
성우,458650,KR,KRX,KRW,NAVER_FINANCE,전기제품,전기제품,POWER_EQUIPMENT,,UNDEFINED,,KRW,,TRUE,PRESENT,2026-08-18,2026-08-18,
성일하이텍,365340,KR,KRX,KRW,NAVER_FINANCE,전기제품,전기제품,POWER_EQUIPMENT,,UNDEFINED,,KRW,,TRUE,PRESENT,2026-08-18,2026-08-18,
성호전자,043260,KR,KRX,KRW,NAVER_FINANCE,전기제품,전기제품,POWER_EQUIPMENT,,UNDEFINED,,KRW,,TRUE,PRESENT,2026-08-18,2026-08-18,
세명전기,017510,KR,KRX,KRW,NAVER_FINANCE,전기장비,전기장비,POWER_EQUIPMENT,,UNDEFINED,,KRW,,TRUE,PRESENT,2026-08-18,2026-08-18,
솔브레인홀딩스,036830,KR,KRX,KRW,NAVER_FINANCE,전기제품,전기제품,POWER_EQUIPMENT,,UNDEFINED,,KRW,,TRUE,PRESENT,2026-08-18,2026-08-18,
신성에스티,416180,KR,KRX,KRW,NAVER_FINANCE,전기제품,전기제품,POWER_EQUIPMENT,,UNDEFINED,,KRW,,TRUE,PRESENT,2026-08-18,2026-08-18,
신흥에스이씨,243840,KR,KRX,KRW,NAVER_FINANCE,전기제품,전기제품,POWER_EQUIPMENT,,UNDEFINED,,KRW,,TRUE,PRESENT,2026-08-18,2026-08-18,
썬테크,217320,KR,KRX,KRW,NAVER_FINANCE,전기장비,전기장비,POWER_EQUIPMENT,,UNDEFINED,,KRW,,TRUE,PRESENT,2026-08-18,2026-08-18,
아바코,083930,KR,KRX,KRW,NAVER_FINANCE,전기제품,전기제품,POWER_EQUIPMENT,,UNDEFINED,,KRW,,TRUE,PRESENT,2026-08-18,2026-08-18,
아비코전자,036010,KR,KRX,KRW,NAVER_FINANCE,전기제품,전기제품,POWER_EQUIPMENT,,UNDEFINED,,KRW,,TRUE,PRESENT,2026-08-18,2026-08-18,
아이비젼웍스,469750,KR,KRX,KRW,NAVER_FINANCE,전기제품,전기제품,POWER_EQUIPMENT,,UNDEFINED,,KRW,,TRUE,PRESENT,2026-08-18,2026-08-18,
에스씨디,042110,KR,KRX,KRW,NAVER_FINANCE,전기제품,전기제품,POWER_EQUIPMENT,,UNDEFINED,,KRW,,TRUE,PRESENT,2026-08-18,2026-08-18,
에스프리즘,288620,KR,KRX,KRW,NAVER_FINANCE,전기제품,전기제품,POWER_EQUIPMENT,,UNDEFINED,,KRW,,TRUE,PRESENT,2026-08-18,2026-08-18,
에스피지,058610,KR,KRX,KRW,NAVER_FINANCE,전기제품,전기제품,POWER_EQUIPMENT,,UNDEFINED,,KRW,,TRUE,PRESENT,2026-08-18,2026-08-18,
에이치와이티씨,148930,KR,KRX,KRW,NAVER_FINANCE,전기제품,전기제품,POWER_EQUIPMENT,,UNDEFINED,,KRW,,TRUE,PRESENT,2026-08-18,2026-08-18,
에코프로머티,450080,KR,KRX,KRW,NAVER_FINANCE,전기제품,전기제품,POWER_EQUIPMENT,,UNDEFINED,,KRW,,TRUE,PRESENT,2026-08-18,2026-08-18,
에코프로비엠,247540,KR,KRX,KRW,NAVER_FINANCE,전기제품,전기제품,POWER_EQUIPMENT,,UNDEFINED,,KRW,,TRUE,PRESENT,2026-08-18,2026-08-18,
엔켐,348370,KR,KRX,KRW,NAVER_FINANCE,전기제품,전기제품,POWER_EQUIPMENT,,UNDEFINED,,KRW,,TRUE,PRESENT,2026-08-18,2026-08-18,
엘앤에프,066970,KR,KRX,KRW,NAVER_FINANCE,전기제품,전기제품,POWER_EQUIPMENT,,UNDEFINED,,KRW,,TRUE,PRESENT,2026-08-18,2026-08-18,
엠오티,413390,KR,KRX,KRW,NAVER_FINANCE,전기제품,전기제품,POWER_EQUIPMENT,,UNDEFINED,,KRW,,TRUE,PRESENT,2026-08-18,2026-08-18,
엠플러스,259630,KR,KRX,KRW,NAVER_FINANCE,전기제품,전기제품,POWER_EQUIPMENT,,UNDEFINED,,KRW,,TRUE,PRESENT,2026-08-18,2026-08-18,
와이엠텍,273640,KR,KRX,KRW,NAVER_FINANCE,전기제품,전기제품,POWER_EQUIPMENT,,UNDEFINED,,KRW,,TRUE,PRESENT,2026-08-18,2026-08-18,
원익피앤이,217820,KR,KRX,KRW,NAVER_FINANCE,전기제품,전기제품,POWER_EQUIPMENT,,UNDEFINED,,KRW,,TRUE,PRESENT,2026-08-18,2026-08-18,
원준,382840,KR,KRX,KRW,NAVER_FINANCE,전기제품,전기제품,POWER_EQUIPMENT,,UNDEFINED,,KRW,,TRUE,PRESENT,2026-08-18,2026-08-18,
웰킵스하이텍,043590,KR,KRX,KRW,NAVER_FINANCE,전기제품,전기제품,POWER_EQUIPMENT,,UNDEFINED,,KRW,,TRUE,PRESENT,2026-08-18,2026-08-18,
위너스일렉,479960,KR,KRX,KRW,NAVER_FINANCE,전기장비,전기장비,POWER_EQUIPMENT,,UNDEFINED,,KRW,,TRUE,PRESENT,2026-08-18,2026-08-18,
유진테크놀로지,240600,KR,KRX,KRW,NAVER_FINANCE,전기제품,전기제품,POWER_EQUIPMENT,,UNDEFINED,,KRW,,TRUE,PRESENT,2026-08-18,2026-08-18,
이노메트리,302430,KR,KRX,KRW,NAVER_FINANCE,전기제품,전기제품,POWER_EQUIPMENT,,UNDEFINED,,KRW,,TRUE,PRESENT,2026-08-18,2026-08-18,
이노벡스,279060,KR,KRX,KRW,NAVER_FINANCE,전기제품,전기제품,POWER_EQUIPMENT,,UNDEFINED,,KRW,,TRUE,PRESENT,2026-08-18,2026-08-18,
이닉스,452400,KR,KRX,KRW,NAVER_FINANCE,전기제품,전기제품,POWER_EQUIPMENT,,UNDEFINED,,KRW,,TRUE,PRESENT,2026-08-18,2026-08-18,
이비테크,208850,KR,KRX,KRW,NAVER_FINANCE,전기장비,전기장비,POWER_EQUIPMENT,,UNDEFINED,,KRW,,TRUE,PRESENT,2026-08-18,2026-08-18,
이엠티,232530,KR,KRX,KRW,NAVER_FINANCE,전기제품,전기제품,POWER_EQUIPMENT,,UNDEFINED,,KRW,,TRUE,PRESENT,2026-08-18,2026-08-18,
이지트로닉스,377330,KR,KRX,KRW,NAVER_FINANCE,전기제품,전기제품,POWER_EQUIPMENT,,UNDEFINED,,KRW,,TRUE,PRESENT,2026-08-18,2026-08-18,
일진전기,103590,KR,KRX,KRW,NAVER_FINANCE,전기장비,전기장비,POWER_EQUIPMENT,,UNDEFINED,,KRW,,TRUE,PRESENT,2026-08-18,2026-08-18,
일진홀딩스,015860,KR,KRX,KRW,NAVER_FINANCE,전기장비,전기장비,POWER_EQUIPMENT,,UNDEFINED,,KRW,,TRUE,PRESENT,2026-08-18,2026-08-18,
제룡산업,147830,KR,KRX,KRW,NAVER_FINANCE,전기장비,전기장비,POWER_EQUIPMENT,,UNDEFINED,,KRW,,TRUE,PRESENT,2026-08-18,2026-08-18,
제룡전기,033100,KR,KRX,KRW,NAVER_FINANCE,전기장비,전기장비,POWER_EQUIPMENT,,UNDEFINED,,KRW,,TRUE,PRESENT,2026-08-18,2026-08-18,
제일엠앤에스,412540,KR,KRX,KRW,NAVER_FINANCE,전기제품,전기제품,POWER_EQUIPMENT,,UNDEFINED,,KRW,,TRUE,PRESENT,2026-08-18,2026-08-18,
제일일렉트릭,199820,KR,KRX,KRW,NAVER_FINANCE,전기장비,전기장비,POWER_EQUIPMENT,,UNDEFINED,,KRW,,TRUE,PRESENT,2026-08-18,2026-08-18,
지아이텍,382480,KR,KRX,KRW,NAVER_FINANCE,전기제품,전기제품,POWER_EQUIPMENT,,UNDEFINED,,KRW,,TRUE,PRESENT,2026-08-18,2026-08-18,
지엔씨에너지,119850,KR,KRX,KRW,NAVER_FINANCE,전기장비,전기장비,POWER_EQUIPMENT,,UNDEFINED,,KRW,,TRUE,PRESENT,2026-08-18,2026-08-18,
지투파워,388050,KR,KRX,KRW,NAVER_FINANCE,전기장비,전기장비,POWER_EQUIPMENT,,UNDEFINED,,KRW,,TRUE,PRESENT,2026-08-18,2026-08-18,
천보,278280,KR,KRX,KRW,NAVER_FINANCE,전기제품,전기제품,POWER_EQUIPMENT,,UNDEFINED,,KRW,,TRUE,PRESENT,2026-08-18,2026-08-18,
캐리,313760,KR,KRX,KRW,NAVER_FINANCE,전기제품,전기제품,POWER_EQUIPMENT,,UNDEFINED,,KRW,,TRUE,PRESENT,2026-08-18,2026-08-18,
케이엔에스,432470,KR,KRX,KRW,NAVER_FINANCE,전기제품,전기제품,POWER_EQUIPMENT,,UNDEFINED,,KRW,,TRUE,PRESENT,2026-08-18,2026-08-18,
코칩,126730,KR,KRX,KRW,NAVER_FINANCE,전기제품,전기제품,POWER_EQUIPMENT,,UNDEFINED,,KRW,,TRUE,PRESENT,2026-08-18,2026-08-18,
키스트론,475430,KR,KRX,KRW,NAVER_FINANCE,전기장비,전기장비,POWER_EQUIPMENT,,UNDEFINED,,KRW,,TRUE,PRESENT,2026-08-18,2026-08-18,
티씨머티리얼즈,125020,KR,KRX,KRW,NAVER_FINANCE,전기장비,전기장비,POWER_EQUIPMENT,,UNDEFINED,,KRW,,TRUE,PRESENT,2026-08-18,2026-08-18,
파워넷,037030,KR,KRX,KRW,NAVER_FINANCE,전기제품,전기제품,POWER_EQUIPMENT,,UNDEFINED,,KRW,,TRUE,PRESENT,2026-08-18,2026-08-18,
피노,033790,KR,KRX,KRW,NAVER_FINANCE,전기제품,전기제품,POWER_EQUIPMENT,,UNDEFINED,,KRW,,TRUE,PRESENT,2026-08-18,2026-08-18,
피앤씨테크,237750,KR,KRX,KRW,NAVER_FINANCE,전기장비,전기장비,POWER_EQUIPMENT,,UNDEFINED,,KRW,,TRUE,PRESENT,2026-08-18,2026-08-18,
피에스텍,002230,KR,KRX,KRW,NAVER_FINANCE,전기제품,전기제품,POWER_EQUIPMENT,,UNDEFINED,,KRW,,TRUE,PRESENT,2026-08-18,2026-08-18,
피엔티,137400,KR,KRX,KRW,NAVER_FINANCE,전기제품,전기제품,POWER_EQUIPMENT,,UNDEFINED,,KRW,,TRUE,PRESENT,2026-08-18,2026-08-18,
피엔티엠에스,257370,KR,KRX,KRW,NAVER_FINANCE,전기제품,전기제품,POWER_EQUIPMENT,,UNDEFINED,,KRW,,TRUE,PRESENT,2026-08-18,2026-08-18,
필에너지,378340,KR,KRX,KRW,NAVER_FINANCE,전기제품,전기제품,POWER_EQUIPMENT,,UNDEFINED,,KRW,,TRUE,PRESENT,2026-08-18,2026-08-18,
하이드로리튬,101670,KR,KRX,KRW,NAVER_FINANCE,전기제품,전기제품,POWER_EQUIPMENT,,UNDEFINED,,KRW,,TRUE,PRESENT,2026-08-18,2026-08-18,
한빛레이저,452190,KR,KRX,KRW,NAVER_FINANCE,전기제품,전기제품,POWER_EQUIPMENT,,UNDEFINED,,KRW,,TRUE,PRESENT,2026-08-18,2026-08-18,
한중엔시에스,107640,KR,KRX,KRW,NAVER_FINANCE,전기장비,전기장비,POWER_EQUIPMENT,,UNDEFINED,,KRW,,TRUE,PRESENT,2026-08-18,2026-08-18,
효성중공업,298040,KR,KRX,KRW,NAVER_FINANCE,전기장비,전기장비,POWER_EQUIPMENT,,UNDEFINED,,KRW,,TRUE,PRESENT,2026-08-18,2026-08-18,
HD KOREA SHIPBUILDING & OFFSHORE ENGINEERING CO. LTD.,009540,South Korea,KRX,KRW,TRADINGVIEW_SCREENER,Producer Manufacturing,Trucks/Construction/Farm Machinery,SHIPBUILDING,19161684754.76081,UNDEFINED,,KRW,,TRUE,PRESENT,2026-08-18,2026-08-18,Auto-classified by company-name keyword; review once.
"Yangzijiang Shipbuilding Holdings, Ltd.",YSHLF,China,OTC,USD,TRADINGVIEW_SCREENER,Producer Manufacturing,Trucks/Construction/Farm Machinery,SHIPBUILDING,14619154644.160387,UNDEFINED,,USD,,TRUE,PRESENT,2026-08-18,2026-08-18,Auto-classified by company-name keyword; review once.
Fincantieri S.p.A.,0QWN,Italy,LSIN,EUR,TRADINGVIEW_SCREENER,Producer Manufacturing,Trucks/Construction/Farm Machinery,SHIPBUILDING,5485437971.7255,UNDEFINED,,EUR,,TRUE,PRESENT,2026-08-18,2026-08-18,Auto-classified by company-name keyword; review once.
Fincantieri AOR,FNCNF,Italy,OTC,USD,TRADINGVIEW_SCREENER,Producer Manufacturing,Trucks/Construction/Farm Machinery,SHIPBUILDING,5313316929.527919,UNDEFINED,,USD,,TRUE,PRESENT,2026-08-18,2026-08-18,Auto-classified by company-name keyword; review once.
Cochin Shipyard Limited,COCHINSHIP,India,BSE,INR,TRADINGVIEW_SCREENER,Producer Manufacturing,Trucks/Construction/Farm Machinery,SHIPBUILDING,4119484594.592256,UNDEFINED,,INR,,TRUE,PRESENT,2026-08-18,2026-08-18,Auto-classified by company-name keyword; review once.
CSSC Offshore & Marine Engineering (Group) Company Limited Class A,600685,China,SSE,CNY,TRADINGVIEW_SCREENER,Producer Manufacturing,Trucks/Construction/Farm Machinery,SHIPBUILDING,4088664000.5302005,UNDEFINED,,CNY,,TRUE,PRESENT,2026-08-18,2026-08-18,Auto-classified by company-name keyword; review once.
CSSC Offshore & Marine Engineering (Group) Company Limited Class H,317,China,HKEX,HKD,TRADINGVIEW_SCREENER,Producer Manufacturing,Trucks/Construction/Farm Machinery,SHIPBUILDING,4088664000.5302005,UNDEFINED,,HKD,,TRUE,PRESENT,2026-08-18,2026-08-18,Auto-classified by company-name keyword; review once.
"Namura Shipbuilding Co., Ltd.",7014,Japan,TSE,JPY,TRADINGVIEW_SCREENER,Producer Manufacturing,Trucks/Construction/Farm Machinery,SHIPBUILDING,1943811517.8140252,UNDEFINED,,JPY,,TRUE,PRESENT,2026-08-18,2026-08-18,Auto-classified by company-name keyword; review once.
"Bestway Marine & Energy Technology Co., Ltd. Class A",300008,China,SZSE,CNY,TRADINGVIEW_SCREENER,Producer Manufacturing,Trucks/Construction/Farm Machinery,SHIPBUILDING,1605600549.31367,UNDEFINED,,CNY,,TRUE,PRESENT,2026-08-18,2026-08-18,Auto-classified by company-name keyword; review once.
"DAEHAN SHIPBUILDING Co., Ltd.",439260,South Korea,KRX,KRW,TRADINGVIEW_SCREENER,Producer Manufacturing,Trucks/Construction/Farm Machinery,SHIPBUILDING,1462584373.3243082,UNDEFINED,,KRW,,TRUE,PRESENT,2026-08-18,2026-08-18,Auto-classified by company-name keyword; review once.
"HD-Hyundai Marine Engine Co., Ltd.",071970,South Korea,KRX,KRW,TRADINGVIEW_SCREENER,Producer Manufacturing,Trucks/Construction/Farm Machinery,SHIPBUILDING,1385909328.9962702,UNDEFINED,,KRW,,TRUE,PRESENT,2026-08-18,2026-08-18,Auto-classified by company-name keyword; review once.
"Jianglong Shipbuilding Co., Ltd. Class A",300589,China,SZSE,CNY,TRADINGVIEW_SCREENER,Producer Manufacturing,Trucks/Construction/Farm Machinery,SHIPBUILDING,745475372.1306499,UNDEFINED,,CNY,,TRUE,PRESENT,2026-08-18,2026-08-18,Auto-classified by company-name keyword; review once.
Knowledge Marine & Engineering Works Limited,KMEW,India,BSE,INR,TRADINGVIEW_SCREENER,Producer Manufacturing,Trucks/Construction/Farm Machinery,SHIPBUILDING,699339327.4025021,UNDEFINED,,INR,,TRUE,PRESENT,2026-08-18,2026-08-18,Auto-classified by company-name keyword; review once.
Lungteh Shipbuilding Co. Ltd.,6753,Taiwan,TWSE,TWD,TRADINGVIEW_SCREENER,Producer Manufacturing,Trucks/Construction/Farm Machinery,SHIPBUILDING,577881826.904279,UNDEFINED,,TWD,,TRUE,PRESENT,2026-08-18,2026-08-18,Auto-classified by company-name keyword; review once.
Abu Dhabi Ship Building Co.,ADSB,United Arab Emirates,ADX,AED,TRADINGVIEW_SCREENER,Producer Manufacturing,Trucks/Construction/Farm Machinery,SHIPBUILDING,478329230.09244996,UNDEFINED,,AED,,TRUE,PRESENT,2026-08-18,2026-08-18,Auto-classified by company-name keyword; review once.
Heavy Engineering Industries & Shipbuilding Co. (KSC),SHIP,Kuwait,KSE,KWF,TRADINGVIEW_SCREENER,Producer Manufacturing,Trucks/Construction/Farm Machinery,SHIPBUILDING,408629815.0572,UNDEFINED,,KWF,,TRUE,PRESENT,2026-08-18,2026-08-18,Auto-classified by company-name keyword; review once.
ASL Marine Holdings Ltd.,A04,Singapore,SGX,SGD,TRADINGVIEW_SCREENER,Producer Manufacturing,Trucks/Construction/Farm Machinery,SHIPBUILDING,249234871.886,UNDEFINED,,SGD,,TRUE,PRESENT,2026-08-18,2026-08-18,Auto-classified by company-name keyword; review once.
"Jong Shyn Shipbuilding Co., Ltd.",2644,Taiwan,TPEX,TWD,TRADINGVIEW_SCREENER,Producer Manufacturing,Trucks/Construction/Farm Machinery,SHIPBUILDING,227052189.09205,UNDEFINED,,TWD,,TRUE,PRESENT,2026-08-18,2026-08-18,Auto-classified by company-name keyword; review once.
Colombo Dockyard Plc,DOCK.N0000,Sri Lanka,CSELK,LKR,TRADINGVIEW_SCREENER,Producer Manufacturing,Trucks/Construction/Farm Machinery,SHIPBUILDING,150971650.357808,UNDEFINED,,LKR,,TRUE,PRESENT,2026-08-18,2026-08-18,Auto-classified by company-name keyword; review once.
Naikai Zosen Corporation,7018,Japan,TSE,JPY,TRADINGVIEW_SCREENER,Producer Manufacturing,Trucks/Construction/Farm Machinery,SHIPBUILDING,128076394.325475,UNDEFINED,,JPY,,TRUE,PRESENT,2026-08-18,2026-08-18,Auto-classified by company-name keyword; review once.
Santierul Naval Orsova SA,SNO,Romania,BVB,RON,TRADINGVIEW_SCREENER,Producer Manufacturing,Trucks/Construction/Farm Machinery,SHIPBUILDING,73083609.06858,UNDEFINED,,RON,,TRUE,PRESENT,2026-08-18,2026-08-18,Auto-classified by company-name keyword; review once.
Santierul Naval Constanta SA,SNC,Romania,BVB,RON,TRADINGVIEW_SCREENER,Producer Manufacturing,Trucks/Construction/Farm Machinery,SHIPBUILDING,44166561.12792,UNDEFINED,,RON,,TRUE,PRESENT,2026-08-18,2026-08-18,Auto-classified by company-name keyword; review once.
"Dongbang Ship Machinery Co., Ltd.",099410,South Korea,KRX,KRW,TRADINGVIEW_SCREENER,Producer Manufacturing,Trucks/Construction/Farm Machinery,SHIPBUILDING,33873850.595754005,UNDEFINED,,KRW,,TRUE,PRESENT,2026-08-18,2026-08-18,Auto-classified by company-name keyword; review once.
OXE Marine AB,OXE,Sweden,OMXSTO,SEK,TRADINGVIEW_SCREENER,Producer Manufacturing,Trucks/Construction/Farm Machinery,SHIPBUILDING,23180879.1058,UNDEFINED,,SEK,,TRUE,PRESENT,2026-08-18,2026-08-18,Auto-classified by company-name keyword; review once.
TAS Offshore Bhd.,TAS,Malaysia,MYX,MYR,TRADINGVIEW_SCREENER,Producer Manufacturing,Trucks/Construction/Farm Machinery,SHIPBUILDING,20369430.8237,UNDEFINED,,MYR,,TRUE,PRESENT,2026-08-18,2026-08-18,Auto-classified by company-name keyword; review once.
Western Marine Shipyard Limited,WMSHIPYARD,Bangladesh,DSEBD,BDT,TRADINGVIEW_SCREENER,Producer Manufacturing,Trucks/Construction/Farm Machinery,SHIPBUILDING,19261025.2775,UNDEFINED,,BDT,,TRUE,PRESENT,2026-08-18,2026-08-18,Auto-classified by company-name keyword; review once.
"Asian Marine Services Public Co., Ltd.",ASIMAR,Thailand,SET,THB,TRADINGVIEW_SCREENER,Producer Manufacturing,Trucks/Construction/Farm Machinery,SHIPBUILDING,11050881.36693,UNDEFINED,,THB,,TRUE,PRESENT,2026-08-18,2026-08-18,Auto-classified by company-name keyword; review once.
Garware Marine Industries Limited,GARWAMAR,India,BSE,INR,TRADINGVIEW_SCREENER,Producer Manufacturing,Trucks/Construction/Farm Machinery,SHIPBUILDING,1222394.98344,UNDEFINED,,INR,,TRUE,PRESENT,2026-08-18,2026-08-18,Auto-classified by company-name keyword; review once.
HD한국조선해양,009540,KR,KRX,KRW,NAVER_FINANCE,조선,조선,SHIPBUILDING,,UNDEFINED,,KRW,,TRUE,PRESENT,2026-08-18,2026-08-18,
HD현대,267250,KR,KRX,KRW,NAVER_FINANCE,조선,조선,SHIPBUILDING,,UNDEFINED,,KRW,,TRUE,PRESENT,2026-08-18,2026-08-18,
HD현대마린솔루션,443060,KR,KRX,KRW,NAVER_FINANCE,조선,조선,SHIPBUILDING,,UNDEFINED,,KRW,,TRUE,PRESENT,2026-08-18,2026-08-18,
HD현대마린엔진,071970,KR,KRX,KRW,NAVER_FINANCE,조선,조선,SHIPBUILDING,,UNDEFINED,,KRW,,TRUE,PRESENT,2026-08-18,2026-08-18,
HD현대중공업,329180,KR,KRX,KRW,NAVER_FINANCE,조선,조선,SHIPBUILDING,,UNDEFINED,,KRW,,TRUE,PRESENT,2026-08-18,2026-08-18,
KS인더스트리,101000,KR,KRX,KRW,NAVER_FINANCE,조선,조선,SHIPBUILDING,,UNDEFINED,,KRW,,TRUE,PRESENT,2026-08-18,2026-08-18,
STX엔진,077970,KR,KRX,KRW,NAVER_FINANCE,조선,조선,SHIPBUILDING,,UNDEFINED,,KRW,,TRUE,PRESENT,2026-08-18,2026-08-18,
Santierul Naval 2 Mai SA Mangalia,STNM,Romania,BVB,RON,TRADINGVIEW_SCREENER,Producer Manufacturing,Trucks/Construction/Farm Machinery,SHIPBUILDING,,UNDEFINED,,RON,,TRUE,PRESENT,2026-08-18,2026-08-18,Auto-classified by company-name keyword; review once.
대양전기공업,108380,KR,KRX,KRW,NAVER_FINANCE,조선,조선,SHIPBUILDING,,UNDEFINED,,KRW,,TRUE,PRESENT,2026-08-18,2026-08-18,
대창솔루션,096350,KR,KRX,KRW,NAVER_FINANCE,조선,조선,SHIPBUILDING,,UNDEFINED,,KRW,,TRUE,PRESENT,2026-08-18,2026-08-18,
대한조선,439260,KR,KRX,KRW,NAVER_FINANCE,조선,조선,SHIPBUILDING,,UNDEFINED,,KRW,,TRUE,PRESENT,2026-08-18,2026-08-18,
동방선기,099410,KR,KRX,KRW,NAVER_FINANCE,조선,조선,SHIPBUILDING,,UNDEFINED,,KRW,,TRUE,PRESENT,2026-08-18,2026-08-18,
메디콕스,054180,KR,KRX,KRW,NAVER_FINANCE,조선,조선,SHIPBUILDING,,UNDEFINED,,KRW,,TRUE,PRESENT,2026-08-18,2026-08-18,
삼성중공업,010140,KR,KRX,KRW,NAVER_FINANCE,조선,조선,SHIPBUILDING,,UNDEFINED,,KRW,,TRUE,PRESENT,2026-08-18,2026-08-18,
삼영엠텍,054540,KR,KRX,KRW,NAVER_FINANCE,조선,조선,SHIPBUILDING,,UNDEFINED,,KRW,,TRUE,PRESENT,2026-08-18,2026-08-18,
삼영이엔씨,065570,KR,KRX,KRW,NAVER_FINANCE,조선,조선,SHIPBUILDING,,UNDEFINED,,KRW,,TRUE,PRESENT,2026-08-18,2026-08-18,
세진중공업,075580,KR,KRX,KRW,NAVER_FINANCE,조선,조선,SHIPBUILDING,,UNDEFINED,,KRW,,TRUE,PRESENT,2026-08-18,2026-08-18,
에스앤더블류,103230,KR,KRX,KRW,NAVER_FINANCE,조선,조선,SHIPBUILDING,,UNDEFINED,,KRW,,TRUE,PRESENT,2026-08-18,2026-08-18,
엔케이,085310,KR,KRX,KRW,NAVER_FINANCE,조선,조선,SHIPBUILDING,,UNDEFINED,,KRW,,TRUE,PRESENT,2026-08-18,2026-08-18,
오리엔탈정공,014940,KR,KRX,KRW,NAVER_FINANCE,조선,조선,SHIPBUILDING,,UNDEFINED,,KRW,,TRUE,PRESENT,2026-08-18,2026-08-18,
인화정공,101930,KR,KRX,KRW,NAVER_FINANCE,조선,조선,SHIPBUILDING,,UNDEFINED,,KRW,,TRUE,PRESENT,2026-08-18,2026-08-18,
일승,333430,KR,KRX,KRW,NAVER_FINANCE,조선,조선,SHIPBUILDING,,UNDEFINED,,KRW,,TRUE,PRESENT,2026-08-18,2026-08-18,
제일테크노스,038010,KR,KRX,KRW,NAVER_FINANCE,조선,조선,SHIPBUILDING,,UNDEFINED,,KRW,,TRUE,PRESENT,2026-08-18,2026-08-18,
케이에스피,073010,KR,KRX,KRW,NAVER_FINANCE,조선,조선,SHIPBUILDING,,UNDEFINED,,KRW,,TRUE,PRESENT,2026-08-18,2026-08-18,
티엠씨,217590,KR,KRX,KRW,NAVER_FINANCE,조선,조선,SHIPBUILDING,,UNDEFINED,,KRW,,TRUE,PRESENT,2026-08-18,2026-08-18,
한국카본,017960,KR,KRX,KRW,NAVER_FINANCE,조선,조선,SHIPBUILDING,,UNDEFINED,,KRW,,TRUE,PRESENT,2026-08-18,2026-08-18,
한라IMS,092460,KR,KRX,KRW,NAVER_FINANCE,조선,조선,SHIPBUILDING,,UNDEFINED,,KRW,,TRUE,PRESENT,2026-08-18,2026-08-18,
한화엔진,082740,KR,KRX,KRW,NAVER_FINANCE,조선,조선,SHIPBUILDING,,UNDEFINED,,KRW,,TRUE,PRESENT,2026-08-18,2026-08-18,
한화오션,042660,KR,KRX,KRW,NAVER_FINANCE,조선,조선,SHIPBUILDING,,UNDEFINED,,KRW,,TRUE,PRESENT,2026-08-18,2026-08-18,
현대힘스,460930,KR,KRX,KRW,NAVER_FINANCE,조선,조선,SHIPBUILDING,,UNDEFINED,,KRW,,TRUE,PRESENT,2026-08-18,2026-08-18,
